400
7014 7896 8103 7547 8625 7654 8316 7703 7520 7604 7599 7732 7236 8004 8180 7807 8071 8073 7617 7784 8412 7496 7821 8002 8414 8274 7561 7922 8084 8033 7396 7186 7425 7608 8201 7982 7548 7641 7894 7771 7806 8088 7784 7629 7742 7618 8130 7945 8352 7905 7604 7679 8015 7751 8028 7905 7957 7982 8166 7685 7166 8013 7789 7878 7993 7492 8263 7850 7951 8483 8242 8340 7396 8112 7658 7340 7910 7702 8184 7576 7591 8054 7816 7767 7785 7782 8177 7593 8126 7749 7442 7641 7756 7694 7619 8305 8220 8254 8072 7877 7794 8554 7501 7729 7284 7724 8198 7838 7400 8102 7730 8006 7954 7677 8507 7608 7434 7287 7768 7940 8016 7742 7135 7717 7540 8384 7564 7455 8083 8385 8044 8043 7848 7406 8003 7749 7586 7737 8198 8085 7312 7917 7557 7164 7717 7658 7690 7820 7506 7528 7308 7800 8214 8156 7626 7913 7939 7282 7619 7768 8286 7838 7923 7639 7784 7686 7877 7772 7820 7874 8033 8303 7596 8487 8179 8165 7716 7971 7624 7873 7955 7914 7525 7725 7454 7956 8049 8266 7837 7368 7990 7431 7930 7501 8220 8106 7891 8281 7840 8011 7342 8166 7415 7578 7687 8006 7633 7589 8326 8036 7525 7363 8198 7872 7804 7860 7961 7673 8156 8030 7869 8758 8454 8050 7761 8398 7994 7990 7924 7676 7639 8003 7702 7800 7986 7455 7754 7767 7900 7939 7605 7508 7505 7999 7773 7976 7392 7618 7385 8016 8221 8008 7998 8061 7924 8062 7699 8234 7873 7800 7834 7881 8102 7701 8010 7507 7483 7839 7870 7619 8207 8064 7903 7686 7907 7740 8293 7722 7547 7941 7113 7574 7934 7538 7765 7463 7758 7795 8060 7809 7199 7666 8058 7710 7815 7544 7863 7917 8162 7529 7698 7646 7928 7913 8049 7746 8112 7695 7934 7802 8037 7222 7995 7755 7836 7551 7426 7684 8274 7615 8513 7699 7804 7523 7809 6917 7364 7760 8494 7452 7755 7467 8049 7808 7732 8138 8240 7847 8126 8125 7826 7974 7335 8126 7603 7823 7364 7821 8010 8074 8114 7819 7752 7488 8281 8083 8170 7746 7309 7725 7337 7789 7567 7884 7732 7382 7993 8286 7908 7753 7841 7784 7855 7812 7933 8122 7741 7941 7119 7807 7815 7351 7720 7819 7978 8246 7341 7618 8010 8018 7946 7705 8136 7611 7705 7950 7715 7742 8166 8202 
7199 8519 8653 8046 8476 7697 8573 7807 7929 7435 8124 7795 7272 8526 8364 7897 8141 8208 7760 8158 8415 7765 7726 8374 8412 8175 7475 8033 7945 8021 7695 7458 7992 7923 8143 8375 7776 7900 8234 7810 8037 8147 8044 8078 8035 7815 8329 8001 8402 8417 7876 8020 8313 7592 8165 8491 7952 8124 8302 7839 7858 8393 7939 7953 8503 8001 8229 8028 8443 8443 8249 8235 7493 8201 7988 7361 8100 8005 8269 7741 7727 8191 7994 8200 7958 8136 8180 7973 8299 8172 8036 7941 8403 7628 7667 8462 8261 8532 8357 8176 8015 8714 7782 8487 7769 8015 8710 8210 7553 7905 7966 8292 7707 7398 8424 7842 7646 7497 7881 8206 7966 7874 7338 8442 7813 8728 7914 7927 8463 8275 7715 8201 7865 7695 7915 8045 7890 8178 8159 8357 7880 8298 8080 7542 8099 8373 7969 8677 7805 8231 7879 8220 8420 8395 7519 8033 7991 8123 7724 8324 8141 7954 8055 7669 7960 8099 8352 7960 7588 8227 8249 8756 7832 8769 8437 8299 7711 8466 7760 8209 8350 8054 7841 7841 8005 8309 8206 8293 8116 7323 8385 7514 7877 8385 8438 8009 8009 8618 8257 8260 7837 8437 8192 7522 8285 7964 7857 8384 8681 7991 7556 7933 8667 8285 8195 8034 8162 7643 8216 7913 8331 8682 8619 8404 7929 8309 7731 7981 8051 7622 8163 8238 8069 8193 8182 7339 7386 8633 8059 8333 7873 7648 7604 8222 7938 8215 7687 7930 7944 8441 8555 7837 7980 8416 7993 8585 7678 8767 7730 8150 7811 7754 8348 7999 8103 7872 7712 7853 8149 7773 8424 8426 8374 7974 8028 7719 8397 7795 7998 8169 7450 7903 8120 7464 8082 7836 7674 8257 8169 7959 7563 7815 8232 7992 8169 8065 8007 8177 8245 8278 8116 7963 8103 8147 8423 7928 8228 7998 8006 8159 8301 7256 8011 7963 7805 7908 7770 8011 8440 7671 8609 8051 8136 7967 7947 7395 7804 7773 8556 7843 7931 7824 8167 8369 8002 8124 8286 8077 8344 8458 8086 8148 7611 8483 8144 8263 7547 8224 7982 8565 8351 7925 7920 7962 8701 8041 8451 7754 8034 7743 7693 7807 7888 8154 7713 8146 8385 8510 8562 7998 8091 7749 8407 7790 8199 8133 8061 7621 7681 7801 7896 7655 8214 8025 7858 8211 7232 7839 8010 8340 7993 7490 8157 7967 7933 7969 7843 8101 8334 8107 
7067 8040 8129 7873 8479 7848 8705 7854 7832 7838 7668 7598 7475 8191 8224 8028 8398 8569 7630 7771 8334 7484 7896 8394 8247 8248 7891 8340 8075 8259 7756 7495 7802 8029 8318 8003 7759 8001 8193 7674 7766 8275 7979 8093 7907 7864 8364 8109 8476 7898 7520 7900 8277 7860 8591 8450 7979 8192 8478 7932 7565 8202 8110 7907 8172 7718 8221 8262 8261 8165 8411 8446 7613 8277 7827 7707 8135 8056 8127 7188 7894 8398 8134 8052 8304 7729 7758 7855 8393 7922 8106 7962 8026 7993 7598 8328 8517 8657 8506 7869 8243 8593 8015 8313 8097 8239 8910 8126 7569 8170 8054 8121 7736 7871 8551 7980 7379 7512 8017 8324 7929 7903 7481 7931 7529 8560 8212 7880 8382 8488 8112 8241 7803 7816 8076 7727 8112 8076 8122 7955 7709 8104 8006 7630 8414 8077 7886 8448 7745 7815 7780 8116 8204 8362 8228 8358 8172 8085 8053 7960 8097 8287 8156 8094 7835 8211 8501 7848 8126 7980 8070 8909 7928 8563 8347 8099 7965 8431 7578 8325 8724 8272 7682 7760 7818 8250 8332 8331 7948 7511 8188 7832 8012 8035 8796 8293 8217 8851 8175 8393 7893 8388 8076 7731 7959 8383 7575 7988 8248 8323 7831 7470 8578 8385 8040 8074 8224 7832 8428 8059 8088 8966 8371 8517 7910 8265 7654 7918 8011 7830 8006 8363 7826 7749 7855 7610 7539 8560 8247 8207 8392 7647 7763 8162 7892 8383 7794 8071 8024 8158 8364 8194 8175 8310 7964 8275 7659 8530 8051 8257 8375 8030 8141 8187 8255 7842 7998 7944 8141 7938 8291 8542 8307 8345 7908 7814 8537 7889 7809 8505 7685 7874 8711 7742 7902 7654 7590 7920 8369 8234 7342 7904 8140 7940 8177 8145 7785 8240 8382 7999 7720 8035 8118 8360 8180 8162 8370 8150 8178 8282 8422 7535 7968 8203 7648 7922 7489 8175 8142 7835 8733 8322 8320 7773 8098 7177 7980 8038 8644 7444 7822 7524 8246 8268 8177 8317 8511 8145 8320 8475 8139 8031 7927 8401 7739 8150 7679 8044 8019 8197 8401 8066 8201 7896 8585 8365 8230 8196 7756 7809 8047 8021 8034 8659 7780 7800 8049 8251 8236 8042 8057 7573 7916 7681 8184 8138 7897 8196 7282 8175 8377 7707 8088 8032 8556 8337 7531 7906 8327 8425 8088 7950 8315 7739 7953 7803 8054 8078 8497 8410 
7706 8588 8462 8139 9049 8087 8648 8173 8371 8121 8316 8243 7917 8598 8416 8315 8821 8731 7853 8365 8752 7846 8451 8784 8820 8864 8014 8448 8440 8892 8099 7904 8437 8727 8653 8493 8157 8111 8513 8015 8338 8616 8053 8358 8177 8061 8751 8087 8609 8457 7754 8350 8879 7913 9007 8344 7966 8733 8448 8407 8358 8545 8121 8281 8464 8002 8322 8340 8652 8614 8948 9117 8221 8813 8372 7980 8712 8102 8820 7767 8029 8450 8543 8397 8476 8282 8650 8104 8522 8089 8298 8443 8486 8057 8449 8984 8752 9075 8540 8143 8539 8907 8450 8999 8371 8573 9054 8470 8029 8543 8325 8588 8143 8006 9130 8119 7982 7932 8048 8430 8342 7964 7822 8088 8135 9150 8443 8030 8756 8766 8343 8937 8541 8311 8528 8302 8183 8281 8671 8433 7871 8574 8248 7768 8446 8677 8409 8944 8156 8483 7744 8414 8661 8772 8435 8482 8696 8361 8225 8198 8476 8392 8371 8201 8207 8728 8362 8224 8176 8467 8568 9108 8080 9027 8412 8348 8234 8752 8347 8259 8682 8242 7919 8375 8247 8453 8926 8890 8456 7545 8524 7712 8375 8186 9137 8660 8666 9066 8881 8462 8017 8808 8366 7824 8207 8523 8227 8524 8597 8820 8194 8043 8578 8525 8407 8360 8681 8475 8394 8359 8482 9188 8952 8455 8340 8549 7985 8405 8255 8120 8184 8702 7870 8319 8396 8063 7765 8691 8638 8544 8259 8604 8041 8514 8461 8791 8216 8343 8187 8803 8493 8511 8848 9067 8389 8558 8445 8919 8191 8909 8378 8479 8757 8449 8710 8331 8403 8122 8176 8178 8385 8860 8599 8057 8451 8223 8510 8245 8275 8398 7839 8495 8451 7710 8301 7834 8258 8593 8578 8472 7690 8133 8663 8467 8628 8109 8244 8693 8695 8371 8285 8213 8104 8822 8692 8450 8840 8283 8603 8655 8745 7746 8424 8617 8171 8213 8141 8187 8638 8271 9246 8272 8406 8396 8532 7651 8346 8239 8836 7861 8383 8022 8818 8506 8039 8527 8870 8508 9066 9106 8260 8270 8320 8591 8083 8588 8058 8286 8172 8955 8635 8239 8453 7960 8763 8600 8900 8374 7948 8240 7893 8197 8519 8574 8495 8197 8451 8622 8714 8325 8154 8240 8262 8326 8612 8408 8343 8521 7906 8112 8426 8134 8556 8368 8128 8632 7532 8152 8707 8572 8634 8167 8456 8026 8367 8557 8257 8353 8511 8814 
7447 8305 8337 7940 8702 7627 8499 7833 7892 8220 8150 7973 7929 8716 8602 8189 8559 8314 8236 7971 8613 7991 8211 8453 8553 8130 8085 8203 8004 8641 8139 7760 8650 8249 8208 8409 7850 8106 8067 8025 8074 8381 8070 7876 7897 7584 8766 8019 8574 8327 8025 8334 8170 8208 8635 8636 7900 8654 8482 8158 8108 8447 8392 7955 8481 8033 8451 8101 8462 8584 8297 8520 7755 8302 7959 7839 8119 7987 8476 7482 7962 8129 8361 8208 8472 7835 8182 8089 8155 8216 8020 8114 8338 8082 8265 8841 8765 8318 8694 8039 8290 8533 8052 8732 8257 8487 8254 8299 8029 8187 8247 8445 8192 7805 8587 8026 8100 7994 8009 8502 8419 8036 7525 7689 8194 8756 8406 7809 8552 8542 8351 8615 8161 7561 8351 8190 7956 8212 8473 8201 8012 8378 8182 7647 8121 8263 8035 8880 7782 8142 8142 8204 8748 8508 8262 8365 8475 8173 8118 8330 8863 8235 8289 8441 8355 8310 8579 7884 8479 8359 8376 8671 8015 8765 8392 8225 8037 8465 7701 8202 8893 8142 7862 8335 7856 8461 8549 8542 8234 7482 8375 7555 8191 7915 8707 8091 8397 8536 8273 8461 8407 8680 8010 7550 8009 8149 8056 8010 8252 8732 7655 8030 8636 8466 7961 8308 8193 7963 8038 8251 8591 8695 8744 8635 8428 8555 8466 8266 8056 7944 8370 8121 8217 8200 7872 7565 8040 8682 8454 8239 8264 8400 7606 8471 8582 8489 7977 8298 8006 8481 8329 8156 8228 8881 8054 8458 8019 8801 7727 8578 8327 8093 8572 8252 8771 8043 8123 7979 8648 8084 8520 8679 8316 8325 8023 7834 8660 8183 8545 8645 7411 8106 8610 7770 8404 7870 7985 8410 7968 8187 7640 7786 8371 7882 8630 7892 8025 8056 8768 7837 8190 8095 7988 8449 8490 8538 8581 8153 8459 8702 8724 7549 8349 8282 8288 8011 7741 8141 8512 8265 8766 8367 8172 8541 8037 7461 7731 8381 8511 7814 8060 8042 8626 8423 8407 8194 8441 8332 8999 8614 8094 8623 8397 8438 8010 8378 7600 8301 8193 8778 8498 8424 7977 8302 8464 8377 8824 7976 7721 8396 7742 7831 8423 8272 8093 7884 8081 8488 8185 8370 8387 8033 8374 8202 8176 8209 8167 8566 7597 7997 8533 7867 8615 8291 8364 8843 7959 8027 8548 8839 8536 8104 8359 7811 8397 7991 8201 8132 8264 9151 
7485 8060 8253 8211 8200 8037 8304 7656 8083 7696 8190 8013 7667 8102 7996 8021 8385 8025 7855 7926 8456 7627 8031 8098 8474 8413 7768 8023 7870 8214 7227 7283 7895 7819 8007 8177 7704 8080 7941 7858 8203 8374 7838 8212 7677 7817 8216 8068 8327 8157 8081 7892 8286 7868 8384 8277 8128 8474 8450 7795 8115 8324 8062 8009 8393 7924 8116 7911 8231 8617 8028 8091 7493 8207 8093 7531 8024 8416 8188 7827 7577 8052 7975 7956 8244 7916 7840 7969 8347 7794 7748 7849 7987 7739 7908 8220 8517 8487 8156 7915 8158 8352 8080 8498 7866 8032 8441 8155 7947 8000 8041 7901 7641 7741 8601 8106 7638 7458 7682 8145 8105 7963 7615 7678 8004 8240 7819 7883 8342 8655 7901 8214 7735 7896 7768 8103 7640 7914 8523 8069 7954 8260 7803 7459 8004 8051 7622 8373 7462 7926 7696 7744 8271 8106 7822 7888 8056 8190 7507 8160 8271 8411 8233 7667 7836 7974 7964 8127 7487 7925 8352 8623 7990 8348 8081 8047 8021 8444 8069 8162 8232 8044 7805 7850 7956 7915 8272 8197 8324 7512 8068 7663 8100 8366 8665 8145 7895 8765 8123 8567 7765 8069 8110 7846 8081 8181 7954 7922 8287 8353 7930 7580 8479 8226 7767 7644 7986 7594 8331 7886 7986 8804 8530 8391 7774 7945 7839 7800 8069 7598 8155 8325 7723 7847 8034 7587 7638 8396 8136 7819 7742 7860 7606 8059 8239 8160 7992 7972 7928 8528 8339 8020 7883 8643 8091 8026 7915 8405 8273 8022 8102 7973 8253 7858 8439 7719 7850 7763 8113 7977 8387 8439 8507 8092 7772 8052 8369 7983 8036 8134 7514 7787 8230 7266 8221 7711 7671 8260 8056 7654 7482 8161 7939 8072 8414 7809 8107 7991 8057 7786 8072 8108 8037 8829 8459 8468 8475 8045 8018 8555 8227 7365 8015 7603 8125 7967 8080 8118 8277 7936 8968 8233 8339 7881 8307 7296 8050 8173 8228 8193 7927 7642 8186 8081 8261 7873 8528 8033 8242 8081 7927 8115 7627 8411 7841 7996 7474 7859 8046 8514 8086 7580 8013 7847 8873 8238 8393 7978 7650 7666 7604 7673 8121 8252 8118 7663 8046 8541 8474 7809 8053 7912 7919 8222 8305 8195 7956 7817 7695 7884 8000 7864 7976 8167 8355 8113 7340 7872 8258 8320 8335 7702 8131 7734 7959 8066 8008 8203 8590 8561 
7399 8851 8291 8178 8659 7914 8474 8263 8027 7871 8101 7966 7942 8686 8575 8516 8573 8773 8090 8334 8764 8018 8066 8522 8775 8489 8201 8319 8350 8315 8174 7871 8223 8254 8452 8391 7898 8020 8061 8230 8337 8538 8118 8086 8098 7893 8540 7749 8558 8492 7961 7888 8407 8389 8749 8614 7989 8911 8462 8332 8146 8298 8257 8063 8707 7961 8505 8519 8492 8644 8418 8505 7840 8513 8049 8095 8320 8377 8708 7310 8094 8227 8280 8393 8716 7944 8226 8019 8665 8103 8041 8079 8654 8258 8223 8670 8662 8591 8741 8347 8531 8825 7898 8748 8172 8378 8629 8399 8182 8471 8314 8736 8069 7866 8929 8221 7828 7943 8194 8521 8406 8520 7642 8016 8445 8848 8362 7997 8451 8736 7966 8745 8133 7947 8107 8098 7916 8209 8450 8138 8059 8512 8277 7714 8476 8616 8201 8820 7966 8269 8051 8312 8869 8569 8109 8326 8582 8429 7841 8359 8518 8313 8280 8603 8367 8353 8583 8273 8443 8198 8638 8873 8082 8809 8252 8427 7790 8140 8012 8055 8622 8118 8090 8346 7896 8547 8593 8798 8490 7728 8696 7699 8237 8123 9274 8325 8333 8616 8454 8565 8401 8499 8031 7516 8344 8330 8225 8083 8456 8296 8091 7832 8301 8385 7996 8180 8415 7972 8385 8340 8426 8682 8931 8332 8245 8350 8396 8363 8134 7747 8345 8196 8245 8139 8019 7856 7748 8497 8517 8004 8385 7882 7950 8767 8369 8327 8233 8283 7795 8740 8489 8337 8211 8675 8327 8722 7757 8820 8223 8366 8548 8610 8851 8267 9012 7817 8206 8197 8738 8128 8741 8553 8278 8207 8329 8108 8802 7988 8130 8591 7863 7870 8878 7634 8200 8022 8298 8233 8440 8312 7683 7996 7942 8161 8666 8303 7777 8314 8593 7912 8290 8157 8507 8849 8495 8738 8533 8504 8329 8738 8684 7769 8422 8612 8208 8085 7937 8358 8495 8357 9284 8100 8379 8269 8293 7392 8008 7902 8743 8109 8339 8001 8682 8392 8235 8396 8752 8128 9106 8668 8051 8460 8165 8579 8288 8268 7688 8387 8377 8478 8470 7903 8145 8224 8768 8521 8771 8112 7903 8341 7950 8046 8028 8579 8110 8212 8291 8628 8317 8389 8446 8188 8379 8376 8561 8462 8275 8448 7758 7874 8455 7936 8459 8367 8412 8374 7537 8282 8151 8911 8650 8261 8223 8118 8194 8466 8224 8422 8573 8798 
7263 7955 8101 8209 8628 7942 8739 7889 7614 7972 8192 8105 7523 8258 8493 8079 8414 8212 7858 8054 8291 7668 8198 8541 8561 8371 7467 7984 7994 8180 7613 7612 7628 8453 8304 8204 7648 7822 8172 7898 7997 8243 8140 7866 7776 7756 8493 7894 8452 8230 7671 7818 8213 7797 8522 8469 7803 8482 8731 8085 7822 8787 8137 8062 8126 7978 8493 8039 8262 8587 8341 8533 7364 8793 8021 7604 8221 8103 8855 7602 8277 8480 8231 8268 8292 7745 8318 7615 8041 7876 8050 8122 8165 7718 8110 8334 8522 8629 8372 8097 8037 8578 8093 8437 8094 8162 8556 8304 8131 8376 8410 8164 7721 7739 8915 8062 7794 7658 8027 8451 8203 8120 7786 7913 8195 8518 7989 7800 8009 8685 7938 8565 8066 7837 8058 8257 7828 8390 8565 8263 7735 8242 8055 7596 8288 8153 7815 8682 7723 8237 7749 8113 8799 8492 7802 8220 8337 8056 7772 7941 8365 8126 8317 7908 7809 8175 8065 8234 7896 8178 8688 8535 7938 8772 8345 8304 8208 8068 8056 7822 8867 7870 8016 7802 7841 8071 8680 8412 8170 7614 8095 7512 7998 7882 8833 8305 8901 8489 7930 7978 7786 8486 8246 7449 7929 8581 8260 8048 8297 8386 7750 7853 8617 8221 7755 8058 8230 7853 8203 8084 8525 8662 8423 8152 7896 8154 7714 8080 8150 7695 8287 8625 7449 8013 8097 7409 7744 8628 8417 8075 7883 8227 7713 8184 7900 8540 7951 8458 7983 8255 8364 7787 8441 8900 8274 8146 7921 8375 8208 7908 8070 8061 8240 7889 8493 7933 7609 8003 8235 8171 8501 8406 8244 8076 8060 7697 8464 8048 8074 8324 7668 7993 8365 7724 8132 7526 7697 8199 8027 7701 7588 8124 8340 8017 8375 7723 7927 8511 8415 8232 8146 7957 7934 8378 8460 8374 8409 7976 8231 8259 8227 7578 8388 7842 7886 7813 7823 8249 8372 8321 8947 8014 7981 8208 8086 7555 7803 7747 8473 7678 7965 7935 8271 8118 8221 8374 8661 7846 8226 8446 8112 8154 7745 8192 7837 8254 7971 8185 8155 8652 8463 8197 7621 7731 8434 8154 8543 7775 7599 7935 7868 7904 8320 8288 7953 7811 8533 8494 8683 8173 8026 7727 7743 8256 8109 8276 8351 8251 7596 8078 8127 7771 8421 8018 8280 8231 7586 7806 8462 8351 8383 8214 8341 7727 8075 8367 7972 8421 8568 8702 
7139 7992 7994 7678 7786 7453 8398 7644 7541 7780 7904 7614 7334 8216 8088 7792 7993 7830 7726 7879 8357 7619 7895 8211 7959 8017 7524 8036 7767 8169 7702 7322 7678 7831 8092 7797 7702 7557 7933 7614 7719 7955 7664 7839 7466 7570 8374 7684 7989 7968 7720 7619 8122 7658 8534 8175 7438 8207 8370 7630 7544 7924 7829 7500 7908 7840 7832 8051 7970 8061 8285 8514 7173 8062 7634 7258 8144 7899 8127 7466 7663 8070 7964 7612 7442 7423 7950 7692 7733 7405 7545 7966 8083 7354 7444 7917 8387 8260 8352 7547 8010 8093 7702 8226 7968 7871 8336 7762 7626 7980 7601 8059 7367 7249 8547 7390 7466 7283 7503 7844 8015 7696 7400 7661 7558 8241 7636 7492 8315 8408 8026 7898 7538 7749 7544 7808 7415 7775 8147 7733 7506 7908 7446 7151 7633 8097 7674 8350 7587 7916 7488 8055 7792 7970 7783 7979 7771 7836 7738 8062 7974 7765 7987 7547 7792 8030 8276 7687 7978 7943 8101 8318 7545 8453 7873 7753 7765 7860 7544 8154 8430 7763 7592 7829 7663 8180 7648 8254 7881 7125 8054 7642 7924 8008 8218 8064 7899 8526 7934 7923 7649 8301 7757 7508 7766 8059 7868 7903 8010 8271 7592 7509 8401 7828 7744 7596 7729 7701 8067 7360 7924 8550 8208 8051 7624 7905 7484 7563 7697 7504 7697 8250 7631 7573 7910 7142 7227 8086 8083 7857 7489 7817 7528 8410 7526 8256 7758 7555 7583 8099 8003 7803 8325 8220 7858 8015 7819 8025 7858 7516 8004 7630 8119 7811 7830 7845 7638 7875 7892 7887 8179 8111 7891 7879 7841 7683 8080 7563 7993 8068 7294 7546 8152 7492 7871 7455 7613 8154 8115 7611 7344 7806 8298 7570 8588 7425 7857 8154 7981 8001 8038 7538 7949 8521 8201 7853 8088 7896 7920 7911 7735 7300 7851 7719 7672 7573 7282 7776 8154 7957 8472 8110 7941 7664 7978 7372 7689 7879 8298 7380 7509 7501 7797 8047 7959 7812 8166 7629 7782 8196 8038 7732 7483 7990 7531 8152 7480 7692 7808 7896 8060 7610 7400 7744 7862 7852 8262 7589 8001 7703 7241 7346 7846 8116 7732 7668 7516 7927 8069 7872 7690 7743 7834 7787 7869 7919 7902 7910 7117 7998 8317 7674 7808 7820 7782 7935 7446 7664 7632 7965 7695 7709 7921 7647 7878 7918 8227 8009 8032 8702 
7221 8040 8045 7707 8166 7877 8779 7861 8132 7854 7765 7566 7370 8305 8013 7890 8280 8306 7655 7849 8194 7704 8011 8299 8259 8078 7540 7956 7897 8307 7766 7338 8040 7840 8401 8083 7717 7938 7857 7928 8018 8287 7862 7825 7633 7776 8409 8063 8281 8208 8010 7982 8241 7363 8496 7887 7388 8350 8219 7753 7563 8206 7903 8029 8120 7986 8172 7836 8219 8084 8364 8404 7593 8301 7702 7436 8021 8009 8519 7546 8041 8314 7984 7914 7771 7561 8273 7633 8097 7885 7753 7675 8059 7606 7861 8440 8400 8478 8289 7873 8103 8529 7808 8301 7867 8164 8363 7909 8066 7987 7881 7932 7880 7507 8910 7903 7573 7396 8079 7860 8069 7940 7474 7452 7925 8635 7743 7644 8209 8707 7967 8117 7926 7713 7877 8178 7815 8312 8356 8040 7602 8154 7887 7515 7867 8009 7706 8529 7671 8025 7998 7858 8363 8502 7833 8112 8248 8143 7644 8047 8234 8027 8229 7811 8137 7863 7990 8166 7935 8155 8177 8697 7780 8539 8232 8118 8132 8426 8228 7828 8256 7897 7547 7827 7634 8025 8281 8354 7941 7479 7896 7681 7934 7876 8203 8138 8229 8666 8102 8391 7795 8254 7897 7639 7998 8210 7971 7984 8061 8154 7795 7749 8523 8175 7744 8008 7633 7994 8181 7757 8308 8511 8445 8191 7649 8129 7739 7713 7689 7629 8211 8282 7957 7702 7861 7469 7513 8286 8238 7886 7965 7890 7527 8331 8080 8397 7861 7789 7751 8501 8200 7969 8270 8366 7810 8346 7798 8641 7782 8224 8037 7868 8536 7975 8343 8095 7519 7695 7926 7672 8141 8346 8205 7743 7745 7563 8292 8079 7858 8383 7487 7680 7929 7575 7997 7447 7906 8194 8090 7957 7565 8129 8078 8008 8297 7573 7940 8243 8184 7767 7823 7728 7786 8305 8184 7743 8351 7836 8322 8014 7937 7411 8052 7880 7964 7751 7781 7605 8028 8072 8977 7908 8063 7956 7921 7562 7602 8256 8411 7840 8051 7856 8120 8113 8009 8052 8494 8003 8368 8149 7793 8012 7800 8283 7789 8206 7464 7856 8256 8436 8355 7815 7871 7703 8667 8064 8216 7866 7719 8035 7913 7791 7911 8078 8008 7765 8313 8318 8178 8000 8008 8054 7955 7763 8115 8135 8050 7650 7668 8053 8137 7262 8143 7935 8063 8046 7459 7768 8114 8499 8391 7518 7969 7642 7684 7999 7949 8109 8203 8513 
7435 8133 8258 7762 8531 8116 8624 7707 7930 7684 7983 7931 7647 8316 8393 8043 8309 8096 7866 7824 8578 7614 7781 8300 8426 8139 7868 8161 7927 8023 7695 7434 7884 7857 8358 8077 7542 7838 7918 7793 7928 8419 8186 7753 7883 7979 8290 7778 8284 8166 8104 8005 8118 7810 8500 8139 7686 8470 8358 8280 7883 8431 7892 7614 8417 8132 8259 7868 8390 7980 8050 8174 7636 8105 7849 7473 8014 7951 8564 7369 7947 8118 7716 7951 8362 7755 8326 7921 8018 7841 7710 8002 8324 7479 7683 8441 8426 8482 8533 7848 7955 8125 7805 8686 8136 8382 8725 8311 7857 7946 8127 7939 7621 7607 8198 8046 7558 7982 7777 8310 7984 8025 7549 7666 8230 8644 7978 7624 8410 8729 8178 8005 7997 7965 8366 8040 7963 8166 8292 8005 7993 8259 7856 7435 7987 8134 7739 8491 8000 8070 7706 8138 8724 8183 7847 8141 8149 7877 7925 8079 8363 7862 8095 8057 7751 8189 7969 7910 7894 7970 8421 8478 7882 8630 8391 8031 7645 8232 7951 8081 8398 8089 7522 8309 7644 8251 8341 8263 8177 7475 8149 7473 8002 8000 8889 8019 8093 8769 8375 8619 8120 8103 8138 7658 7804 8175 8146 8107 8353 8280 7647 7629 8446 8145 7956 8189 8174 7652 8234 7948 8156 9121 8498 8353 8064 8284 7950 8023 8338 7798 7769 8583 7878 7862 8200 7702 7291 8465 8319 8240 7804 7639 7831 8439 7929 8222 7695 8049 7775 8221 8559 7919 7849 8728 7982 7779 7776 8344 8152 8363 7780 8249 8280 8133 8457 7980 8044 7906 8182 7941 8309 8609 8202 7947 7884 7894 8796 7679 8210 8426 7744 7852 8381 7817 8203 7661 7850 8383 8094 8079 7378 7954 8310 7996 8169 7928 8338 8038 8356 8267 7850 8118 7847 8303 8228 8175 7960 8499 8218 8233 8349 7406 7899 7920 8251 7712 7667 8095 8285 7836 8590 7880 7891 8051 8135 7326 7722 7944 8644 7455 7713 7492 8476 8246 8099 8249 8750 7869 8349 8217 8022 8297 7769 8373 8043 8014 7356 8265 7920 8503 8198 7882 7907 8106 8405 8257 8475 8105 7864 7795 7741 8041 7651 8326 7884 7687 8125 8462 8154 7745 7904 8297 7859 8002 8273 8107 8141 8117 7532 7952 8237 7813 7938 7643 8292 8410 7517 7991 8212 8246 8008 7854 8091 7907 7885 8181 7562 8039 8074 8413 
7100 7959 7906 8050 8494 7741 8345 7674 7491 7695 8261 7705 7371 8464 8494 7673 8269 8138 7748 7865 8094 7466 7769 8316 8597 8186 7500 7879 7755 8246 7679 7699 7897 7782 8029 8343 8043 7398 8122 7781 7938 8363 7920 7986 7685 7639 8285 7524 8214 8111 7503 7450 8109 7963 8242 8182 7912 8137 8505 8130 7794 7951 7768 8298 8097 7945 7666 7705 8189 7955 8295 8297 7515 7799 7779 7140 8126 7814 8200 7208 7585 8074 7866 7924 8098 7588 7767 7654 7883 7754 7666 7890 8121 7540 7513 8258 8357 8512 8668 7608 7639 8418 7792 8418 7643 7852 8120 7991 7631 7958 7754 8331 7849 7609 8543 7715 7524 7716 7799 7978 8162 7826 7322 7716 7813 8657 7774 7554 8138 8455 7915 8012 7620 7826 7776 7601 7895 7933 8138 7908 7533 8149 7861 7163 7660 8171 7746 8339 7581 8027 7620 8058 7952 8050 8008 7886 8081 7704 7754 7954 8175 8212 7974 8026 8014 7957 8061 7968 7700 7973 8351 8179 7486 8328 7916 7859 7833 7916 7465 7972 8351 7993 7695 7763 7633 8282 8123 8213 8085 7336 8049 7805 7823 8068 8344 7869 7958 8110 7893 7934 8212 8234 8121 7529 7854 8043 7723 7622 8321 8153 7319 7541 8784 7999 7614 8062 7590 7574 8008 8086 7944 8289 8321 8014 8032 7822 7907 7837 8073 7365 7666 8062 7781 8056 8096 7640 7504 8251 7735 7910 7703 7777 7617 8239 7871 8137 7739 7943 7867 8135 8208 7828 7913 8019 7767 8032 7576 8250 7693 8062 7676 7810 8207 8166 8263 7606 7497 7673 8187 7842 8019 8544 8021 8212 8222 7522 8635 7575 7862 8266 7425 7799 8225 7502 7720 7239 7871 7923 7956 7739 7132 7700 8208 7485 8091 8066 7641 8033 8640 7697 7778 7782 7904 8218 7984 8361 8388 7753 7567 8148 8143 7520 8193 7921 7947 7806 7685 7801 8510 7939 8368 7936 7920 7961 7969 7220 7959 7612 8177 7430 7942 7796 8314 7595 7890 8124 8297 8248 8317 8487 7853 8010 7693 8174 7655 8410 7661 8214 7583 8426 8114 7762 7749 7577 8186 8064 8436 7788 7593 7771 7775 7619 7974 8371 7798 7777 7938 8198 7935 7955 7843 7627 8150 8050 7628 8088 7497 8075 7364 8004 8184 7631 8038 7795 7923 8235 7588 7913 8253 8018 8163 7509 7851 7556 7839 7795 7804 7892 8407 8422 
7192 8151 7921 7790 8465 7289 8169 8029 7507 7604 7749 7824 7330 8187 8112 8265 8115 8235 7615 7702 8216 7455 7833 8131 8424 8127 7498 8026 7820 8074 7579 7217 7832 8266 8275 7898 7625 7869 7904 7656 8129 7904 7553 7742 7651 7731 8015 7297 8293 7730 7378 7610 8165 7666 7934 8243 7574 8404 8225 7724 7511 8191 8047 7676 7992 7810 7928 7956 8012 8117 8158 8072 7528 7914 7564 7439 7832 7955 8095 7438 7411 7996 8008 7725 7584 7645 7910 7863 7890 7615 7478 8075 7849 7553 7597 7815 8409 8519 8288 7761 7856 8138 7380 8272 8000 8188 8479 8283 7266 7678 7755 7975 7508 7284 8144 7709 7272 7233 7556 8134 7767 8100 7292 7423 7825 8482 7845 7382 7825 8220 8029 8276 7874 7612 7644 7637 7787 7957 7908 7460 7337 7984 7827 7543 8047 8091 8028 8086 7418 7536 7541 7597 8386 7794 7758 7997 7920 7779 7453 7695 8180 8130 8013 7978 7788 7930 8216 7596 7888 8050 8336 8422 7368 8765 8074 8027 7606 7573 7684 7864 8045 7603 7518 7854 7651 7784 8089 8389 7793 7010 8221 7418 7791 8174 8620 7890 8351 8696 7912 7733 7593 8014 7779 7442 7806 8257 7596 7736 8066 7775 7484 7866 8483 7872 7446 7868 7965 7870 8052 7869 7872 8399 8335 8204 7896 8250 7588 7877 7874 7204 7764 8174 7659 7804 8020 7194 7573 8273 8112 7935 7634 7794 7405 7795 7633 8037 7526 8087 7770 7951 8284 7688 8143 8504 7863 8343 7510 8143 7429 8120 7924 7834 8276 7848 8179 7826 7687 7669 8055 8061 8479 8140 7839 8095 7984 7650 8187 7639 7878 8026 7622 7722 8083 7472 7706 7813 7826 7784 8293 7626 7249 7754 7974 7708 8076 7872 7748 7939 8279 7962 7733 7720 8125 8119 8185 8060 8022 8001 8070 8030 8007 7647 7749 7856 7567 7999 7527 7928 8258 7807 8577 7567 7749 7712 7855 7143 7584 7790 8312 7358 7580 7591 8201 7945 7953 8113 7887 7503 8216 8365 7761 7898 7815 8140 7600 7811 7522 7965 7978 8515 7798 7592 7685 7646 8031 7927 8224 7703 7829 7714 7905 7837 7749 8114 7685 7797 7675 7933 8154 7969 7538 7753 7586 7884 7649 8015 7894 7996 7123 7935 7742 7554 7891 7782 7938 8067 7271 7733 7883 8359 8248 8143 7410 7717 7551 8101 7677 7968 8265 8468 
7038 8170 8259 8074 8880 7965 8730 8014 8138 7928 8173 8377 7753 8760 8367 8297 8798 8298 7960 8174 8384 7676 8223 8480 8489 8269 7956 8740 8059 8196 8170 7681 8107 8220 8303 8190 8233 7678 7995 8145 8459 8197 8297 8137 7938 7785 8112 8067 8667 8392 7754 7899 8052 7828 8577 8627 8149 8734 8590 7922 8114 8558 8225 8050 8481 8036 8289 8276 8658 8673 8124 8684 7757 8396 7971 7801 8208 8131 8574 7986 8169 8678 8083 8079 8049 8265 8345 8104 8301 7734 7906 8211 8339 7623 8306 8546 8784 8515 8465 8198 8197 8557 8051 8254 7823 8356 8651 8339 7846 8381 8311 8247 7984 7752 8761 8074 7429 7838 7914 8390 8274 7948 7596 7817 7965 8926 8065 8034 8663 8773 8211 8426 8202 8134 8405 8158 8076 7990 8570 8253 7988 8238 8401 7690 8461 8298 8169 9052 7868 8246 7766 8276 8478 8267 8214 8153 8312 7992 7848 8480 8490 8274 8175 8106 8380 8569 8329 7791 7913 8027 8358 8817 8337 8734 8197 8370 8205 8390 7723 8095 8462 7964 7967 8157 8126 8572 8361 8665 8108 7548 8336 7797 8131 8209 8531 8290 8388 8869 8389 8185 8095 8516 8354 7657 8312 8111 8047 8167 8517 8298 7791 7912 8764 8353 7964 8191 8377 7962 8366 8474 8186 8869 8733 8436 8100 8504 7821 8306 8615 7686 8527 8365 7995 8033 7850 7482 8033 8578 8228 8509 8057 8018 7976 8314 7997 8401 8065 8398 8230 8482 8499 8265 8297 8202 8154 8065 8261 8775 7958 8470 8023 8464 8551 8245 8450 7892 8002 7978 8280 8341 8616 8332 8194 8145 8247 8040 8472 8089 8452 8499 8068 8195 8521 7937 8100 7718 7921 8408 8530 8355 7402 8169 8427 8291 8733 7952 8148 8383 8317 7826 8229 7872 8363 8375 8358 8420 8263 8315 8550 8770 8520 7855 8375 7778 7843 8046 7972 8427 8238 8437 8741 8306 8255 8137 7929 7331 7855 8141 9038 7708 8012 8157 8152 8370 8290 8445 8442 8116 8697 8508 8251 8157 7931 8520 8050 8251 8056 8357 8481 8730 8525 8117 7899 7971 8702 8119 8545 7867 7983 8147 7976 8101 8057 8399 7799 7897 8164 8520 8323 8430 8332 8125 8257 8164 8239 8447 8283 8465 7488 8235 8837 7794 8327 8197 8265 8482 7697 8247 8440 8497 8266 8129 8188 7872 8414 8440 8201 8125 8524 8693 
7254 8383 8455 8170 8705 7938 8735 8094 7876 7875 8040 7986 7793 8646 8508 8240 8779 8279 8280 8064 8936 7900 8125 8793 8661 8321 7914 8448 8416 8442 7958 7830 8244 8301 8342 8438 7835 7849 8145 8265 8136 8501 8207 8112 7790 7964 8608 8110 8359 8624 8278 8285 8388 8130 8669 8611 8319 8562 8659 7978 8030 8839 8083 8234 8696 8417 8595 8137 8748 8892 8461 8601 7998 8548 8040 7710 8546 8393 8636 8017 7917 8135 8238 8663 8759 8022 8115 8134 8432 8175 8149 8193 8573 7998 8284 8825 8635 8948 8557 8355 8329 8976 8127 8920 8091 8597 8755 8141 8090 8108 8322 8538 7998 8086 9037 8315 7773 7973 8083 8747 8301 8457 7603 7757 8315 8616 8152 7824 8431 8763 8206 8440 8441 8242 8305 8459 7864 8056 8603 8085 7845 8695 8237 7630 8000 8478 8310 8857 7934 8351 8060 8132 8848 8625 8032 8351 8472 8531 8200 8236 8601 8326 8336 8098 8319 8212 8576 8179 8211 8582 8580 9038 7811 8785 8453 8281 8284 8575 7877 8368 8948 8309 8059 8249 8061 8482 8766 8513 8259 7635 8356 7679 8602 8168 9155 8508 8536 8795 8543 8450 7991 8165 8167 7819 8505 8429 8078 8265 8350 8469 8158 8211 8745 8611 8126 8202 8079 8007 8434 8240 8468 9050 8629 8767 8271 8701 7972 8160 8337 7997 8288 8744 8011 8283 8386 7631 8092 8575 8611 8364 8228 8011 8091 8478 8373 8273 8055 8244 7925 8610 8424 8141 8323 8604 8493 8327 8112 8557 8229 8514 8379 8371 8293 8148 8461 8063 8197 7955 8637 8118 8630 8946 8558 8247 8008 8071 8634 8125 8304 8675 7852 8013 8437 7558 8283 8081 7969 8393 7981 8111 7509 8105 8486 8097 8491 8198 8346 8272 8843 8275 8375 8237 8262 8759 8527 8658 8452 8270 8736 8499 8289 7812 8458 8116 8262 8234 8157 8122 8434 8197 8957 7711 8384 8177 8384 7352 7707 8156 8869 8032 8516 8147 8293 8536 8377 8488 8890 8391 8656 8545 8609 8273 8025 8815 8233 8320 8036 8089 8346 8872 8668 8112 7789 8278 8646 8544 8758 7995 7966 8271 7828 8391 7976 8269 8188 8035 8317 8711 8790 8468 8399 7739 8403 8328 8273 8609 8025 8551 7705 8367 8481 7835 8490 8694 8316 8756 7865 8742 8384 8766 8475 7975 8311 8080 8391 8492 8070 8332 8474 8820 
7748 8569 8471 8211 9019 8305 8914 8086 8185 8143 8463 8100 7782 8685 8847 8062 8734 8492 8131 8436 8450 7945 8477 8750 8730 8618 7672 8417 8236 8351 7895 7905 8387 8628 8382 8635 8448 7989 8104 7977 8390 8894 8279 8667 8213 7789 8738 8420 8799 8381 8317 8086 8647 8421 8857 8550 8092 8651 8416 8476 8096 8606 8469 8023 8636 8356 8585 8353 8870 8248 8817 8644 7831 8885 7821 8204 8499 8273 8666 7863 8250 8573 8467 8187 8544 8278 8641 8180 8652 8117 8079 8320 8390 8098 8450 8627 8658 9075 8647 8190 8439 8726 8240 8906 8279 8442 8765 8537 8125 8559 8378 8544 8246 8086 8779 8388 8043 7904 8341 8773 8606 8270 8065 8177 8395 8895 8571 8310 8610 8725 8429 8334 8384 8040 8460 8326 8245 8695 8690 8276 8108 8882 8380 7759 8703 8569 8165 8682 7973 8329 7875 8733 8556 8467 8505 8697 8393 8229 7965 8214 8600 8495 8517 8531 8574 8433 8457 8529 8605 8142 8425 8984 8150 8803 8521 8539 8139 8514 8055 8371 8988 8327 8167 8411 8133 8578 8510 8845 8364 7743 8591 7844 8449 8428 8956 8461 8812 8973 8490 8508 8330 8566 8598 7940 8659 8440 8036 8035 8569 8720 7923 7972 8680 8584 8259 8485 8707 8235 8624 8160 8316 9072 8770 8458 8238 8193 8117 8611 8443 7750 8414 8851 8531 8105 8552 8293 8342 8632 8783 8177 8329 8377 8024 8604 8485 8951 8475 8374 7978 8669 8698 8554 8467 8756 8040 8547 8357 8933 8360 8741 8331 8655 8732 8537 8779 7979 8154 7784 8589 8384 8490 9085 8707 8312 8159 8232 8701 7867 8230 8789 8063 8658 8666 8173 8277 7924 7988 8494 8430 8612 7777 8174 8476 8344 8375 8437 8415 8336 8743 8346 8122 8209 8565 8825 8542 8677 8741 8501 8408 8522 8540 8116 8392 8278 8146 8368 7696 8471 8458 8347 9159 8108 8184 8258 8201 7919 8628 8282 8734 7914 8240 8192 8695 8388 8404 8475 8425 8344 9241 8863 8249 8250 8062 8422 8357 8711 8071 8178 8397 8730 8338 8316 8197 8091 8765 8487 8943 8019 8099 8471 8151 8310 8633 8952 8293 8092 8630 8650 8610 8781 8443 8274 8475 8199 8693 8224 8564 8411 7823 8401 8599 7812 8896 8651 8361 8367 7774 8357 8475 8790 8616 8104 8541 8307 8305 8402 8426 8244 8534 8958 
7103 7790 8098 7835 7725 7794 8660 7388 7525 7593 7737 7563 7422 7782 7859 7762 8121 8095 7661 7637 8303 7308 7928 7922 8074 7996 7429 7676 7669 7995 7723 7112 7660 7768 8192 7966 7556 7686 7654 7841 7596 8069 7767 7910 7432 7625 8058 7602 8143 7839 7532 7855 8146 7560 8161 7918 7861 8156 8021 7946 7623 7990 7630 7901 8127 7660 7764 8021 8082 8141 8091 8084 7128 7929 7811 7190 8047 8250 8362 7175 7672 7604 7885 7739 7956 7496 7637 7269 8232 7859 7675 7802 7921 7637 7875 8374 7986 8193 8313 7654 7835 8377 7700 8286 7502 7802 8058 7866 7632 7895 7915 7994 7452 7263 8506 7744 7586 7565 7566 8036 7674 7952 7546 7686 7849 8354 7432 7420 7980 8721 7928 7757 7609 7537 7786 7990 7756 7962 7730 7972 7527 8045 7899 7338 7522 8006 7569 8306 7546 7724 7962 7875 8084 8212 7625 8266 8028 7916 7329 8027 8159 8109 7645 7777 7869 7584 8220 7816 7521 8003 7999 8326 7262 8414 8004 8085 8116 8025 7683 8015 7902 7795 7748 7896 7451 7972 8027 8427 8056 7142 7881 7585 7699 7805 8514 7716 7878 8012 8048 8024 7614 8038 7762 7133 8038 7813 7587 7679 7982 8168 7457 7477 8075 7738 7538 7688 7691 7724 7887 7880 8389 8525 8425 7755 7911 8064 7751 7734 7974 7619 7737 7929 7567 7683 7869 7240 7443 8256 7691 7885 7811 7639 7355 7907 7776 7856 7768 7931 7614 8044 7967 7474 7942 8079 8012 8252 7851 8145 7851 7771 7835 8004 7859 7666 8198 7668 7712 7597 7857 7713 7939 7983 7794 7776 7900 7733 8229 7822 7695 8101 7295 7675 7829 7487 7577 7486 7376 8008 8026 7797 7118 7989 8005 7737 8014 7548 7614 7945 7888 7528 7808 7478 7670 7920 8520 7959 7955 8126 7742 7830 7742 7386 8040 7691 7769 7487 7887 7879 8272 7875 8299 7698 7932 8296 7682 6914 7536 7561 8189 7442 7777 7442 7972 7817 7740 8153 8239 8267 8045 8221 7649 7998 6992 8450 7559 8029 7765 7701 7743 8226 8025 7721 7776 7437 8068 7887 7946 7679 7387 8034 7451 7820 7600 8133 7676 7670 7894 8369 8137 7804 7721 7572 7941 7717 7936 7913 7446 7737 7512 7732 7895 7265 7603 7957 7809 7857 7176 7806 8092 7988 7846 7575 8163 7351 8039 7800 7920 7638 8406 8074 
7390 8135 7971 7293 8299 7644 8434 7693 7679 7428 7462 7645 7778 8317 7887 7800 8261 8192 8072 7732 8169 7542 7673 8319 8179 7910 7425 7657 7694 8055 7455 7305 7660 7877 8302 7809 7470 7742 7809 7592 7970 7992 7837 7577 7825 7724 8113 7868 7949 7930 7528 7694 8083 7733 8345 8055 7371 7961 8341 7751 7550 8042 7715 7875 8333 7197 8006 8006 8167 8161 7904 8332 7141 7904 7357 7296 7874 7715 8262 7515 8175 7841 7768 8243 7841 7725 7973 7687 8087 7490 7655 7915 7880 7365 7876 8256 8673 8119 8250 7389 7611 8426 7796 8230 7551 8012 8289 8169 7789 8114 7957 8157 7391 7415 8478 7816 7449 7146 7623 7960 7938 8009 7393 7549 7879 8387 7792 7773 7751 8205 7995 8262 7915 7414 7653 8163 7574 7965 8128 7692 7502 8465 7899 7323 8156 7933 7846 8612 7601 7862 7521 7995 8272 7986 7464 8205 8056 8162 7452 7889 8232 7663 7649 7632 7919 7848 8383 8046 8035 7875 8120 8451 7575 8289 8217 7844 7861 7914 7870 8001 8221 7653 7722 7866 7622 8086 8126 7915 7621 6886 8049 7642 7829 7599 8447 7881 8288 8610 8045 7813 7596 8204 7945 7695 7793 8047 7639 8248 8203 8129 7834 7442 8363 7621 7483 7724 8400 7420 7798 7812 8157 8486 8497 7804 7956 8270 7424 7709 7989 7660 8001 8002 7977 7810 7818 7291 7322 8019 7766 7903 7718 7549 7358 8272 7524 8051 7934 8126 7638 8050 8315 8013 7962 8543 7939 8405 7484 8204 7878 8076 8133 7965 8106 8043 8061 7300 7784 8048 7964 7759 8244 8035 8031 7751 7863 7904 8212 7741 7720 8033 7015 7812 8137 7315 7923 7608 7703 8199 7658 7963 7083 7716 7908 7949 8357 7862 7678 7537 8372 7879 7694 7728 7598 8166 8183 7933 8155 7957 7851 7990 8129 7281 7920 7925 7759 7642 7823 7628 8264 8088 8549 7615 8071 7680 7964 7215 7644 7553 8329 7538 7873 7656 8055 8314 7696 8025 8167 7896 8017 8068 7792 7995 7771 8211 7849 8333 7668 7738 7647 8228 8016 7694 7610 7749 8533 8170 8459 7882 7292 7454 7467 7992 7735 8033 7524 7304 7886 8211 7955 8148 7714 7490 8106 7868 8456 8233 7819 7914 7232 7820 7724 7460 7951 7798 7914 8168 7340 8165 8269 8112 8103 7791 8128 7787 7679 7620 8009 8004 8230 8121 
7129 8169 8102 7848 8178 7690 8193 7875 7714 7787 7710 7653 7331 8256 8323 7951 8465 8028 7563 7732 8232 7548 7800 7993 8074 8073 7589 7870 7717 7521 7260 7308 7582 7775 7939 8143 7553 7892 7656 7422 7922 8043 7930 7864 7616 7585 8202 7752 8116 8218 7514 8105 7906 7677 8297 7871 7604 8300 8335 7694 7577 8131 7753 7626 7848 7771 8098 7856 7954 8029 7896 8059 7410 8045 7705 7671 8055 7864 8195 7620 7532 7786 7939 7945 7941 7418 7876 7557 7940 7750 7490 7708 8127 7260 7625 7951 7870 8304 8241 7827 8076 8536 7695 8077 7865 7839 8427 8100 7188 7482 7808 7946 7490 7334 8227 7938 7547 7525 7785 8051 7855 7677 7263 7852 7945 8246 7831 7664 7794 8420 7939 7781 7761 7550 7713 8076 7879 7874 8233 7960 7524 8014 7769 7097 7885 7745 7661 8157 7381 7803 7394 7880 8313 7992 7816 7837 7983 8008 7617 7742 8001 8405 7884 7663 7557 7735 7781 7885 7772 7979 8362 8269 7266 8639 7581 8100 7973 7816 7421 7749 7800 7933 7701 7956 7125 7833 8143 8410 8013 7154 7823 7321 7957 7879 8601 7867 8211 8339 8106 8173 8108 7987 8012 7382 7654 8037 7628 7908 7885 8077 7360 7632 8378 8251 7346 7539 7957 7761 7943 8022 7984 8528 8035 8327 7661 8036 7385 7583 7703 7340 7727 8113 7336 7869 8121 7262 7231 8623 7667 7517 7658 7636 7127 8088 7706 8175 7278 7925 7230 8017 8030 7415 7830 7972 8015 7876 7643 8065 8058 8030 7756 7707 8027 7720 8347 7488 7984 7715 7847 7333 8098 8366 7953 7864 7496 7774 8109 7675 7685 8173 7513 7780 7971 7293 7933 7431 7333 7847 7917 8064 7479 7322 7958 7833 7697 7759 7814 8382 7814 8165 7536 7542 7887 8244 7732 7994 8232 8044 8027 7933 8194 7347 7983 7418 7504 7674 7646 7733 8105 7522 8731 7578 7545 7725 7479 7260 7692 7739 8150 7342 7889 7759 7892 8165 7625 8311 8076 7735 8188 8288 7882 7711 7419 8156 7579 7816 7337 7962 7844 8284 8012 7549 7904 7810 8172 7953 8364 7406 7513 7841 7338 8040 7573 7729 7546 7495 7492 8015 8060 7708 7566 7822 7777 7902 7955 8129 7761 7614 7431 7664 7807 7548 7833 7658 8053 8220 7485 7715 8074 8086 8229 8015 7542 7800 7648 7969 7426 8098 7961 8528 
7302 8410 8160 8360 8487 8044 8845 7987 7927 7932 8444 8037 7758 8310 8215 8377 8468 8066 8067 7992 8423 7819 8128 8561 8900 8455 8001 8075 8247 8425 7649 7984 8203 8036 8024 8359 8163 8055 8533 8554 8280 8461 8360 8155 7947 7881 8297 8140 8676 8137 7864 7908 8609 8012 8640 8485 7761 8879 8781 8232 7875 8708 8272 8340 8316 8065 8474 8303 8707 8381 8324 8544 7744 8532 8389 7798 8427 8046 8747 7974 8114 8322 8458 8228 8427 7834 8060 8010 8547 7822 7996 7896 8334 8084 7728 8696 8525 8810 8860 8071 8214 8780 8122 8690 8374 8438 8459 8453 7975 8128 7716 8347 8003 7793 8973 8116 7749 7806 7783 8534 8341 8279 7688 7633 8146 9012 8407 8189 8732 8538 8472 8601 7950 7802 7989 8352 8027 8071 8619 8426 8186 8400 7912 7727 8217 8440 7762 8935 8066 8265 8097 8327 8615 8208 8251 8113 8578 8196 7675 8159 8529 8404 8387 8172 8107 8083 8786 7917 8114 8173 8696 8785 7731 8800 8512 8255 8071 8327 7807 8141 8652 8071 8211 7829 8040 8534 8517 8728 8307 7574 8653 7729 8154 7921 9063 8191 8510 9047 8363 8307 8144 8418 8012 8003 8280 8749 8120 8276 8607 8467 7893 7646 8792 8664 8206 8043 8175 8210 8258 8490 8386 8945 8858 8284 8164 8477 7749 7935 8366 7985 8175 8175 8138 8067 8255 7980 8105 8535 8432 8085 8067 8024 8022 8294 8308 8433 8393 8243 8169 8484 8587 8086 8488 8698 8583 8502 8023 8389 8463 8312 8230 8007 8406 8240 8742 8017 8189 8392 8213 8572 8525 8531 8450 8210 8128 7821 8796 8347 8361 8437 7486 8053 8343 7964 8264 7766 7845 8427 8035 8386 7586 8121 8120 8056 8925 7757 8192 8305 8688 8353 7716 8222 8112 8914 8410 8587 8383 8324 8057 8969 8310 7584 8019 8247 8103 7957 8061 8471 8218 8131 8942 8124 8459 8454 8270 7727 7945 8082 8440 8084 8401 8257 8764 8212 8171 8443 8640 8146 8543 8694 8189 8443 8166 8484 8242 8630 7993 8100 8334 8773 8515 8006 8223 8476 8718 8379 8380 7971 7850 8217 8016 7889 8482 8485 8122 7951 8233 8584 8574 8057 8413 8064 8267 8257 8278 8253 8089 8286 7739 8237 8391 7866 8700 8588 8568 8340 7685 8519 8495 8499 8512 8423 8145 7728 8025 8326 8052 8655 8712 8888 
7126 7815 7868 8041 8172 7486 8459 7572 7631 7641 7864 7773 7109 8338 8280 8002 8233 8017 7775 8060 8131 7639 7637 7892 8365 8221 7551 8133 8296 7822 7856 7362 7864 7737 8237 7916 7636 7703 7759 8093 7842 8133 7579 8145 7621 7384 8117 7633 8520 8017 7899 7792 8109 7506 8475 8051 7857 8376 8352 7974 7607 8450 7589 7473 8587 7767 8064 7950 8465 8341 7959 8064 7786 8101 7783 7460 8221 8069 8291 7523 7835 7736 7968 8109 8172 7510 8116 7917 8157 7863 7720 7347 8196 7472 7856 8389 8330 8005 8415 7889 7771 8077 7875 8207 7769 7978 8392 8113 7582 8133 7816 8093 7586 7491 8633 7698 7388 7544 7672 8244 7734 8086 7352 7756 8289 8251 7682 7748 8147 8697 7998 8213 7846 7780 7975 7936 7727 7772 8077 7899 7516 7993 7852 7064 7881 7972 7609 8603 7939 7925 7669 7755 8397 7997 7787 8112 8302 7809 7578 7781 8339 7959 7768 7533 7552 7787 8304 7916 7901 7999 8176 8332 7821 8853 8125 7923 7690 7990 7428 7975 8582 7782 7542 7818 7589 8083 8152 8153 7784 7225 8316 7483 8044 7931 8741 8019 8153 8434 8198 7611 7764 8484 7839 7538 7587 7850 7785 7640 7919 7885 7357 7568 8076 8104 7700 8016 7893 7789 7893 7735 8042 8841 8452 8288 8150 8114 7933 7967 7777 7820 8294 8000 7786 8021 7779 7573 7903 8520 8227 7545 7932 7898 7626 8334 7762 7969 7560 8011 7476 8287 8132 7890 8175 8231 8246 7775 7969 8191 8046 8024 8023 7812 8241 8020 8263 7680 7758 7882 8089 8054 8336 7974 8037 7836 8005 7774 8568 7679 7896 8331 7010 7801 8442 7429 8220 7923 7771 7941 7886 7678 7334 7894 8044 7981 8083 7826 7790 7642 8601 7927 8019 8198 7959 7910 8149 8219 8206 8346 7939 8121 8143 7302 7978 7686 7714 7533 7663 8061 8127 8122 8465 7908 7818 8135 8048 7099 7787 7598 8579 7822 7769 8002 8130 7811 7971 8136 8056 7897 8269 8422 7792 8066 7579 8363 8057 8119 7442 7894 7822 8351 8251 7747 7755 7717 8148 7845 8493 7827 8047 7684 7501 8014 7716 8155 7738 7896 7828 8099 8163 8020 8149 7787 7835 8120 8154 7830 7758 7554 7327 8000 7887 7652 8238 8003 7849 8427 7503 7977 8089 8212 8099 7795 8016 7639 7655 7841 7431 7466 8030 8253 
7292 8050 8213 7613 8182 7500 8219 7716 7794 7292 8156 7596 7386 8059 8385 7611 8016 8048 7845 7872 8138 7562 7986 8186 8438 7978 7800 7886 7978 7842 7426 7179 7661 7967 8233 7924 7597 7588 8125 8191 7932 8290 7668 8095 7765 7487 8311 7764 7980 7573 7808 7968 8154 7637 8312 7991 7996 8425 8299 7704 7600 7729 7576 7732 8153 7859 8084 8004 8232 7944 8382 8137 7469 8387 7590 7551 7859 7900 8149 7367 7751 8039 7659 7807 8261 7735 7981 7565 8244 7750 7882 7836 7886 7418 7857 8458 8180 8311 8415 7589 8254 8285 7422 7977 7974 8046 8191 7951 7969 7928 7826 8054 7802 7218 8848 7648 7387 7893 7485 8258 7732 7702 7777 8106 8103 8070 7692 7832 8215 8615 8010 8003 7955 8035 7907 7875 8079 7861 8264 7829 7821 8103 7886 7420 7752 7945 7972 8607 7470 7876 7678 8170 8446 8256 7883 8161 8175 7915 7504 7954 7872 8072 7871 7656 7558 7919 8104 8009 8249 7823 8053 8466 7561 8581 8062 8091 7985 7925 7782 7914 8084 8060 7806 8012 7344 8139 8012 8629 8141 7289 7733 7409 7684 7656 8781 7800 8129 8518 8097 7876 7699 8299 7903 7366 7698 7668 7847 7823 8332 8198 7582 7497 7966 7974 7986 7769 8296 7742 8085 7806 8259 8514 8409 8004 7809 8219 7491 7759 7720 7487 7959 7989 7769 7988 7937 7190 7581 8272 8173 8036 7671 7543 7417 8461 7899 8064 7750 7954 7720 8090 8382 7936 8229 8259 8061 7906 7756 8154 8027 8011 8233 8008 7868 7623 8060 7611 7681 7550 8012 7863 7996 8356 8069 7936 7675 7939 8395 7738 7904 8038 7611 7894 8201 7405 8114 8015 7475 7794 8021 7945 7229 7785 7899 7549 8214 7720 7723 8114 8191 8083 8158 7748 7785 8565 8143 7848 8057 7949 7633 8184 7898 7462 7891 7561 7619 7549 7688 7859 8096 7903 8394 7821 7844 8018 7833 7270 7940 7478 8242 7545 7655 7372 8368 8064 7564 8179 8221 7747 8395 8091 7847 8034 7507 8298 7714 8037 7419 7714 7937 8412 8166 7979 7770 7309 8114 7910 8131 7859 7502 7815 7544 7848 7799 8338 7657 7766 8049 8249 7803 8017 8090 7910 8117 8183 8401 7558 7730 7796 7429 7695 7987 7474 7945 7787 7920 8294 7373 7771 8141 8070 7985 7731 7849 7567 7941 7808 7930 8061 7963 8383 
7579 8420 8655 8119 8690 8016 8844 8102 7901 7544 8079 7920 7932 8813 8976 8357 8559 8514 8084 8086 8284 7657 8254 8703 8778 8377 7855 8418 8096 8204 8110 7723 8098 8379 8482 8478 7962 8211 8587 8180 8009 8502 8293 8200 8267 7790 8780 8379 8614 8364 7903 8120 8472 7689 9038 8547 7858 8660 8521 8217 8011 8551 8084 8261 8560 8253 8415 8610 8662 8466 8551 9063 8228 8285 7736 8126 8419 7832 8537 7809 8264 8376 8333 8164 8511 8104 8538 8005 8543 8133 8010 8365 8495 8071 7884 8512 8624 8946 8673 8040 8392 9060 8071 8707 8071 8583 9031 8460 8113 8213 7919 8321 7880 7954 9048 7967 7724 7935 8303 8599 8204 8416 7792 7934 8006 8837 8403 8292 8747 8731 8262 8512 8481 8141 8058 7988 8065 8608 8633 8194 7615 8423 8470 7767 8376 8807 8046 8868 7635 8280 8083 8458 8594 8670 8244 8580 8553 8020 8117 8282 8167 8402 8318 8067 8528 8382 8455 8337 8189 8175 8750 8484 7702 9088 8377 8520 8389 8496 7992 8380 8747 8363 8152 8232 8208 8397 8467 8927 8543 7731 8744 7942 8190 8656 9220 8024 8548 8890 8652 8477 8287 8380 8047 7718 8032 8391 8123 8127 8714 8517 8137 7949 8723 8576 8179 8413 8362 8221 8174 8627 8116 9068 8865 8348 8063 8591 8044 7993 8094 7765 8163 8635 8150 8224 8155 7921 7991 8457 8471 8392 8281 7982 8017 8628 7888 8758 7921 8296 8094 8830 8582 7979 8388 8480 8150 8476 7879 8657 8103 8453 8584 8256 8955 8055 8880 8439 8379 8191 8182 8304 8674 8799 8419 8407 8331 7805 8766 8209 8137 8580 8018 7827 8882 7894 8227 8025 8008 8296 8418 8583 7709 8069 8086 8264 8567 8177 8203 8636 8519 8284 8196 8230 8082 8787 8376 8694 8613 8397 8505 8477 8313 7642 8257 8263 8020 8368 7933 8276 8166 8234 8793 8166 8440 8031 8449 7669 8067 8033 8939 7967 8316 7937 8403 8380 7927 8572 8626 8415 8833 8823 8591 8368 7973 8773 8250 8464 8207 8410 8362 8751 8598 8235 8235 8135 8772 8307 8898 8063 7951 8279 8261 8056 7946 8506 8017 7941 8281 8654 8603 8415 8206 7968 8242 8136 8365 8458 8310 8617 7650 8138 8268 7891 8162 8286 8590 8266 7850 8254 8447 8793 8455 8128 8794 7864 8146 8145 8147 8279 8516 8760 
7222 8037 8162 7550 8054 7798 8373 7843 7796 7430 7646 7946 7448 8438 8286 7915 8341 8149 7768 7823 8059 7775 7478 8187 8164 8213 7733 7868 7875 7868 7561 7372 7953 7601 8111 8085 7591 8074 7773 8039 8243 8335 7608 8205 7862 7589 8022 7888 7962 7909 7709 7895 8160 7713 8316 8249 7798 8487 8062 7708 7511 8090 7590 7905 8066 7966 7941 7968 8274 8313 8301 8229 7574 8022 7447 7503 8185 8034 8316 7429 7613 7848 8145 8112 8314 8004 8021 7527 8114 7837 7608 7720 7842 7292 7853 8395 8115 8259 7984 7593 8056 8517 8017 8316 7982 8187 8252 7896 7566 7880 7934 8239 7578 7553 8396 7911 7110 7471 7786 7932 7689 7803 7646 7580 7863 8335 8131 7615 8054 8213 7799 7871 8067 7588 7715 8034 7648 7951 8115 7708 7312 7920 7822 7688 7838 8044 7536 8464 7518 7900 7578 7966 8230 8312 7560 8083 8165 8042 7870 7794 8122 8045 7906 7633 7833 8202 7754 7702 8015 7829 7845 8435 7679 8220 8346 8067 7778 7870 7997 8240 8160 7673 7852 7685 7607 7855 8032 8464 7824 7108 8188 7720 8007 7832 8531 7905 8307 8646 8095 7787 7860 7994 7768 7410 7966 8107 7518 8066 7947 7945 7705 7608 8427 8049 7913 8046 8132 7643 7952 7599 7883 8842 8398 8135 7902 8008 7877 7771 7846 7658 7814 8046 7569 7995 7864 7436 7166 8229 8323 7808 8050 7767 7522 8131 7894 7972 7798 7906 7617 8037 8113 8150 8019 8433 8152 8202 7762 8174 7956 8240 7893 8121 8243 7772 8382 7749 7795 7754 7779 7943 8119 8447 7926 7606 7807 8054 7930 7376 7729 8222 7503 7871 8319 7734 7926 7899 7584 8157 8132 7836 7102 7797 8138 7854 8130 7786 8035 7837 8182 7704 7521 7909 7777 8108 7992 7935 8265 7861 7981 7873 7757 7454 7832 7944 7892 7740 7586 7777 7820 7727 8485 8195 8006 7793 7914 7212 7724 7837 8218 7595 7819 7602 8474 7920 7701 8193 8418 7639 8391 8328 8016 8069 7925 8398 7716 7971 7500 7923 7950 8352 7890 7835 7951 7653 8434 8372 8030 7977 7444 7969 7610 7940 7919 8495 7801 7595 7963 8454 8180 7921 8144 7646 7831 7907 8061 8165 8117 7963 7530 7796 8123 7633 8200 7888 8151 8309 7241 7741 8159 8277 7896 7808 7875 7384 7996 7971 8150 7808 8126 8378 
7285 8362 8341 8237 8570 7819 8735 7875 8060 7918 8030 8133 8083 8626 8325 7974 8823 8415 8160 8080 8422 8020 7992 8661 8548 8317 7896 8230 8252 8422 8162 7550 8088 8138 8359 8125 7940 7990 8408 8099 8207 8200 7962 8160 8018 7720 8722 8154 8358 8436 7824 8062 8353 7750 8842 8349 8049 8532 8479 8154 7732 8439 8065 7845 8400 7941 8451 8542 8395 8463 8436 8673 7816 8276 7920 7974 7870 8034 8427 7593 7789 8322 8481 8435 8193 8123 8341 8193 8574 8062 7879 8030 8533 7815 8184 8484 8395 8563 8581 8080 7975 8232 8094 8499 8162 8436 8784 8250 7965 8405 8096 8380 7899 7601 8669 8221 7561 7548 8020 8328 8028 8269 7734 8023 8281 8657 8323 7631 8588 8792 8380 8165 8043 7797 8012 8076 8168 7895 8311 7906 7945 8575 8136 7517 8115 8180 7826 8860 7672 8225 7989 8290 8503 8553 7914 8223 8069 7850 7643 8303 8205 8319 8239 8030 8351 8396 8060 8135 8244 8192 8463 8646 8043 8734 8417 8366 7911 8143 7774 8022 8538 7878 8226 7998 7703 8344 8147 8391 8262 7243 8389 7890 8337 8387 8953 8140 8156 8814 8523 8146 8115 8144 7916 7690 7978 8103 8172 8288 8415 8345 7892 7867 8385 8284 8228 8334 8509 7970 8671 8074 8234 8923 8658 8377 8072 8335 7438 7837 8130 7888 8074 8175 7952 8001 8292 7585 7831 8287 8250 8149 8034 7968 7627 8535 7953 8401 8118 8168 8144 8615 8454 8200 8241 8944 7864 8265 7921 8666 8265 8294 8074 8295 8404 8197 8578 8131 8299 8092 8375 8154 8374 8485 8271 7943 7974 8055 8451 7731 8071 8650 7489 8201 8482 7752 8111 8067 7762 8479 8409 8303 7430 7991 8369 8531 8469 8464 7940 8259 8604 7953 7964 8198 8310 8555 8438 8169 8450 8618 8124 8207 8350 7803 7950 8053 8268 7943 7624 8526 8339 8650 9116 8089 7960 8096 8209 7612 8108 8102 8648 7825 8139 8022 8350 8191 7980 8417 8741 8044 8555 8710 8088 8194 7919 8715 8100 8086 8115 8055 8074 8293 8751 8058 8060 8180 8768 8549 8577 8047 8035 7898 7897 8027 8085 8190 8132 7764 8350 8488 8690 8472 8181 7896 8309 8156 8529 8249 8065 8418 7533 8050 8590 8150 8265 7892 8012 8195 7717 8075 8314 8383 8200 8058 8176 7863 8073 8218 8678 8577 8346 8908 
7206 8231 7994 7952 8629 7694 8551 7803 7687 7824 7819 7789 7238 8088 8615 8134 8373 8094 7736 7965 8308 7493 8336 8444 8256 8264 7649 8430 8168 8014 7629 7162 7996 8104 8267 8046 7857 7441 8059 7978 8095 8138 7877 7939 7641 7701 8229 7918 7999 8006 7663 7808 8337 7893 8336 8454 7765 8305 8374 7702 7742 8168 7899 7964 8469 7899 8428 7976 8340 8128 8261 8096 7528 8447 7738 7557 7959 7839 8177 7686 8017 8345 7720 7860 8087 8056 7754 7901 8234 7842 7865 7895 8277 7608 8163 8381 8626 8599 8292 7760 8181 8688 8059 8234 7635 8271 8460 8001 7934 7678 7773 8191 7769 7716 8798 7934 7451 7478 7971 7738 7637 8109 7597 7498 7924 8386 8044 7891 8333 8570 8264 8102 7997 7880 8037 8059 7982 7826 8565 7869 7904 8085 7728 7490 7811 8092 8192 8664 7415 8107 7552 8105 8570 8197 8062 8082 8104 7569 7626 7941 8358 7931 8381 7912 8021 8399 8164 7702 8045 7786 8194 8699 7933 8455 8035 8321 7787 7850 7738 8102 8437 7866 7662 8118 7794 8167 8208 8586 7903 7298 8138 7754 7811 7982 8557 8228 8004 8700 8015 8105 8141 8218 7826 7831 8160 8290 7758 7821 8503 8155 8000 7529 8252 8388 7619 8070 8194 7698 8157 7852 7855 8728 8633 8260 7935 8483 7415 7904 8228 7813 7954 8174 7717 8050 7937 7459 7545 8177 7932 7919 7973 7943 7625 8322 8145 8279 7959 8188 8019 8169 8507 8098 8392 8333 8036 7927 7834 8188 7882 8144 8120 8049 8234 7675 8334 7895 8060 7451 8309 8117 8350 8590 8192 8023 8262 7831 8197 7804 8090 8220 7397 7846 8421 7527 7880 7678 7718 8026 8232 7948 7391 8031 8265 8159 8301 7672 7618 8025 8391 7788 7886 7877 7633 8447 8275 8385 8108 8028 8140 8119 8322 7624 8324 7850 7721 7795 7954 7810 8325 8113 8485 7952 7765 7913 8161 7351 8017 7728 8422 7786 7902 7985 8299 8168 8073 7939 8064 7729 8296 8614 7914 8047 7856 8007 7773 8144 7877 7901 8101 8564 8232 8123 7607 7734 8099 7832 8383 7791 7788 7827 7977 8022 8103 8237 7713 7972 8223 8291 8110 8000 8057 7819 7816 7882 8096 7978 7872 8045 7641 8100 8261 7518 8234 7840 7937 8392 7397 8254 8206 8291 8250 7876 8096 7472 8082 8228 7847 8321 8165 8618 
7324 8448 8451 8322 8529 8148 8828 7905 8268 7885 8143 8105 7602 8632 8571 8179 8600 8401 7851 8177 8594 8166 8199 8573 8878 8767 8356 8521 8378 8102 8137 7900 8148 8267 8536 8449 8038 7769 8470 8358 8485 8362 8014 8382 8353 8065 8455 7867 8564 8125 8032 8079 8307 8207 8995 8451 8017 8666 8809 8128 7944 8799 8187 8015 8613 8182 8490 8652 8544 8449 8820 8401 7803 8787 8225 8054 8267 8596 8631 7710 8077 8316 8445 8093 8625 8015 8434 8118 8197 8127 8014 8336 8185 8183 8179 8710 8700 8524 8517 8331 8807 8552 8260 8517 8285 8331 8673 8247 7977 8402 8286 8370 8417 7776 9175 8239 7614 7899 7804 8331 8406 8484 7814 8036 8130 9091 8368 7950 8558 8872 8241 8522 8167 8210 8301 8601 7846 8299 8727 8086 8251 8524 8128 7564 8151 8439 8551 9001 7788 8313 8284 8229 8759 8632 8116 8592 8172 8380 7900 8326 8677 8268 8685 8180 7860 8179 8384 8202 8399 8361 8400 8733 7689 8951 8671 8318 8155 8285 8233 8296 8570 8280 8079 8553 8001 8499 8305 8550 8451 7520 8540 7830 8215 8254 9010 8583 8601 8772 8188 8351 8410 8703 8427 7935 8376 8376 8259 8487 8331 8576 7990 7942 8632 8464 8062 8287 8399 8000 8463 8226 8456 9376 8732 8545 8273 8487 8211 8402 8492 8229 8192 8601 7956 8394 8449 7783 7700 8701 8670 8333 8294 7952 7622 8755 8365 8399 8030 8329 8065 8720 8499 7987 8334 8338 8304 8371 8123 8781 8271 8623 8467 8326 8487 8457 8663 7855 7992 8399 8482 8427 8317 8769 8540 8120 8425 8328 8450 8068 8368 8248 7935 8152 8444 8081 8332 7803 8204 8289 8707 8124 7419 8061 8079 8245 8446 8201 8126 8173 8559 8118 8224 7780 8098 8596 8565 8153 8239 8365 8107 8677 8481 7745 8290 8213 8104 7911 7762 8324 8372 8449 9212 8180 8117 8411 8231 7450 8066 8013 8993 7856 8347 8152 8607 8086 8263 8569 8766 8211 8758 8565 7992 8481 8070 8923 8353 8601 7921 8332 8432 8655 8596 8299 8148 7963 8721 8327 8841 8579 7866 8083 7965 8354 8020 8596 8084 8277 8680 8365 8494 8057 8132 8006 8327 8262 8551 8649 7910 8240 7931 8088 8156 7778 8599 8177 8441 8596 7757 8253 8592 8484 8220 8144 8514 8163 8285 8092 7983 8194 8389 8854 
7098 8363 7992 8026 8653 8158 8938 8108 7865 7813 8146 7908 7696 8489 8534 8231 8420 8820 7945 8232 8778 7784 8263 8541 8468 8246 7918 8264 8206 8328 7885 7790 8256 8402 8402 8355 7859 7845 8256 7984 8112 8250 8343 7947 7904 7832 8547 7922 8156 8317 7778 7915 8497 7731 8449 8358 8029 8515 8644 7903 7878 8520 8056 8052 8343 8168 8151 8206 8506 8541 8201 8553 7593 8422 8123 7906 8344 8173 8661 7821 7719 8387 8333 8532 8096 7713 8267 8258 8360 7859 7862 7929 8634 7533 7915 8441 8755 8732 8443 8076 8277 8807 8142 9030 7913 8441 8386 8367 7779 8049 8158 8646 7933 7863 8611 8220 7615 7853 8217 7982 7941 8113 7615 7974 7721 8903 8015 7956 8469 8900 8072 8346 8310 8058 8192 7782 8032 8007 8326 8113 7668 8177 8257 7446 7896 8237 8170 8556 8122 8169 8029 8147 8795 8249 8152 8351 8338 8122 8066 8296 8461 8468 8475 7989 8000 8384 8574 7803 8223 8238 8388 8305 7501 8837 8269 8396 8122 8420 7847 8315 8208 8017 8118 8114 7980 8263 8740 8659 8220 7400 8327 7335 8009 8107 8863 8175 8319 8591 8121 8702 8413 8385 8147 7559 8105 8506 8227 8281 8532 8444 8068 7452 8680 8358 7977 8209 8269 8070 8334 8050 8257 9095 8797 8410 7971 8223 8119 7893 8414 7833 8103 8095 7681 8136 8430 7955 7755 8546 8183 8256 8070 7853 7529 8649 8237 8595 7797 8213 8160 8608 8243 7947 7986 8221 8502 8182 8057 8446 8428 8450 8252 8546 8626 8159 8722 7566 8275 7861 8399 7898 8600 8751 8091 8329 8306 8316 8585 7977 8372 8343 7621 7892 8337 7969 8094 7835 7933 8265 8208 7962 7506 8030 8332 7978 8193 8146 8256 8229 8699 7996 8433 7883 8015 8549 8482 8231 8186 7923 8230 8399 8242 7727 8445 8230 8528 8003 7935 7906 8693 8094 9093 7901 7911 8282 8285 7465 8087 8209 8599 7492 8108 7918 8443 8159 8319 8523 8381 8123 8536 8585 7923 7999 7763 8681 7775 8218 7739 8198 8246 8715 8504 7977 8244 7899 8377 8708 8509 7774 7765 8098 8211 7834 8337 8587 7895 7777 8126 8773 8460 8269 8028 7791 8473 8075 8397 8552 7867 8245 7524 8118 7966 7822 8405 8287 8457 8320 7541 8339 8461 8499 8443 7935 8300 7948 8001 8187 8083 8461 8420 8575 
6918 7947 8126 7761 8210 7556 8330 7617 7452 7826 7760 7878 7511 8071 8140 8009 8152 8103 7538 7974 8171 7804 7932 8308 8321 8227 7383 7553 7817 7975 7733 7177 7819 7892 8258 8033 7634 7534 7677 7689 8008 7882 7905 7885 7924 7782 8138 8036 8078 8125 7789 8041 8218 7618 8129 8351 7670 8299 8196 7777 7297 8276 7892 7828 8213 7899 8217 7703 8001 7948 8282 7997 7699 8211 7565 7708 8315 7693 8486 7389 7704 7899 7922 7945 7863 7875 8212 7729 7761 8280 7658 8037 8353 7463 7941 8409 8099 8274 8220 7662 7895 8459 7612 8387 7959 8061 8533 7874 7557 7813 7992 8043 7462 7253 8591 7741 7410 7693 7693 8212 7872 8042 7266 7487 7860 8573 8050 7636 8384 8548 7831 8164 8101 7385 7887 8208 7665 7806 8345 8053 7488 8016 8076 7244 7949 8292 7757 8170 7497 7870 7687 7839 8397 8247 8080 8120 8176 8282 7348 7715 8165 7962 7959 7585 7545 7775 8226 7907 8196 7852 8205 8564 7432 8758 7931 8186 7848 8108 7666 8071 8313 7905 7660 7964 7720 7837 8253 8217 7662 7534 8141 7199 7923 8069 8861 7650 7903 8522 8243 7996 7894 8379 8102 7471 8035 8192 7815 7664 8313 8357 7482 7737 8191 7920 7777 7947 8127 7626 7961 7748 7875 8485 8659 8100 7706 8268 7639 8030 7745 7465 7927 8057 7718 7790 7991 7459 7606 8198 8105 8017 7784 7774 7204 8291 7864 8001 7849 8151 7565 8033 8355 7806 7772 8274 7875 7990 7800 8289 7591 8358 7883 8085 7973 7954 8386 8011 7668 7658 8116 7672 8143 8379 8143 8007 7808 7605 8457 7433 7891 7966 7335 7833 8149 7612 7517 7710 7679 8091 8211 8007 7427 7867 8249 7597 8102 7629 7948 8176 8406 7816 7741 7863 7898 8061 8139 8222 8315 8076 7908 8254 7909 7693 8086 7990 7944 7794 7750 7847 8449 7880 8386 7767 7563 8163 7722 7441 7440 7844 8702 7519 7768 7783 7790 7840 7991 7709 8114 7758 8333 8097 7993 7816 7545 8460 8001 8096 7621 7778 7957 8627 8123 7703 7932 7903 8321 7875 8477 7912 7578 7873 7665 8066 7658 7922 7584 7903 7993 8372 8301 8076 7418 7350 8132 7700 8146 8089 7676 7853 7375 8077 7764 7480 8078 7913 7739 8273 7426 8039 8168 8176 7985 7679 8034 7438 7834 7821 7542 7963 8166 8316 
7037 8127 8161 7920 8454 7581 8461 7782 7838 7494 8104 7879 7582 8368 8264 7976 8412 8170 7835 7753 8233 7795 7993 8425 8206 8087 7622 8192 7635 8046 7652 7787 7639 7682 8155 8205 7984 7799 7825 7579 7911 8059 7923 7670 8041 7982 8127 7662 8501 8241 7707 7870 8312 7746 8415 8219 7779 8253 8187 7812 7779 8155 8322 7831 8223 8030 7928 7969 8276 8288 8358 8323 7400 8118 7825 7641 8263 7984 8354 7434 7808 8181 8151 7871 7959 7720 8093 8211 8046 7761 7875 7797 7924 7683 8035 8142 8271 8382 8508 7927 7999 8282 7565 8141 7792 8152 8446 7996 7924 8014 7957 7988 7807 7606 8695 8003 7351 7684 8075 8210 8194 7903 7829 7837 7737 8626 7739 7633 8435 8461 7824 8187 7713 7899 7984 7731 7697 7986 8308 8021 7466 7899 7924 7574 7998 8185 8155 8308 7660 8147 7533 7981 8565 8497 7824 8073 8018 8142 7928 8345 8282 7772 8442 8152 7901 7696 7856 8037 7984 7755 8117 8300 7448 8574 8072 8402 7738 8088 7715 8058 8101 7904 7877 7844 7887 8208 7970 8569 8143 7404 8332 7476 7941 7909 8480 8091 7973 8559 7981 8050 7527 8195 7760 7273 7796 8156 8079 8006 8080 8394 7662 7597 8357 8099 8051 8054 8288 7368 7832 7870 7851 8717 8759 7759 7756 8225 7950 8209 7969 7682 8091 8212 7967 8163 8083 7694 7697 8410 8417 8023 7659 7778 7474 8175 7764 8483 7824 7841 7740 8398 8461 8216 7910 8337 7851 8288 7992 8292 8141 8107 8360 8275 8431 7959 8470 7898 7945 7864 7920 8201 7954 8359 8087 7759 8314 7671 8392 7400 8135 8126 7788 7711 8168 7842 8045 7684 7814 8322 8343 7481 7523 8021 8152 8115 8289 7757 8055 7935 8146 7855 7818 7773 8024 8327 8061 8310 7891 7977 8007 8132 8191 7564 8344 7955 7633 7692 7549 7914 8080 8019 8625 8141 7980 8014 8059 7151 7771 8114 8715 7412 7862 7663 7710 8127 8090 7711 8319 7849 8253 8383 7720 8102 7848 8355 7914 8375 7512 7924 7735 8360 8053 7657 8038 7870 8581 7975 7973 7869 7918 7807 7755 7423 8265 8307 8243 7821 8252 8460 8172 8089 8034 7818 8219 7762 8169 7923 8052 8251 7538 7868 8403 7632 8285 7821 7812 8006 7191 7893 8280 8585 8118 7665 8115 7801 7985 8143 7970 7669 8106 8398 
7671 8316 8522 8413 8806 7931 8495 8163 7971 8060 8386 7578 7624 8597 8717 8087 8565 8069 8110 8131 8567 8026 8217 8467 8649 8253 8028 8327 7830 8290 7805 7764 8055 8082 8523 8340 8086 8083 8069 7913 8401 8356 8351 8133 8127 8138 8647 7842 8457 7916 7918 8078 8239 8273 8547 8723 7764 8363 8586 8192 7785 8285 8281 8031 8688 8074 8290 8342 8890 8379 8673 8619 7525 8495 8155 7596 8249 7937 9005 7791 8057 8279 8362 8374 8384 8329 8267 7834 8585 7796 8334 8035 8345 7877 7915 8480 8483 8775 8768 8042 8217 8655 8048 8588 8175 8262 8840 7804 8133 8269 8387 8534 7873 7603 8613 8005 7638 7809 7913 8309 8091 8342 7574 8232 7988 8813 8481 7839 8457 8659 8157 8391 8079 7833 8089 7770 8417 8093 8738 8063 7919 8744 8050 7741 8208 8271 8219 8755 7735 8323 7868 8173 8550 8753 8155 8291 8475 8096 7744 8132 8574 8422 8286 8089 8316 8156 8643 7932 7959 8152 8498 8741 7931 8631 8332 8279 8240 8100 7679 8365 8659 7870 7816 7741 7939 8527 8191 8488 8188 7305 8439 7621 8323 7961 8881 8174 8309 8811 8552 7979 8393 8629 7976 7570 8216 8538 7969 8130 8423 8502 8077 7780 8832 8526 8188 8058 8509 7885 8488 8295 8419 8562 8895 8363 8200 8280 7940 8165 8448 7984 8016 8549 8134 7999 8087 7605 7958 8853 8354 8100 8209 7816 7842 8271 7817 8310 8233 8124 7983 8388 8521 7996 8220 8680 8202 8366 7957 8350 8240 8517 8220 8280 8716 8251 8754 7934 7954 8247 8648 8171 8468 8482 8283 8142 8311 7736 8586 7998 8227 8448 7691 8042 8260 7722 8054 7793 7802 8383 8287 7916 7447 8063 8159 8237 8259 8102 8015 8230 8713 8153 7890 8033 8286 8656 8261 8055 8429 8109 8558 8180 8043 7723 7985 8430 8011 8007 7851 8462 8328 8297 8830 7789 8053 7968 8179 7681 8167 8173 8987 7871 8179 8182 7939 8081 7971 8258 8561 8197 8786 8426 8269 8336 8064 8637 8038 8290 7853 8218 8253 8443 8498 7959 8149 8037 8812 8121 8524 8044 7473 7972 7852 8263 8297 8624 7944 7984 7926 8468 8432 8186 8267 7901 8027 7854 8376 8396 8192 8393 7505 8002 8336 8121 8468 7777 8420 8121 7609 8124 8326 8760 8554 8296 8137 7928 8145 8048 8041 8126 8493 8811 
7224 7916 7852 7593 8025 7356 8164 7642 7645 7360 7913 7385 7288 8263 8083 7763 8289 7536 7796 7932 8244 7779 7710 8203 8645 8161 7689 7984 7964 7971 7517 7248 7644 8039 8109 7786 7736 7614 7820 7818 7877 8265 7651 7808 7563 7370 8215 7441 8029 7805 7460 7880 7796 7547 8473 8159 7521 8458 8113 7648 7636 8090 7641 7566 8206 7754 8225 7849 8233 8300 8185 7978 7380 8211 7576 7306 8103 7722 8155 7218 7962 7996 7655 7962 7822 7859 7944 7812 7905 7470 7667 7877 7876 7672 7553 8179 8151 8153 8227 7575 8108 8340 7719 8076 7937 8009 8194 7958 7722 7651 7778 7966 7400 7302 8455 7507 7401 7331 7678 7685 8134 8165 7558 7715 7594 8581 8086 7767 7964 8136 7718 7951 7613 7591 7917 7938 7576 7664 8156 7826 7777 7937 7788 7174 7973 8114 7904 8247 7296 7973 7544 7753 8175 8118 7723 7930 7825 7656 7523 7755 8457 8196 8112 7756 7885 8171 7936 7871 7733 7919 7997 8088 7600 8416 8105 7945 8022 7859 7389 7646 8159 7536 7446 8007 7499 7924 7813 8444 7932 7228 7676 7366 7720 7832 8385 7878 8138 8236 8199 7910 7847 8240 7784 7445 7766 8022 7711 7788 8256 8243 7760 7366 8400 8226 7453 8037 7736 7732 7980 7466 8173 8572 8339 7988 7849 8309 7615 7541 7825 7544 7726 8324 7860 7517 7673 7321 7585 8049 8021 7852 7568 7785 7652 8054 7848 8220 7645 7748 7520 8408 8020 7498 8355 8277 7906 8007 7711 8223 7667 7740 8070 7959 8249 7576 8133 7832 7955 7683 8106 7700 8124 8330 8259 8154 7689 7973 8452 7377 7875 8242 7385 7607 8365 7580 8196 7461 7458 8096 7951 7673 7386 7636 7913 7507 8336 7703 7782 7995 8231 8045 7969 7783 7545 8107 7825 7901 8063 8117 7738 7849 7932 7538 8047 7413 7916 7439 7778 7957 7952 7770 8485 8013 7688 7782 7863 7159 7665 7719 8165 7382 7951 7699 8218 8216 7790 8450 8089 7757 8019 8259 7977 8094 7651 8223 7725 7825 7374 7924 7828 8234 8085 7885 7768 7902 8133 8108 8103 7701 7709 7957 7632 7856 7865 8100 7765 7510 7852 8390 8233 7796 8169 7607 7935 8363 7639 8143 7995 7881 7124 7718 7682 7389 8050 7906 7696 8146 7310 7577 7887 8335 7747 7586 8238 7822 7756 7841 7757 7827 8065 8416 
6922 7835 7757 7856 8222 7611 8183 7734 7498 7428 7645 7391 7256 8227 8084 7996 8059 7879 7762 7696 8263 7554 8024 8056 8147 7831 7310 7601 7379 8012 7575 7244 7937 7637 7961 8093 7327 7330 7734 7748 7765 8253 7673 7746 7574 7590 8146 7388 7817 7945 7774 7297 7809 7563 8257 8071 7395 7884 7903 7574 7316 8253 7489 7508 7996 7406 8177 7865 8244 7895 7963 8052 7263 8100 7359 7488 7826 7433 8190 7322 7812 7657 7902 7795 7686 7601 7862 7206 8088 7495 7658 7733 7600 7576 7864 8312 8251 8166 7796 7880 7692 8133 7852 8055 7418 7709 8252 7574 7653 7893 7658 7888 7343 7150 8476 7642 7425 7271 7453 7651 7532 7827 7444 7491 7552 8408 7695 7553 7894 8155 7645 7912 7632 7791 7544 7730 7149 7805 7937 7784 7355 8073 7733 7176 7380 8048 7496 8272 7334 8026 7372 7891 8187 7897 7385 7716 7854 7326 7452 7951 7885 7800 8013 7914 7867 7922 7922 7789 7666 7694 7907 8444 7437 8114 8024 7837 7797 7884 7483 7986 8214 7588 7801 7461 7427 7960 7922 8124 7822 7238 8065 7273 7774 7816 8214 7991 7977 7920 7964 7874 7507 7951 7562 6973 7856 7836 7799 7815 7879 7825 7470 7571 7976 7859 7606 7641 7637 7583 7878 7879 7826 8353 8180 7938 7867 7937 7539 7571 8053 7109 7641 8023 7687 7734 8012 7333 7339 8177 7696 7740 7534 7297 7204 7997 7779 8212 7675 7583 7449 7989 7945 7731 7963 8325 7782 7777 7642 8024 7880 7673 7966 7922 7992 7761 7867 7704 7754 7428 8078 8001 8079 7828 7849 7502 7952 7770 7833 7399 7330 7977 7062 7818 7962 7362 7621 7313 7602 7710 7897 7699 7040 7597 7683 7668 8304 7804 7573 7692 8262 7754 7781 7383 7453 8228 7977 7693 8171 8009 7876 8114 8096 7141 7820 7537 7533 7574 7718 7572 7789 7666 8298 7449 7690 7715 7834 7370 7645 7454 8200 7435 7642 7640 7752 7611 7658 7805 8174 7507 8153 7997 7732 7727 7562 8263 7608 7974 7387 7453 7878 7967 7898 7490 7595 7736 8177 7731 7838 7715 7427 7823 7541 7620 7756 8054 7404 7467 7871 8082 7978 7739 7804 7733 7876 7680 7692 7810 7839 7987 7076 7712 7834 7483 7858 7538 7756 7865 7040 7608 7964 8034 7972 7350 7747 7561 7887 7913 7814 7774 8142 8285 
7233 8269 8345 7865 8724 7782 8577 7981 7781 7793 8016 7929 7440 8575 8203 8206 8519 8312 8062 8236 8301 7740 7975 8304 8484 8398 7878 8089 8016 7967 7774 7799 8414 8197 8160 8214 7716 7731 8076 7796 7935 8477 8222 8028 8021 7797 8099 8084 7949 8426 7847 7700 8139 8213 8458 8449 7945 8208 8384 8154 7654 8652 7962 8007 8282 7824 8427 8309 8458 8502 8115 8478 7570 8093 7712 7772 8724 7674 8593 7397 8023 8518 8365 8049 8227 8084 8216 7963 8065 8080 7626 7974 8433 7655 7894 8536 8764 8337 8354 8074 8226 8527 8069 8466 8033 8260 8487 8112 7747 8166 8043 8497 7738 7628 8317 8198 7596 7929 8032 8107 8245 8088 7561 7744 7982 8829 7836 8020 8417 8681 8185 8503 8329 7891 7990 7840 7569 8313 8450 8328 7747 8309 8223 7528 8375 8117 7961 8737 8059 8232 7777 8200 8199 8285 8151 8076 8290 7892 7873 7995 8076 8168 8191 7968 8170 8387 7939 7914 8046 8169 8442 8419 7894 8481 8167 8278 7671 8264 7820 8119 8246 7950 7516 8319 7879 8134 8271 8431 7944 7317 8114 7651 8142 7962 8487 8245 8658 8535 8045 8398 8091 8474 8298 7691 7830 8353 8213 8044 8211 8224 7990 7759 8364 8156 8077 8107 8167 7764 7947 8038 8117 9058 8338 8099 7916 8411 7796 8025 8240 7552 8167 8256 7949 8073 8196 7645 7750 8307 8151 8298 7963 7829 7536 8028 8069 8460 7870 7563 7964 8099 8487 8329 8418 8640 7979 8369 7803 8360 7787 8320 8022 8210 8395 7981 8582 7675 8003 7606 8305 7871 8646 8699 8204 7673 8009 7896 8271 8129 8069 8435 7537 8058 8528 8026 7923 7624 7703 8143 8094 8385 7712 8125 8006 8038 8421 8032 8073 8035 8481 8010 7945 7992 8321 8441 8354 8266 8656 8181 8530 8289 8671 7687 8311 7981 8203 8132 7526 7692 8294 8017 9121 7931 8054 7944 7990 7421 7987 8376 8497 7304 8082 7698 8193 8469 8115 8277 8397 7879 8417 8384 8319 8627 7964 8621 8061 8146 7535 7884 8147 8388 8280 8106 8340 8063 8389 8401 8737 7833 7682 7884 7803 8064 8285 8230 8005 7478 8321 8467 8416 8243 8003 8110 8228 7958 8164 8108 8070 8418 7582 7946 8090 7566 8251 7703 8248 8430 7362 8448 8198 8516 8387 7645 8358 7869 8167 8181 8181 8329 8087 8617 
7380 8383 8098 7889 8609 7820 8439 7551 7781 7883 8151 7721 7790 8599 8062 7846 8491 8582 7876 7987 8267 7679 7677 8299 8504 8549 7720 8016 8124 8175 7785 7868 7847 8291 8386 8298 7954 7736 8100 7709 8214 8373 7837 8042 7743 7956 8324 7751 8147 7916 7822 8074 8367 8188 8233 8236 7742 8192 8553 8203 7731 8395 7801 7835 8357 7794 8366 8300 8364 8039 8404 8324 7793 8183 7556 7749 8182 7640 8339 7597 7918 8118 8147 7953 8373 7776 8272 7908 8244 8120 7712 7842 8408 7916 7727 8511 8473 8791 8495 8062 7864 8706 7762 8439 7706 8294 8578 8030 7733 8001 7667 8009 7844 7293 8441 8018 7497 7538 7526 8413 7977 8047 7575 7859 8136 8446 7952 7877 8761 8348 8084 8039 8183 7606 8289 8085 7870 7869 8218 8129 7693 8385 7810 7413 8134 8276 7874 8561 7671 7895 7482 8151 8339 8362 8086 7770 8062 8145 7548 8230 8222 8602 8216 7984 7693 8005 8270 8314 8189 7832 8271 8743 7990 8613 8533 8007 7941 8118 7983 8159 8217 7917 7673 7977 7719 8414 8137 8279 8015 7316 8135 7481 8142 8126 8723 8290 8267 8468 8079 8207 7928 8216 7776 7379 8188 8068 8050 8244 8135 8106 7750 7787 8234 8046 7914 7619 8360 7950 8155 8109 7986 8667 8742 8175 7954 8014 7833 8197 8052 7731 8027 8133 7969 8070 7961 7373 7636 8651 8086 7998 8135 7755 7811 8303 8219 8228 7950 8146 7702 8118 8446 8023 8302 8382 7934 8124 7498 8232 7961 8469 8064 8093 8390 8051 8297 7776 7925 7971 8106 7753 8335 8555 8314 7914 7918 8046 8499 7512 7907 8348 7467 7941 8415 7815 7972 7618 7752 7901 8371 8213 7569 7963 8232 7918 8129 7866 7885 8089 8184 7965 7751 7930 8120 8381 8177 8080 8121 8088 7891 7975 8351 7779 8014 7788 7841 7973 7680 8263 7930 7617 8890 7997 7837 7784 7794 7186 7860 7864 8426 7668 8144 7876 8417 8336 7963 8514 8462 7843 8488 8306 7949 8175 7911 8532 7866 8063 7577 8016 7909 8173 8294 7790 7757 8047 8502 8305 8336 7867 7684 8027 7684 7927 7900 8174 7816 7635 8155 8205 8104 8297 8116 7841 8035 8130 8161 8297 7863 8223 7209 7764 7980 7760 8129 7948 8079 8815 7358 8374 8251 8428 8081 7828 8120 7840 8147 8189 8083 8320 8158 8601 
7786 8340 8324 8303 8896 7703 8799 8030 8095 7499 8225 8071 7435 8610 8343 8222 8768 8405 7895 8168 8405 8203 8137 8971 8882 8575 7816 8387 8241 8380 8007 7786 7983 8275 8471 8319 8025 7913 8661 8151 8204 8409 8090 8351 7855 7941 8873 8278 8505 8469 7930 8129 8630 7958 8809 8259 8111 8769 8154 8283 8061 8450 8335 8064 8774 8200 8090 8293 8469 8379 8628 8781 7949 8388 8161 8157 8046 8157 8599 7808 8123 8559 8141 8484 8069 8256 8725 8259 8585 8147 8038 7962 8461 8016 8084 8841 8535 8775 8678 8244 8419 8351 8219 8588 8490 8777 8717 8084 8000 8007 8033 8256 8031 7840 8866 8157 7636 7840 7775 8365 8549 8121 7826 8182 8247 8808 8327 8032 8360 8786 8326 8858 8213 7827 8307 8206 8152 8298 8544 8055 7840 8382 8231 7739 8584 8642 8260 8730 8004 8487 7882 8042 8647 8469 8305 8490 8189 8329 8260 8211 8685 8313 8620 8520 8364 8501 8441 8320 8278 8165 8267 8783 7867 8944 8525 8458 8150 8464 7915 8412 8440 8084 8072 8081 8058 8446 8147 8875 8292 7523 8541 7774 8190 8362 8619 8494 8875 8772 8785 8376 8199 8474 8445 7826 8334 8239 8539 8258 8938 8611 7713 8039 8791 8408 8071 8707 8558 7847 8214 8065 8502 9238 8759 8155 8294 8477 8181 8325 8181 8098 8472 8619 8044 8295 8453 7607 7829 8581 8661 8454 8094 8213 7956 8457 8270 8677 8039 8061 8417 8701 8478 8561 8329 8761 7911 8456 8201 8404 8300 8818 8367 8356 8556 8189 8207 7925 8360 8016 8253 8199 8154 8739 8304 8463 7942 8125 8932 7995 8218 8604 7721 7939 8507 7804 8143 8231 7903 8473 8518 8227 7701 7956 8357 8412 8229 8208 8231 8211 8811 8727 8148 8232 8297 8900 8174 8636 8683 8292 8364 8844 8513 7719 8379 8487 7970 8046 7965 8335 8375 8421 8876 8062 8227 8573 8216 7426 8165 8230 8886 7868 8196 7960 8474 8518 8357 8569 8767 8432 8972 8936 8287 8543 7935 8601 8093 8561 8005 8512 7924 8677 8818 8336 8158 8083 8655 8551 8681 8286 7946 8298 8300 7910 8482 8367 8122 8263 8369 8708 8778 8348 8176 8224 8676 8225 8521 8334 8175 8223 7751 8228 8457 7920 8763 8272 8264 8385 7699 8117 8558 8718 8223 8008 8600 8215 7899 8118 8149 8316 8628 8916 
7419 8411 8379 7939 8530 8138 9070 8190 8058 7859 8110 8312 7744 8350 8464 8071 8378 8264 8293 8034 8526 8019 7966 8313 8616 8566 8140 8110 8051 8397 7637 7535 8166 8319 8292 8366 8111 8196 8198 8238 8344 8321 8125 8112 8226 8195 8684 7668 8624 8100 7977 8031 8517 8127 8709 8243 7904 8782 8661 8143 8005 8450 8279 8138 8669 7998 8517 8628 8586 8776 8622 8441 7496 8685 8103 7452 8354 8196 8445 7641 8141 8459 8174 8201 8223 8125 8339 7964 8458 7788 7887 8327 8139 7849 8234 8405 8660 8716 8473 8193 8095 8563 8005 8578 8255 8332 8729 8367 7984 8118 8354 8602 7805 7818 8717 8025 7610 7922 7783 8707 8183 8329 7690 7728 7997 8779 8421 7737 8444 8532 8113 8260 8339 7949 8099 7962 8097 8399 8245 8207 7668 8414 7919 7769 8316 8284 8033 8912 7787 8558 8026 8592 8441 8303 7995 8495 8471 7975 7875 8055 8276 8177 8088 8063 8304 8026 8622 8225 8166 7948 8447 8662 7681 8670 8369 8116 8244 8277 8006 8517 8901 8110 7604 8386 8179 8320 8419 8694 8155 7301 8395 7340 7993 8000 8696 8251 8379 8511 8219 8428 8015 8538 8278 7720 8123 8533 7967 7975 8347 8456 7873 8062 8880 8277 7949 8317 8543 7706 8197 8356 8575 9157 8862 8383 8195 8665 7737 8091 8446 7837 8106 8418 8130 8076 8307 7633 7896 8680 8198 8030 7919 7695 7891 8162 8010 8534 8125 8191 8057 8493 8555 8103 8160 8777 8057 8711 8090 8396 8365 8383 8325 8295 8352 8195 8444 7840 8102 7835 8345 8492 8696 8469 8498 8159 8061 8140 8653 7753 8059 8110 7908 8137 8556 7876 8135 7871 7783 8202 8061 8200 7482 8254 8142 7994 8591 7958 8080 8528 8540 8096 7924 7890 7853 8820 8502 8405 7978 8171 8252 8227 8094 7620 8007 7874 8079 8042 7747 7970 8439 7802 8598 8248 8239 8107 8192 7887 7968 7940 8777 7957 7981 7660 8252 8099 8308 8019 8521 7969 8615 8312 8347 8430 7991 8625 8230 8108 7620 8371 8410 8337 8477 8064 8088 7881 8774 8324 8561 8285 7984 8174 7963 8043 7798 8770 7784 7966 8385 8456 8345 8097 8075 8080 8225 8200 8220 8254 8188 8584 7617 7745 8329 8049 8112 8022 8640 8208 7543 8441 8288 8375 8775 8077 8283 8126 8241 8417 8162 8187 8457 8713 
7237 8471 8776 8302 9030 8455 8927 8425 8114 7822 8507 8253 7584 8916 8835 8481 8860 8721 8474 8333 8938 8313 8698 8790 8910 8608 8020 8334 8707 8567 7877 8188 8428 8330 8738 8673 8031 8301 8454 8943 8764 8719 8179 8502 8153 8290 8715 8230 8713 8415 8139 8294 8779 8582 8812 8826 8317 8826 8878 8375 8277 8742 8641 8230 8602 8319 8588 8608 8740 8580 8807 9040 7890 8927 8551 7890 8449 8592 9020 7915 8325 8664 8601 8425 8686 8286 8583 8082 8550 8620 8262 8225 8761 8232 8417 8969 8821 8986 9008 8528 8475 8826 8499 9157 8492 8898 8832 8644 8174 8712 8487 8766 8107 8337 9412 7994 8215 8339 8140 8532 8426 8225 7909 8497 8557 9135 8392 8390 9088 9181 8372 8618 8522 8442 8515 8505 8261 8578 8708 8797 8138 8762 8581 7919 8462 8734 8482 9236 8069 8841 8297 8486 9028 8600 8282 8775 8636 8488 8033 8526 8717 8615 8387 8415 8260 8419 8677 8472 8532 8378 8917 9409 8186 9045 8817 8945 8490 8740 8291 8514 8630 8273 8398 8673 8258 8584 8582 8845 8741 7873 8388 7984 8043 8772 9239 8903 8718 9052 8765 8653 8600 8806 8279 7799 8552 8840 8597 8408 8802 8366 8280 7846 8872 8751 8206 8617 8318 8451 8656 8519 8555 9442 9327 8635 8218 8804 8183 8368 8245 8116 8564 8731 8189 8441 8396 8030 8249 9024 8703 8393 8414 8203 8236 8473 8204 8558 8168 8549 8201 8430 8801 8343 8507 8795 8753 8780 8293 8790 8448 8546 8621 8604 8871 8625 8645 8167 8292 8127 8585 7880 8778 8969 8630 8366 8668 8162 8872 8047 8120 8593 7932 8158 8723 8105 8442 8255 8238 8448 8637 8344 7801 8366 8698 8291 9056 8435 8425 8336 8848 8376 8584 8192 8457 8949 8696 8766 8650 8691 8718 8611 8648 7973 8562 8607 8358 8211 8162 8742 8737 8519 9119 8561 8482 8567 8512 7828 8526 8365 8972 7994 8327 8531 8669 8441 8636 8720 8636 8467 8936 8804 8371 8274 7913 9058 8561 8663 8177 8312 8645 8711 8465 8520 8531 8142 8886 8661 8561 8292 8149 8347 8250 8263 8608 8828 8370 8194 8241 8844 8849 8403 8746 8465 8621 8355 8435 8559 8564 8521 7595 8636 8698 8067 8385 8281 8470 8843 7717 8443 8727 8830 8894 8251 8851 7887 8412 8752 8362 8363 8530 8949 
7633 8322 8267 7979 8718 7893 8692 8228 7639 8020 7951 8043 7595 8407 8474 8248 8260 8279 8210 8313 8480 7643 7835 8380 8654 8417 8145 8259 8410 8211 8129 7731 8251 8102 8307 8159 7704 7986 8069 8183 7995 8441 8036 8129 7882 8046 8694 7966 8227 8445 8127 7971 8182 8068 8323 8329 7940 8640 8476 7834 7689 8368 8124 8125 8376 7922 8464 8021 8402 8612 8427 8366 7623 8532 7941 8047 8739 8126 8403 7689 7822 8390 8121 8129 8383 7924 7942 7664 8285 8017 7798 7836 8331 7835 7919 8407 8211 8647 8726 8110 8087 8352 8219 8388 8057 8097 8965 8333 7693 8028 8335 8097 7994 7554 8459 8004 7325 7838 8018 8511 8426 8280 7673 7737 8145 8568 8183 7981 8473 8937 8189 8259 8364 7829 7960 8078 7993 8161 8426 8429 8083 8298 8029 7667 8008 8354 7980 8641 7852 8182 7923 8378 8603 8274 8220 8319 7914 7873 7963 8103 8049 8205 8141 8245 8202 8343 8371 8236 8187 8151 8568 8605 8027 8636 8470 8285 8016 8125 7969 8292 8731 8442 8028 8005 7943 8511 8559 8776 8086 7365 8196 7735 8091 7821 8467 8164 8807 8879 8263 8067 8295 8508 8086 7705 8103 8474 7823 8270 8321 8489 7765 7994 8544 8164 8193 8416 8220 7930 8128 8064 8178 8963 8693 8264 8085 8470 7877 8135 8365 7878 8199 8557 8070 8135 8075 7707 7586 8598 8310 8067 8258 7837 7619 8322 8171 8236 7994 8353 8029 8479 8500 8120 8235 8669 8101 8444 7879 8408 8324 8300 8183 7924 8396 8473 8654 8157 7899 7959 8385 8161 8382 8825 8045 8297 7970 7634 8755 8141 8119 8399 7594 7971 8538 7861 8186 7690 7840 8195 8400 8056 7742 8411 8247 7829 8516 7974 8127 8161 8590 7809 8118 7879 8174 8599 8376 8328 8544 8089 8365 8204 8305 7538 8057 8223 7922 8176 7791 8449 8409 8093 8875 7937 7923 7877 8088 7683 7870 8108 8627 8020 7911 8075 8258 8073 8087 8344 8708 7903 8352 8534 8186 8644 7916 8820 7907 8168 7677 8041 8391 8778 8391 8238 8065 8022 8732 8346 8811 8242 7822 8313 7821 7971 8361 8264 7939 7879 8216 8426 8615 8263 8323 8125 8170 8030 8535 8442 8003 8252 7672 8009 8408 7897 8242 8041 7998 8135 7704 8364 8471 8598 8397 8184 8228 7702 8444 8143 8229 8214 8693 8703 
7721 8613 8571 8278 9032 8264 8950 7917 8033 8484 8383 8085 7750 8533 8791 8264 8823 8815 8161 8359 8737 7832 8354 8842 8704 8556 8165 8316 8352 8476 8059 7567 8415 8268 8697 8824 8123 8332 8219 8256 8547 8849 8510 8690 8352 8108 8992 8404 8591 8491 8030 8162 8538 8206 8789 8748 7932 8919 9015 8386 8170 8690 8358 8448 8687 8075 8528 8021 8585 8531 8495 9092 8068 8269 8308 7801 8512 8027 8877 8108 8200 8341 8383 8655 8309 8210 8612 8211 8658 8727 8287 8189 8605 8257 8165 8755 9050 8953 8901 8212 8092 8835 8183 8997 8276 8393 8859 8544 8479 8641 8388 8680 8047 7966 8834 8386 8025 8014 8099 8749 8490 8875 7776 8027 8360 8956 8498 8332 8590 9175 8431 8583 8360 8026 8577 8615 8364 8817 8582 8427 7978 8595 8296 7764 8130 8691 8122 8784 8305 8574 8153 8618 8904 8740 8179 8453 8467 8229 8016 8478 8769 8210 8278 8296 8546 8437 8581 8070 8395 8637 8815 8839 7909 8880 8645 8829 8331 8514 8179 8495 8785 8469 8377 8306 8326 8773 8702 8946 8335 7638 8453 7946 8297 8509 9246 8548 8695 9162 8500 8412 8272 8831 8226 7967 8509 8653 8357 8199 8819 8467 7950 8171 9122 8772 8040 8824 8330 8005 8516 8356 8667 9320 8921 8515 8479 8319 8045 8497 8418 8167 8464 8841 8000 8287 8636 7992 8014 9008 8265 8321 8378 8452 8045 8700 8558 8803 8246 8522 8290 8605 8634 8131 8581 9091 8524 8399 8383 8886 8214 8811 8462 8190 9055 8560 9118 8046 8141 8331 8485 8048 8721 8751 8605 8435 8525 8114 8950 8386 8565 9035 7944 8140 8552 8189 8565 7931 8298 8671 8450 8149 7782 8296 8601 8349 8928 8444 8537 8485 9056 8655 8338 8492 8218 8955 8725 8690 8575 8400 8314 8760 8743 7883 8353 8270 8370 8187 8159 8251 8615 8263 9057 8117 8015 8605 8478 7807 8149 8306 8844 7976 8346 8197 8392 8498 8491 8622 8872 8313 8643 8671 8232 8403 8115 8629 8353 8583 8140 8434 8756 9085 9023 8433 8515 8400 8448 8626 8922 8478 8092 8224 7993 8138 8415 8210 8476 8114 8540 8564 9006 8734 8392 8232 8672 8320 8766 8557 8322 8366 7789 8237 8528 7923 8669 8550 8260 8393 8026 8173 8912 8840 8652 8175 8468 7842 8268 8156 8296 8638 8683 8812 
7027 8239 8076 7900 8676 7631 8694 7951 7772 7737 7852 7825 7609 8102 8265 7954 8138 8204 8193 7695 8301 7550 8007 8296 8436 8151 7532 7936 7676 8099 7615 7469 7864 8096 8159 8380 7946 7769 7933 7872 8292 8032 8185 8100 7987 7887 8496 7983 8053 8257 7728 8081 8220 7868 8293 8665 7972 8253 8447 8235 7747 7956 7843 8099 8263 7570 7990 8342 8364 8091 8059 8254 7355 8214 7685 7442 7952 7759 8725 7257 7701 8166 8255 8167 8323 7720 8146 7828 8319 8007 7834 8037 8098 7827 7916 8616 8658 8344 8409 8171 8037 8725 7965 8259 7564 8189 8187 7955 7538 8039 7942 8163 7718 7468 8451 8191 7662 7495 7871 7922 7867 8090 7503 8029 7953 8578 8245 7662 8242 8485 8312 8248 8109 7821 8038 8119 7946 7822 8196 8059 7752 8138 7827 7458 7994 8233 7761 8253 7528 7881 7783 8046 8338 8229 7989 8006 8068 7895 7682 7868 8268 8321 8045 8160 7775 7903 8006 8123 7953 7876 8229 8335 7686 8419 8238 8301 7426 8032 8017 7934 8280 7867 7646 7775 7705 7923 8384 8501 8024 7491 8410 7365 8202 7989 8594 8147 8311 8314 7926 8074 7971 8416 7968 7707 7936 8121 7601 7884 8489 8224 7830 7647 7988 8271 7750 8027 8204 7646 7964 8149 8165 8648 8281 8361 7965 8445 7771 7999 8143 7622 7734 8181 7562 8120 7944 7721 7638 8390 8182 8299 8117 7938 7724 8282 8043 8010 8014 8005 7707 8071 8596 7859 7844 8638 8121 7972 7795 8137 8134 8033 7971 8324 8143 7759 8355 7906 7936 7764 8236 7883 8461 8380 8138 8001 8239 7850 8546 8066 7620 8245 7614 7793 8132 7892 7997 7935 7368 7965 8119 7966 7585 7878 7994 8120 8106 7786 7810 7811 8184 7872 7906 8084 8400 8338 8504 8148 8182 8143 8021 8243 8148 7631 8221 7920 7719 7782 7847 8095 8401 8009 8830 7957 7901 8131 8065 7272 7913 8145 8403 7561 8137 7944 7918 8011 7908 8311 8415 7759 8240 8408 7905 8299 7700 8109 7989 8028 7893 7867 8194 8529 8408 7834 8016 8013 8472 8347 8443 7936 7662 8126 7714 7759 8237 8182 7905 7656 8165 8451 8317 8400 7693 7685 7863 7965 8274 8022 8143 7909 7723 7863 7859 7798 8067 8034 8029 8118 7234 8132 8154 8519 8289 7944 8342 7932 7975 7681 8020 7816 8584 8497 
7078 8072 8210 7906 8409 7552 8363 7780 7729 7921 8165 7651 7485 7899 8246 7953 8109 8409 8076 7695 8333 7876 8318 8575 8532 7943 7511 7790 7611 8186 7658 7792 7812 8131 8190 8044 7831 7638 8033 8045 8152 8201 7883 7965 7743 7820 8635 7982 7948 8037 7762 7771 8370 7876 8673 8262 7914 8080 8310 8063 7995 8155 8130 7667 8172 7931 7909 8072 8135 8417 8251 8375 7225 8492 7689 7745 8129 8062 8190 7542 8025 8147 7797 7748 8447 7874 8020 7799 8169 7816 7901 8162 8139 7803 7658 8267 8397 8631 8392 7587 8105 8653 8025 8280 8066 8167 8468 8027 7786 7966 7907 8013 7773 7771 8731 8156 7729 7789 7714 8546 8097 8121 7232 7634 8098 8350 7831 7786 8666 8453 8191 8036 7899 7747 8059 7883 7541 7831 8251 7922 7953 8269 8203 7085 7949 8100 7988 8567 7487 7871 7804 7698 8399 8249 8077 8191 8200 7780 7883 8003 8274 8211 7881 7839 7900 8000 8127 8263 7914 7736 8218 8748 7822 8680 7941 8048 7849 8100 7885 8140 8407 8052 7824 7938 7536 8144 8045 8312 7963 7448 8153 7322 8222 8050 8528 8138 8121 8405 8189 8309 7945 8115 8043 7213 7602 7919 7950 7684 8103 8222 7728 7801 8382 8323 7759 7837 8334 8000 8282 8134 8035 8725 8406 8349 7661 8129 7755 7712 7925 7594 8069 8250 7900 7732 7882 7716 7599 8209 8061 8028 7447 8035 7692 8325 8095 8127 8107 8095 7696 8328 8224 8278 8352 8385 7903 8255 8205 8335 8074 8226 7734 8098 8140 8196 8196 7803 7491 7800 8305 8080 8067 8400 8116 8149 7778 7413 8703 7785 8087 8437 7794 7834 8126 7501 7856 7761 7700 7957 7988 8086 7275 7802 8193 7648 8555 7908 7961 8030 8054 8473 8044 8112 8112 8628 8327 8160 8488 8334 8217 8253 8398 7166 8213 7915 7520 7507 7886 8251 8343 8027 8381 7908 8234 8034 8025 7388 7905 7605 8739 8029 8092 8094 7963 8071 8198 8195 8294 7786 8403 8509 8117 7753 7872 8634 8128 8071 7738 7800 7791 8051 8417 7968 7976 7636 8712 8099 8419 7988 7735 7797 7718 7767 7837 7784 8097 7698 8061 8226 8400 8116 7758 7636 8071 7763 8384 8089 8006 8322 7449 8111 8406 8033 7899 7940 7886 8537 7441 7928 8009 8295 8033 7672 7993 7657 8407 8000 8078 7933 8241 8231 
7276 8338 8398 8035 8544 7692 8509 7919 8014 7544 7808 7583 7602 8422 8376 7599 8361 8262 7869 8075 8085 7789 8252 8433 8119 8144 7412 8112 7815 8464 7567 7499 7978 8103 8129 8091 7864 7501 8127 7872 8342 8024 7880 7905 7847 7738 8144 7865 8065 8215 7589 7675 8288 7551 8279 8348 7701 8164 8439 8084 7683 8408 8106 8275 8281 7875 8152 8182 8274 8302 8625 8332 7448 8278 7966 7585 7938 7983 8117 7786 7991 8288 7995 8276 7839 8108 8160 7767 8205 7959 7922 8313 8051 7986 7829 8416 7908 8315 8605 7980 8111 8840 8013 8480 7730 8069 8354 7904 7672 8146 8020 8267 7922 7393 8737 7966 7602 7401 7784 8354 8199 8069 7600 7897 8161 8641 7963 7807 8144 8629 8015 8299 7949 7563 8135 7895 7764 8147 8519 8448 7441 8425 8024 7316 8081 8417 8186 8548 7704 7878 7678 7807 8501 8075 7984 7821 8295 7877 7552 7990 8343 8208 8173 7904 8209 7933 8214 8148 8290 8079 8173 8498 7831 8514 8172 8306 7930 8164 7678 7841 8412 7951 7561 7740 7573 8191 8057 8429 8071 7218 8298 7467 8009 8233 8605 8022 8309 8578 7979 7763 7755 8494 8089 7414 7849 7925 7942 8141 8335 8329 7805 7827 8287 8231 7989 7905 8289 7803 7990 8078 8050 8691 8434 7943 7650 8154 7481 8043 8209 7630 8223 8572 8155 7652 7959 7495 7719 8359 8089 8145 7841 8091 7642 8394 8136 8407 8178 7825 8042 8295 8099 7954 8219 8294 7888 8399 8045 8462 7970 8240 7962 8006 8152 8214 8358 7855 7847 7948 8228 7724 8105 8439 8046 8004 8232 7684 8243 7913 7910 8475 7387 7762 8306 7422 7699 7834 7784 7959 8210 7865 7267 7840 8054 8058 8067 8035 8049 8095 8513 8216 8005 7858 7820 8558 8156 8054 8340 8150 8126 8289 8615 7834 8088 8385 7714 7752 7615 8337 8298 8096 8973 8119 7955 8288 7796 6866 8025 7963 8765 7615 7973 7886 7964 8178 8166 8003 8424 7885 8581 8620 8060 8269 7894 8411 8018 8481 7841 7819 8231 8524 8401 7919 8102 8115 8849 8220 8131 7984 7715 7846 7782 7708 7880 8025 7585 7740 8283 8352 8708 8260 8090 7879 8303 7700 8041 8168 7972 8182 7385 7906 8351 7530 8097 8065 8368 7942 7498 8117 7994 8239 8069 7956 8215 8060 7757 8134 7975 8237 8212 8593 
7407 8186 8216 7871 8067 8102 8413 7758 7700 7797 8165 7894 7307 8235 8384 8115 8296 8374 8186 7685 8234 7457 8071 8275 8543 8484 7849 8207 8210 7758 7680 7112 7760 8051 8213 8367 7839 8079 8251 7826 8060 8023 8007 8030 7750 7782 8463 7932 8308 7910 7974 7851 8228 7793 8672 8388 7881 8625 8544 8049 7890 8616 7692 7934 8319 7732 8299 8302 8370 8185 8079 8154 7990 8838 7906 7647 8280 7913 8398 7686 7917 8247 8063 7978 8109 7586 8228 7908 8447 7777 7803 7928 8234 7351 7838 8148 8797 8273 8419 7870 7919 8706 8006 8756 7801 7923 8555 8304 7797 8245 7848 8201 7528 7538 8581 7991 7759 7531 7659 8292 8019 8057 7571 7868 7949 8631 8120 8025 8464 8514 7948 8124 8025 8117 8113 8104 7914 8226 8482 8175 7833 8399 8259 7375 8450 8018 7985 8542 7805 8017 7733 8336 8388 8271 8034 8446 8303 8144 7687 7976 8523 8179 8153 7982 8206 8101 8339 7994 8074 7806 8424 8498 8215 8604 8086 8199 8162 8474 7659 8289 8671 8203 7823 7913 7731 8176 8203 8450 8352 7430 8209 7842 8248 8246 8741 8410 8202 8429 7982 8147 8191 8512 7858 7619 7706 8193 7940 7915 8284 8045 7806 7654 8362 8180 7790 8185 7998 8027 7899 7966 8174 8789 8355 8277 8202 8123 7526 8149 8023 7649 8585 8259 7744 8079 8302 7794 7569 8823 8315 8074 8131 7981 7635 8387 7918 8150 8175 8288 7766 8049 8153 7733 8322 8402 8208 8156 7910 8421 8110 8498 8303 8203 8153 8116 8539 7891 7885 7880 8110 8169 8310 8314 8318 8206 8020 7913 8369 7987 8052 8496 7979 7717 8426 7927 8175 7494 7366 8342 8233 8165 7460 7925 8097 8234 8256 7906 8018 8503 8615 7797 8204 7915 8202 8393 8135 8265 8347 8460 7957 8248 8306 7576 8300 7938 8097 7825 7853 8193 8384 8030 8928 8214 8119 8091 7996 7610 8051 7976 8583 7813 7884 7783 8252 8103 7928 8133 8456 8051 8253 8162 8048 8164 7741 8569 7838 8515 7472 8069 8025 7992 8650 8129 8228 7769 8562 8405 8282 8136 7852 8114 8029 7764 7726 8339 7993 7863 8176 8541 8328 8544 8122 7931 8294 8222 8244 8419 7995 8306 7460 7937 8253 7707 8387 8280 8592 8182 7562 8196 8466 8463 8371 7888 8229 7734 8118 7955 7744 8001 8223 8455 
7368 7837 8479 8381 8739 7814 8580 8189 8237 7386 8178 7801 7542 8505 8493 8127 8298 8239 8011 8046 8809 7889 8182 8470 8636 8266 7905 8246 7896 8345 7861 7469 8050 8017 8136 8281 8154 7800 7998 8172 8346 8608 7725 8151 7873 7758 8200 8188 8577 7932 7873 7958 8423 8172 8497 8474 7927 8756 8491 8138 7833 8737 8053 8146 8535 8118 8404 8158 8550 8496 8467 8426 7529 8570 7855 7800 8083 8226 8669 7856 8132 8489 7917 8058 8326 8074 8233 8144 8198 8153 8234 8258 7994 7818 8038 8616 8448 8693 8308 8092 8266 8561 7772 8437 8199 8219 8561 8209 7820 8267 7964 8157 7929 8036 8791 8053 7479 7844 7875 8005 8298 8023 7731 7870 7944 8704 8178 8099 8507 8804 8408 8240 7792 7759 8166 7977 7790 8038 8442 8132 8076 8431 7981 7572 8218 8360 8106 8505 8179 8036 7746 8045 8527 8365 8161 8213 8367 7890 7738 8218 8466 8471 8408 8284 7980 8050 8506 7843 8168 8307 8313 8877 7920 8702 8571 8359 8150 8427 7805 8306 8287 8218 7975 8166 7807 8310 8465 8569 8104 7507 8226 7406 8015 8186 8995 8148 8255 8693 8223 8601 7971 8174 8125 7724 8398 8272 8201 8423 8210 8478 7894 7933 8572 8158 8030 8261 8351 8007 8519 8209 8135 8986 8617 8538 8142 8196 7848 8263 8223 8336 8328 8394 7769 7959 8057 7544 7828 8530 8474 8116 7975 7913 7981 8382 8300 8317 8029 8070 8119 8398 8414 7985 8289 8412 8460 8488 7964 8307 8254 8403 7902 8316 8238 8205 8396 7471 8191 8053 8368 8015 8285 8199 8264 8137 7917 7882 8554 8129 8108 8600 7508 7967 8556 7692 8064 7863 8081 8217 8109 7963 7379 8145 8154 8008 8287 8053 8143 8269 8546 8251 8166 7919 8299 8664 8523 8259 8215 8315 8276 8689 8176 7656 7987 8067 7894 7990 7769 8427 8307 7987 8765 8288 8168 8162 8209 7388 8204 8117 8333 7742 8147 7729 8585 8394 8247 8336 8244 8164 8420 8595 8147 8205 7963 8377 8203 8398 7422 8202 8381 8428 8545 7720 8118 8064 8675 8476 8412 7736 7993 7863 7882 7933 8368 8274 8029 7851 8225 8421 8274 7933 8686 7984 7997 8037 8334 8209 8024 8227 7613 8016 8342 7713 8378 8086 8377 8341 7425 8064 7862 8373 8173 7690 8170 7767 8181 8262 8081 8406 8386 8824 
7963 8823 9012 8874 9121 8460 9303 8760 8734 8205 8819 8344 8156 9212 9123 8568 9069 8945 8698 8591 9051 8466 8672 9349 9086 8663 8640 8638 8757 9117 8224 8243 8677 8757 8745 8760 8521 7891 8810 8655 8775 9034 8797 8842 8715 8360 9201 8502 9122 8863 8285 8733 8929 8576 9167 8957 8764 9270 9163 8976 8377 9012 8782 8584 8861 8463 8840 8722 9271 8970 9124 9017 8075 8903 8241 8349 9002 8558 9298 8336 8509 8709 8620 8425 8937 8615 8849 8658 8916 8285 8369 8811 8708 8081 8680 9185 8903 9180 9240 8472 8449 9118 8614 9172 8347 8807 9035 8825 8394 8796 8551 8747 8309 8077 9342 8774 8148 8339 8486 8973 8599 8810 8022 8426 8567 9295 8763 8206 8908 9115 9010 8741 8677 8752 8718 8853 8266 8931 8891 8796 8346 9130 8599 8207 8819 8724 8479 9266 8070 8732 8610 8922 8999 8741 8784 8838 8966 8426 8426 8570 9091 8810 8728 8375 8900 8885 8985 8520 8737 8835 8965 9036 8620 9284 8930 8783 8471 8726 8210 8569 9142 8770 8283 8703 8543 8917 9121 9129 8783 8006 8959 8313 8719 8989 9148 8710 8820 9524 8725 8813 8818 9084 8690 8218 8589 8884 8396 8670 8862 8983 8368 8460 9120 8842 8681 8924 8872 8483 8947 8578 9275 9492 9268 8916 8698 8840 8281 8410 8746 8771 8907 8938 8541 8672 8888 8447 8608 8849 8932 8948 8422 8201 8374 9001 8476 8907 8733 8735 8500 8830 8995 8556 8777 9242 8827 9014 8361 8939 8751 8957 8529 8967 9252 8884 9161 8243 8699 8279 9150 8610 8968 8926 9116 8714 8928 8556 9477 8750 8567 9076 8089 8692 8732 8306 8775 8387 8430 9059 8897 8558 7981 8183 8742 8585 9113 8939 8694 8583 9275 8782 8648 8673 8826 9131 8922 8911 8962 8758 8665 9129 9051 8317 8633 8795 8417 8432 8534 8689 8893 8657 9538 8517 8749 8826 9009 7947 8474 8863 9274 8268 8576 8294 8988 8769 8784 8891 9212 8940 9101 9259 8955 8945 8563 9157 8589 9134 8463 8737 8827 9034 9245 8800 8859 7992 8943 8994 8967 8601 8189 8550 8578 8607 9123 8743 8401 8707 8744 9111 9305 8794 8946 8491 8674 8808 9011 8587 8947 8637 7961 8346 8873 8363 9146 8662 9028 9066 8280 8609 8740 9318 8883 8509 8531 8473 8542 8501 8586 8840 8841 9241 
7493 7983 7840 7798 8118 7523 8154 7878 7522 7355 8101 7807 7330 8118 8235 7885 7885 8025 7650 7834 8166 7713 7667 8209 8185 8237 7697 7796 7731 7948 7564 7231 7676 7890 7792 7939 7246 7824 7735 7675 7721 7986 7821 7634 7259 7505 8234 7739 8024 8097 7782 7758 7834 7880 8165 8039 7380 8151 8563 7601 7564 8259 7646 7469 7960 7562 8048 7879 8017 8273 8299 8097 7270 7587 7602 7330 8162 7736 7836 7390 7455 7905 8064 7895 7872 7763 7905 7677 8156 7483 7664 7874 7770 7385 7555 8205 8214 8266 8303 7736 7878 8600 7747 8431 7970 8069 8123 8056 7680 8286 7868 7731 7374 7496 8381 8017 7378 7561 7599 7929 7866 7715 7086 7693 7884 8466 7808 7819 7815 8281 7944 8019 7641 7621 7750 7998 7745 7967 8437 7869 7755 8138 7971 7209 7825 8056 7846 8316 7660 7856 7584 7774 8295 8128 7899 7941 7726 7828 7558 7993 8134 7885 7653 8001 7723 7839 8155 7573 7558 7771 7901 8601 7602 8551 7997 7832 7646 8056 7668 8039 8186 7655 7431 7744 7655 7802 8136 8258 8083 7361 7801 7490 7459 8022 8567 7910 7808 8116 7874 7974 7901 8014 7968 7355 7751 7890 7728 7911 8038 8094 7775 7528 8327 8032 7690 8108 7917 7601 8226 7826 8266 8546 8772 8103 7782 7936 7668 8240 8060 7130 7845 7899 7676 7996 7780 7384 7342 8267 7610 7995 7635 7764 7603 7769 7963 7884 8031 8187 7700 7940 7990 7397 8233 8399 8078 7911 7540 8196 7670 7909 7772 8085 7845 7654 8185 7535 7678 7528 8067 7696 8130 8086 8180 7782 7816 7787 8283 7703 8116 8135 7356 7929 8110 7537 7837 7465 7345 7983 7643 7848 7186 7619 7902 7502 8140 7561 7681 8015 8425 7818 7650 7657 7835 8032 8046 7896 8106 7794 7897 8310 8203 7246 7684 7634 7888 7379 7641 7929 8077 7620 8372 7845 7901 7955 8289 7259 7536 7982 8233 7677 7877 7687 8069 8053 7714 8164 7989 7672 8016 8083 7942 8275 7542 8180 7860 8068 7583 7987 7589 8077 7936 7699 8020 7758 8192 7985 8363 7689 7555 7770 7401 7390 7782 7758 7814 7572 8139 8288 8055 7912 7750 7544 7732 7666 8123 8163 7760 8010 7361 7318 7952 7554 8073 7705 7928 7972 7232 7639 7893 8197 8086 7527 7936 7496 7874 7685 7810 7836 8045 8661 
6412 7497 7680 7490 8059 7472 8309 7454 7396 7219 7769 7516 7202 7995 7970 7735 7921 7870 7687 7216 8002 7492 7682 7991 7787 7736 7337 7829 7425 7879 7367 7324 7303 7576 7883 7885 7331 7565 7898 7722 7606 7679 7643 7587 7659 7333 7940 7215 7841 7819 7367 7585 7926 7396 8197 7874 7642 8182 8021 7387 7219 8201 7521 7800 7923 7829 8226 7898 8065 7945 7929 7971 7186 8145 7372 7210 8004 7637 7807 7378 7330 7709 7330 7769 7547 7348 7861 7459 7976 7454 7471 7477 7513 7307 7494 8030 8066 7893 8124 7719 7743 7801 7755 8001 7567 7465 8116 7759 7303 7653 7649 7965 7427 7042 8209 7398 7269 7296 7422 7923 7599 7970 7137 7254 7388 8312 7608 7321 7845 8021 7661 7780 7633 7642 7814 7484 7603 7688 8221 7537 7312 7712 7665 6881 7801 7580 7420 7807 7537 7740 7252 7853 8134 7850 7716 8009 7531 7411 7478 7881 8079 7908 7703 7654 7582 7621 7814 7562 7663 7870 7970 8038 7155 8453 7817 7948 7676 7841 7223 7762 7972 7729 7338 7752 7451 7988 7802 8261 7883 6777 7760 7061 7849 7780 8286 7584 7888 8396 7745 7810 7589 7859 7471 7124 7434 7918 7468 7577 8130 7895 7249 7374 8172 7932 7233 7710 7588 7610 7687 7561 8004 8513 8155 7997 7514 7933 7288 7656 7593 7501 7804 7964 7359 7766 7499 7190 7471 8107 7535 7604 7184 7411 7145 7771 7739 7951 7539 7695 7566 8054 7927 7258 7497 7800 7744 7805 7313 8265 7474 7657 7455 7719 7739 7920 8114 7306 7518 7642 8017 7356 7792 8209 7886 7411 7812 7625 8080 7442 7681 8019 7235 7288 7823 7179 7787 7303 7392 7830 7505 7540 7168 7198 7821 7515 8181 7907 7802 7421 8053 7637 7647 7437 7558 7839 7699 7668 7497 7686 7730 8062 7973 7144 7665 7418 7683 7636 7740 7566 7571 7539 8099 7562 7476 7775 7537 6925 7482 7657 8366 7391 7752 7306 7844 7899 7699 7949 8102 7509 7933 8149 7417 7752 7339 8245 7399 7704 7322 7979 8100 8240 7985 7856 7601 7347 7804 7969 7901 7858 7199 7458 7343 7714 7460 7866 7498 7673 7794 7899 8023 7720 7693 7334 7871 7520 7952 7548 7581 7753 6774 7710 7580 7064 7481 7812 7571 7894 7136 7740 7828 8070 8006 7673 7565 7495 7813 7686 7277 7877 7811 8284 
7714 8697 8436 8053 8672 8076 8950 8331 7884 8088 8217 8005 7791 8614 8572 8346 8704 8602 7942 8287 8942 8267 8111 8609 8688 8648 7628 8646 8400 8433 8122 8162 8241 8362 8442 8338 7839 8022 8336 7974 8463 8174 8243 8467 7877 7923 8503 8366 8879 8520 7926 8434 8466 8249 8981 8428 7930 8735 8716 8284 8093 8891 8292 8057 8519 8119 8586 8338 8847 8574 8740 8591 7767 8620 8494 8102 8504 8098 8594 7851 8074 8373 8420 8409 8254 8112 8510 8287 8142 8166 7849 8565 8563 8041 8156 8755 8686 8803 8789 8051 8485 9046 8050 8857 8469 8316 8799 8407 7916 8368 8520 8307 8400 7957 8926 8134 8088 7875 8071 8348 8401 8429 7667 7836 8220 8729 8148 7830 8378 8759 8207 8641 8322 8224 8041 8321 8145 8293 8687 8527 8035 8477 8073 7447 8356 8297 8405 8703 7954 8257 8039 8679 8765 8626 8182 8409 8570 8225 7849 8177 8797 8540 8334 7921 8513 8012 8554 8169 8506 8313 8561 8745 8011 8846 8533 8568 8269 8391 7942 8559 8543 8563 8145 7953 8144 8509 8459 8804 8403 7618 8455 7821 8128 8472 9238 8588 8463 8965 8186 8373 8252 8555 8348 8038 8374 8592 8033 8156 8658 8424 8014 8042 8850 8513 8097 8305 8496 8093 8424 8110 8480 8922 8704 8720 8467 8775 8195 8138 8030 7840 8345 8430 7713 8410 8187 7839 7795 8531 8636 8485 8363 8339 7913 8316 8304 8527 8101 8317 8012 8811 8436 8007 8247 8879 8281 8787 8220 8478 8330 8391 8461 8403 8396 8287 8640 7902 8347 8244 8599 8377 8491 8703 8575 8261 8159 8133 8653 8320 8479 9004 7534 8209 8692 7799 8363 7851 8077 8476 8429 8227 7608 8181 8413 8195 8430 8150 8110 8524 9062 8336 8072 8223 8385 8721 8581 8395 8622 8543 8651 8808 8539 7701 8396 8423 8060 8084 8017 8273 8537 8449 8991 8183 8419 8507 8414 7660 8244 8311 8923 7778 8091 8095 8380 8376 8337 8516 8643 8216 8963 8847 8170 8261 7822 8768 8240 8561 7815 8286 8553 8486 8396 8094 8132 7988 9002 8634 8891 8404 8190 8368 7885 8358 8345 8306 8066 8139 8491 8660 8652 8275 8162 8051 8279 7983 8466 8426 8477 8513 7805 8473 8520 7925 8545 8536 8444 8847 7732 8084 8460 8578 8791 8342 8602 7919 8304 8305 8063 8440 8415 9078 
7055 8104 8153 7912 8272 8038 8600 8049 7968 7822 8032 7738 7598 8267 8100 8167 8259 8233 8203 7999 8495 7434 8283 8612 8437 8176 7850 7764 8016 8254 7886 7437 8102 8030 8110 8267 7706 7563 7680 7996 8013 7896 7881 8007 7560 7639 8302 7769 8396 8094 7815 7751 8076 7891 8461 8384 7607 8237 8678 7926 7830 8357 8019 8040 8456 8079 8109 8059 8387 8423 7976 8296 7591 8158 7922 7685 8204 7901 8296 7659 7718 8186 8105 8161 8040 8023 8022 8030 8132 7831 7702 8110 8036 7454 7930 8635 8311 8434 8353 8242 8013 8351 7988 8655 7920 8216 8494 8054 7614 8219 7761 8393 7650 7640 8704 8027 7522 7579 7697 8221 8038 7889 7625 7754 7898 8626 7815 7946 7984 8602 8141 8302 7919 7835 7791 7771 7804 7671 8503 8038 7744 8320 8467 7592 8127 8269 7797 8501 7752 8109 7499 8135 8616 8223 8142 8444 8216 8354 7644 7921 8395 8148 8131 8016 8006 8233 8307 7752 7773 7872 8186 8646 7847 8635 8373 8009 7878 8145 7731 8071 8526 7966 7772 7972 7911 7975 8430 8381 8091 7320 8191 7833 7959 8233 8891 8336 8320 8537 8074 8088 8146 8124 7985 7441 8299 8147 8230 8025 8411 8434 7928 7558 8321 8188 7762 8075 8234 7838 8031 7893 8151 8739 8651 8286 7830 8149 7777 8107 8329 7800 8207 8206 7939 8046 8176 7422 7245 8231 8169 8110 8244 7772 7838 8390 8004 8050 7789 8378 7904 8104 8237 7704 8240 8255 7656 8174 8052 8567 7927 8120 7982 7987 8391 7988 8394 7662 8137 7565 7974 7648 8252 8756 8189 8033 7794 7947 8271 8046 7676 8471 7585 7965 8301 7862 8223 7724 7595 8097 8051 8076 7316 7790 8050 7971 8398 7680 7706 8025 8527 7649 8346 7724 8027 8354 8270 8220 8111 7951 8050 8137 8107 7445 7984 7901 7974 8016 7691 8030 8068 7878 9068 7729 8014 7979 8267 7330 8022 8113 8382 7651 8027 8019 8583 8210 7860 7988 8162 7816 8592 8375 7887 7791 7857 8360 7908 8368 7872 7975 8052 8397 8728 7714 8063 7979 8630 8478 8398 7725 7745 8050 7721 7930 8050 8211 8023 7581 7940 8339 8286 8074 8094 7969 8196 8210 8364 8158 8145 8160 7471 7866 8286 7630 8343 8231 8173 7901 7377 7809 8215 8329 8424 7943 8497 7780 7883 7936 7557 8264 8231 8556 
7176 7806 7882 7630 8338 7562 8332 7658 7608 7426 7781 7430 7461 8182 8154 7979 8106 8043 7593 7520 8162 7420 7949 8052 8035 8070 7734 7973 7799 8308 7704 7430 7650 7950 8194 8081 7582 7410 7934 7479 8154 7982 7503 7828 7876 7627 8288 7590 8223 7834 7467 7906 8072 7826 8453 8332 7691 8268 8609 8009 7910 8293 7977 7682 7899 7708 7983 7662 8495 8189 8121 8140 7503 7998 7984 7462 8119 7955 8160 7316 7409 7811 7994 7736 8102 7642 7863 7782 7966 7812 7652 7867 7868 7689 7941 8480 8332 7944 8332 7610 7897 8183 7563 8424 7600 7951 8418 7784 7776 8093 7698 8202 7588 7652 8601 7950 7539 7557 7811 8065 7999 7702 7289 7949 7863 8440 7827 7445 8002 8159 8044 8066 7685 7837 8120 7979 7588 7754 7945 7780 7481 8321 7797 7447 7862 7794 7912 8449 7529 7736 7668 7835 8307 8032 7723 8240 8083 7932 7736 7969 8134 8037 7850 8027 8030 7765 8024 7726 7639 8170 8246 8347 7687 8421 8044 8013 7793 8254 7870 7783 8062 7788 7549 7509 7710 7770 8211 8232 7681 7119 8215 7632 7871 7869 8438 7969 8105 8571 7759 7944 7577 8205 7858 7264 7931 8054 7696 7932 8177 7931 7345 7502 8254 7844 7820 7937 7834 7718 7824 7736 8012 8574 8571 7977 7740 8040 7768 7659 8081 7580 7821 8223 7444 7647 8073 7485 7679 7998 7799 8508 7661 7576 7754 7698 7779 8122 7412 7927 7563 7880 8113 7459 7826 8281 8127 8432 7927 8435 7652 7980 7927 8065 7991 7696 7902 7646 7850 7646 7951 7883 8115 8308 8185 7806 7677 7815 8142 7651 7740 8385 7254 7774 8099 7508 8139 7394 7692 7967 8004 7936 7463 7655 8090 7766 8290 7939 8154 7673 8109 7631 7917 7537 7837 8061 8090 7977 7889 7969 7996 7897 8036 7312 8035 8048 7790 7633 7755 8163 8205 7744 8518 7712 8235 7528 7905 7082 7692 8058 8220 7435 7789 7560 7993 7946 7641 7866 8592 7851 8070 8395 7690 8029 7716 8185 7980 8148 7694 7856 7706 8174 7904 7679 7831 7628 8367 8126 7946 7864 7284 7954 7502 7814 8040 7874 7938 7120 7531 8148 8336 7922 7692 7279 7463 7556 8096 8187 7889 8024 7188 7803 8002 7441 7907 7999 7975 8055 7623 7769 8071 8545 7767 7689 8041 7723 7915 7744 7587 7720 7974 8444 
7619 8488 8387 8212 9078 8348 8988 8486 7929 7866 8531 8182 7405 8375 8549 8494 8725 8787 8327 8315 8905 7773 8266 8547 8685 8467 7946 8660 8509 8229 7803 7862 8140 8556 8549 8453 8066 8244 8365 8339 8084 8392 8054 8233 7987 7967 8812 7962 8550 8266 7782 7995 8292 8023 8564 8631 8226 8446 8644 8563 8273 8645 8282 8276 8729 8268 8517 8122 8600 8735 8376 8737 7802 8660 8132 7581 8558 8025 8531 7872 8193 8199 8460 8363 8383 8414 8415 8225 8713 7975 7933 8009 8583 8039 8355 8650 8763 9185 8581 8231 7999 8897 8333 8545 8369 8380 8728 8591 8138 8401 8164 8421 8189 7895 9062 8241 8015 8037 8183 8656 8483 8136 7653 8154 8064 8862 8040 8233 8647 8529 8249 8769 8350 8180 8322 8007 7906 8210 8640 8204 7927 8714 8174 7843 8165 8403 8170 8943 8062 8413 8005 8407 9046 8627 8355 8535 8610 8206 8270 8417 8171 8282 8245 8225 8125 8223 8284 8232 8340 8501 8600 8801 7943 8870 8615 8324 8173 8330 8107 8467 8776 8257 8035 8282 7968 8474 8642 8968 8233 7351 8545 8036 8133 8545 9110 8384 8787 8777 8525 8448 8213 8833 8162 7927 8271 8738 8129 8115 8487 8211 7944 7907 8897 8560 8121 8255 8573 8201 8171 8407 8329 9443 9022 8641 8135 8805 8018 8194 8191 8004 8143 8936 7986 8320 8438 7730 8110 8470 8135 8624 8034 7999 8260 8487 8354 8289 8098 8136 8074 8484 8565 8171 8345 8513 8561 8601 8120 8632 8559 8808 8633 8356 8492 8671 8550 8140 8077 8159 8607 7965 8655 8712 8584 8245 8437 8227 8372 8116 8094 8618 7993 8008 8638 7972 8224 8019 7897 8404 8414 8269 7607 8217 8440 8106 8331 7989 8376 8201 8763 8436 8158 7913 8120 8569 8248 8432 8526 8493 8477 8532 8754 7726 8310 8090 8126 8133 8020 8183 8469 8039 8971 8122 8369 8084 8202 7522 8154 8039 8744 7886 8405 8098 8313 8572 8425 8432 8812 8079 8804 8814 8370 8505 8181 9143 8169 8631 8117 8439 8443 8729 8526 8208 8282 7857 8683 8761 9094 8199 7718 8332 8196 8075 8486 8357 8212 7913 8401 8681 8605 8231 8197 8174 8184 8343 8483 8769 8370 8512 7976 8312 8256 8062 8296 8359 8499 8642 7963 8223 8927 8586 8561 8180 8434 8286 7974 8347 8307 8251 8358 8774 
7651 8524 8692 8203 8671 8625 8725 8509 8227 8164 8139 8247 8078 8682 8566 8798 8687 8544 8424 8235 8811 7842 8548 8983 9049 8713 8123 8487 8430 8771 8376 7985 8437 8448 8435 8464 8196 8212 8632 8626 8630 8692 8325 8376 8338 8230 9074 8093 8517 8634 8094 8240 8335 8111 9007 8728 8382 8700 8613 8496 8380 8751 8503 8431 8835 8121 8393 8913 8620 8914 8359 8679 7943 8784 8341 8015 8490 8349 9058 8147 8425 8403 8441 8369 8676 8361 8627 8115 8892 8139 8032 8422 8379 8268 8266 8721 8781 8861 8666 8634 8229 8925 8189 8769 8658 8474 8729 8563 8526 8747 8564 8638 8140 7906 8987 8566 8145 8324 8106 8769 8276 8546 7903 8052 8607 9091 8338 8064 8649 8788 8494 9042 8334 8208 8548 8578 8038 8474 8453 8430 8229 8543 8191 7994 8780 8877 8208 9231 8166 8569 8282 8418 8754 8963 8611 8493 8780 8124 8357 8330 8552 8629 8253 8668 8648 8803 8702 8418 8080 8567 8617 8586 8459 8698 8600 8519 8351 8646 7996 8399 8803 8234 8045 8267 8109 8318 8900 9044 8538 7702 9078 8122 8898 8512 9032 8692 8860 8902 8665 8464 8325 8707 8172 7926 8297 8501 8401 8512 8631 8502 8490 8195 8844 8821 8133 8684 8627 8541 8318 8179 8561 9185 8720 8454 8128 8780 8227 8449 8506 8189 8508 8829 8177 8379 8441 8042 7867 8644 8866 8920 8046 8544 8417 8989 8811 8743 8455 8446 8507 8982 8941 8443 8476 8876 8386 8833 8215 8708 8443 8630 8330 8270 8799 8381 8845 8211 8088 8289 8671 8361 9016 8819 8270 8243 8272 7837 8783 8547 8396 8723 7953 8189 8790 8080 8473 7963 8052 8629 8578 8333 7934 8214 8341 8512 8788 8389 8314 8703 8820 8399 8392 8188 8410 8657 8716 8535 8840 8678 8393 8735 8649 7813 8803 8345 8076 8327 8166 8396 8257 8424 9194 8307 8458 8271 8344 7873 8395 8170 8934 8362 8526 8047 8395 8740 8717 8367 8952 8390 8870 9172 8270 8742 8261 8864 8179 8320 7941 8233 8552 8868 8816 8435 8538 8235 9198 8589 8888 8454 8023 8359 8275 8367 8662 8532 8155 8323 8342 8789 8508 8599 8629 8715 8484 8550 8487 8582 8376 8692 8094 8344 8600 8424 8865 8235 8393 8580 8006 8340 8560 8686 8591 8233 8461 8049 8232 8508 8319 8600 8942 8807 
7826 8939 8933 8471 8950 8367 9203 8771 8511 8680 8686 8539 7989 8919 8921 8499 9005 8612 8346 8393 8926 8269 8802 9100 8852 8898 8179 8498 8478 8705 8547 7687 8642 8658 8850 8638 8035 8473 8482 8430 8816 8885 8192 8598 8346 8450 9232 8583 8925 8652 8332 8728 8855 8628 8775 9060 8246 9159 9040 8512 8527 8928 8813 8658 8773 8600 8729 8847 8953 8798 9050 8954 8087 9097 8260 7713 8733 8585 9108 8045 8727 8775 8521 8560 8399 8706 8685 8493 8658 8392 8297 8637 8554 8264 8702 8951 9004 9114 9064 8609 8622 9290 8431 8808 8565 8914 9214 8671 8613 8596 8580 8672 8450 8174 8952 8487 8152 8116 8376 8571 8589 8668 8048 8350 8488 9034 8561 8345 8620 9216 8668 8692 8788 8567 8463 8784 8642 8816 8932 8682 8039 8734 8291 8076 8445 8883 8506 9293 8250 8655 8001 8497 8588 8838 8262 8770 8627 8378 8364 8786 8901 8462 8736 8657 8560 8942 8757 8449 8516 8551 8974 9014 8628 9118 8946 8656 8451 8785 8434 8875 9110 8319 8399 8509 8521 8732 9000 9223 8669 7986 8845 7921 8580 8573 9459 8662 8885 9249 8798 8727 8741 8836 8728 7901 8288 8512 8890 8495 8776 8828 8222 8395 9003 9028 8386 8445 8847 8076 8630 8344 8626 9401 8903 8630 8590 8560 8358 8620 8578 8233 8403 8683 8393 8624 8614 8125 8355 9392 8800 8629 8410 8282 8254 8733 8711 9022 8408 8448 8456 8848 9136 8390 8707 9430 8424 8905 8329 9121 8323 8887 8698 8547 8708 8402 8905 8356 8417 8311 8594 8453 9098 9130 8574 8788 8551 8271 8996 8513 8587 9238 8110 8433 9050 8265 8705 8241 8297 8813 8895 8190 8277 8789 9052 8433 9184 8599 8553 8905 8843 8543 8436 8393 8726 9339 8712 8785 8573 8660 8728 8813 8700 8263 8396 8531 8319 8436 8652 8852 8488 8471 9419 8503 8587 8738 8605 7758 8436 8842 8918 8235 8407 8478 8886 8740 8583 8560 8754 8493 8796 8811 8621 8654 8519 9013 8513 8563 8433 8737 8891 8788 9168 8459 8455 8310 9338 8583 9336 8769 8415 8400 8500 8579 8588 8856 8045 8520 8574 8778 9026 8829 8678 8681 8530 8459 8704 8732 8790 8811 7997 8760 8765 8386 8871 8809 8621 8585 8316 8541 8988 8862 8779 8548 8654 8399 8841 8842 8647 8978 8864 9401 
7439 8102 8162 8054 8200 7776 8532 7927 7489 7661 7898 7800 7495 7975 8258 7883 8381 8273 7597 8175 8187 7366 8039 8174 8452 8032 7660 8221 7867 8111 7691 7193 7843 8052 8070 7822 7453 7546 8118 7854 7837 8223 7668 7607 7851 7440 8187 7813 8344 7973 7546 7616 7810 7891 8180 8442 7800 8080 8281 7788 8005 8347 7994 7834 8373 7882 8143 7970 7973 8245 8014 8385 7405 7922 7968 7345 8215 8142 8262 7777 7878 8145 7867 7779 8024 7789 7777 7788 8338 7891 7500 8072 8314 7872 7943 8451 8617 8474 8523 8026 8226 8460 7948 8169 7872 7866 8322 8070 7841 8316 7740 8045 7853 7331 8658 7634 7481 7606 7820 8299 8491 7946 7774 7949 7773 8317 7854 7657 8189 8194 7811 8308 8060 7721 7799 7879 7760 7983 8124 7930 7856 8566 8124 7297 7987 7885 7862 8371 7249 7884 7857 8046 8400 8117 7795 8130 7931 7825 7939 7995 8266 8004 8231 8008 7677 8088 8176 7789 8022 8224 8377 8527 7727 8504 8306 8100 7857 7899 7769 7827 8125 7686 7670 8188 7471 8125 8063 8519 8190 7418 8238 7745 7652 8198 8726 8022 8163 8469 7954 8061 7827 8340 7484 7441 7839 8126 7879 7730 8142 8307 7667 7574 8263 8372 7693 8101 7708 8069 8147 8168 7990 8670 8329 8082 7736 8229 7798 8201 8204 7585 8167 8340 7846 7894 7940 7322 7525 8263 7974 7985 7713 7678 7335 8035 7901 8182 7758 8041 7596 7834 8237 7960 7973 8334 8108 8047 7602 8123 7889 8007 7766 8179 8063 7710 8285 7886 7365 7844 8091 7842 8344 8601 8338 7755 8113 7829 8276 7857 7780 8270 7423 7674 8407 7475 8003 7717 7581 8202 8115 7851 7601 7813 8117 7498 8288 7638 7614 7881 8244 7737 8208 7546 7789 8089 8371 8151 8279 8115 7681 8232 7958 7589 8213 7948 7619 7637 7543 7760 8350 8022 8675 7956 7944 8100 8194 7283 7805 7904 8507 7236 7845 7777 8055 8154 8030 7872 7914 7907 8251 8260 7799 8042 7633 8649 7941 7992 7936 8038 8221 8226 8230 8214 7823 7707 8300 8241 8348 7709 7807 7957 7754 7680 7753 8087 7934 7503 8080 7934 7943 8212 8112 7776 8206 7866 8114 8087 7916 8436 7363 8085 8122 7344 8164 7693 8135 8232 7263 8083 8102 8110 7876 7842 8411 7412 8003 7768 8141 8101 8313 8586 
7330 7951 8392 8125 8513 7826 8388 8213 7689 7916 7698 7696 7682 8266 8279 7936 8569 7824 7808 7811 8206 7830 8058 8168 8308 8103 7762 7928 7674 8345 8076 7464 7625 8064 8172 8052 7862 7870 7969 7648 8181 8240 7673 8234 7784 7506 8385 7695 8069 7826 7711 7827 8053 7889 8335 8321 7539 8540 8425 7999 7782 8320 7903 7719 8420 7657 7999 8247 8229 8218 7925 8101 7296 8302 7831 7373 8079 8191 8316 7238 7602 8166 7958 7830 7789 7950 8216 7636 8331 7730 8255 8149 8231 7504 7689 8166 8226 8338 8242 7927 8233 8648 8008 8338 8038 7928 8332 8065 7657 8006 8006 8386 7663 7516 8460 8010 7318 7453 7828 8239 8044 8029 7114 7476 8183 8395 8011 7726 8158 8644 7911 8269 7627 8150 7663 7768 7858 8108 8322 8035 7839 8242 7695 7363 8001 8310 8088 8678 7649 7958 7539 7834 8147 8085 7863 8285 7904 7769 7620 7960 8287 8092 8093 7943 7783 8127 8249 7947 7888 7933 8109 8181 7780 8628 8069 8027 7983 7706 7714 7972 8220 7617 7478 8164 7669 7766 7967 8425 8037 6939 8258 7362 8221 8000 8869 8000 8167 8080 8100 7969 7998 8319 8358 7759 7735 8105 7514 7967 8397 8258 7933 7916 8492 8181 7776 7662 8320 8119 7946 8105 8394 8456 8243 8317 7825 8213 7495 7974 7990 7718 7748 7926 7552 7815 7367 7370 7523 8371 8117 8030 7547 7943 8005 8365 7811 8234 7791 8257 7763 8393 8472 7744 8241 8563 8098 8266 7710 7952 7817 8114 8200 7860 8036 7775 8280 7762 7916 8044 8062 7876 8332 7952 7779 7995 8058 7736 8601 7872 8092 8124 7438 8038 8318 7359 7735 7594 7643 8102 7979 7928 7441 7935 7900 7904 8537 7884 7680 8343 8125 8350 7762 7664 7879 8459 8031 7831 7996 8112 7992 8220 8277 7553 7911 7898 7596 7747 7686 8133 8387 8117 8335 8185 7698 7750 8058 7569 7689 7894 8394 7491 7960 7708 7940 8239 7752 8294 8462 7752 8270 8390 7971 7953 7607 8314 8082 8199 7306 7978 8043 8223 8099 7645 8096 7846 8588 8276 8442 7552 7656 7647 7708 7785 7912 8021 7446 7851 7763 8272 8107 8223 8106 7929 7927 8121 8150 8038 8219 8047 7187 7859 8400 7999 8317 7861 8074 7994 7632 7964 8112 8307 8175 7772 8046 8082 8092 7999 8209 8183 8229 8235 
7301 8354 8164 7936 8432 7876 8715 7788 7683 7655 8040 7822 7553 8361 8159 8009 8242 7968 7885 8006 8233 7664 7830 8143 8528 8322 7604 7880 7845 8101 7682 7491 8043 8129 8122 8421 7815 7626 8460 7893 7964 8304 7920 8099 8085 7837 8098 7941 8399 8298 7783 7493 8558 7948 8506 8278 7548 8266 8427 8044 7892 8162 7835 8003 8413 7969 8407 8408 8121 8137 8502 8516 7212 8016 7780 7651 8143 8058 8499 7436 8339 8278 7917 8158 8081 7803 8124 7695 8099 7925 7939 8289 7827 7772 8030 8404 8327 8197 8393 7552 7995 8518 7729 8390 7697 8002 8509 8416 8037 8132 8095 8029 7775 7597 8537 7810 7539 7443 8121 8191 8198 8222 7721 7922 7690 8525 8207 7954 8203 8381 7953 8304 8017 7784 8251 8100 7945 8166 8306 7812 7744 8736 7998 7277 8213 7972 8348 8452 7560 7747 7753 7908 8607 8093 7759 8118 7985 8006 7790 7950 8605 8126 8247 7738 8037 8319 8039 8104 7978 7994 8378 8578 7840 8350 8506 8070 8110 8329 7812 8292 8450 7935 7543 8250 7799 8047 8384 8236 8362 7643 8042 7557 7590 8005 8661 8154 8142 8680 8381 7987 7854 8439 7863 7530 8139 8175 7734 8198 8498 8164 8107 7866 8100 8109 7756 7997 7987 7821 7764 7958 8112 8650 8813 8444 7896 7946 7640 8241 8181 7774 7942 8129 7884 7849 7839 7666 7867 8413 8060 7983 8036 8033 7471 8327 7945 8420 7607 7742 7673 8250 8473 8089 8226 8257 8055 8209 7860 8432 8313 8084 8212 8288 8310 8079 8349 7891 7548 8077 8241 8038 8705 8311 8547 7963 7997 8017 8575 7688 8044 7857 7485 7985 8459 7851 7904 7724 7736 7959 8143 8012 7281 8004 8011 7768 8368 7784 7826 8081 8400 8147 7981 7930 7962 8274 8546 8048 8225 8265 8226 7989 7861 7386 8344 7808 8081 7557 7359 7865 8130 7814 8730 7976 8134 8047 8095 7214 8024 7746 8390 7635 8081 7619 8116 8149 7886 8026 8264 8137 8443 8375 7958 8080 7782 8548 7989 8172 7930 7742 8117 8265 7915 8013 7831 7705 8469 8250 8725 7619 7597 8207 7725 8096 8016 8323 8193 7911 7928 8504 8195 8074 8117 7715 7854 8115 8230 8261 8295 8287 7641 7908 8228 7484 7749 8246 8270 8363 7492 7980 8184 8431 8058 7908 8410 7769 8139 7947 7979 8187 8406 8499 
7109 8497 7946 8240 8489 7832 8748 7979 8274 7684 8041 7910 7822 8686 8434 8272 8551 8502 8203 8047 8529 7828 8281 8580 8501 7905 8018 8345 7969 8264 7739 7614 8459 8173 8317 8256 7679 7968 8118 8216 8388 8497 8148 8159 8003 8318 8579 8027 8620 8294 7980 7978 8524 7878 8704 8461 8321 8219 8438 8031 8013 8533 8141 8176 8193 8049 8283 8302 8477 8423 8267 8520 7869 8255 7888 7913 8362 7900 8237 7485 8032 8255 8216 8008 8190 7878 8148 7919 8675 8352 7914 8109 8527 7855 8061 8485 8596 8843 8522 7937 8153 8773 7910 8650 8167 8400 8929 8295 8051 8357 7773 8372 7863 7725 8520 8136 7341 7653 7772 8304 8251 8391 7510 7757 8072 8646 8201 7914 8446 8144 8348 8176 7932 8189 7983 8165 7888 8406 8187 7939 7809 8264 8224 7790 7838 8247 7894 8760 7640 8113 7843 8389 8516 8306 8156 8187 8261 8006 7861 8301 8203 8488 8346 8013 8140 7872 8347 7931 8114 8161 8313 8900 8182 8642 8753 8214 7858 8445 8021 8062 8802 8332 7759 7965 7807 8196 8268 8553 7832 7582 8403 7965 8129 8307 8745 8310 8402 8729 7985 8271 8076 8350 7904 7692 8078 8523 8085 8269 8497 8749 7692 7946 8636 8303 7975 8130 8310 7869 8628 8193 8326 9139 8608 8377 7667 8555 7801 8085 8281 7946 8191 8344 8311 8044 8351 8039 7827 8554 8191 8038 7937 7779 7790 8609 7977 8546 7795 8322 8250 8465 8573 8148 8223 8390 8020 8456 7695 8757 8034 8303 8014 8195 8384 8077 8630 8004 8108 8170 8267 8055 8529 8747 8354 8039 8027 7825 8509 7879 8060 8533 7630 7824 8720 7896 8314 7942 7917 8340 8239 8006 7682 7976 8015 8243 8563 8064 7977 8082 8579 7702 8448 7935 7930 8437 8574 8458 8457 8270 8221 8511 8381 7641 8297 8301 8102 7903 7629 8356 8834 7948 8905 8309 8245 7920 7972 7315 7972 7849 8850 7635 8170 8328 8485 8342 8334 8495 8460 8212 8887 8544 8279 8265 8245 8552 7912 8425 7779 7956 8083 8601 8484 7935 8076 8105 8543 8352 8503 8077 8102 8076 8078 8006 8121 8410 8052 7959 8271 8506 8174 8213 8177 7808 8254 8125 8249 8572 8214 8342 7270 8214 7898 7621 8562 8166 8464 8211 7646 8193 8238 8625 8313 7827 8012 8096 7867 8039 8127 8303 8465 8466 
7039 7770 8161 7508 8370 7771 8245 7937 7639 7317 7766 7827 6936 7890 7874 7617 8179 7486 7744 7524 8042 7439 7920 8037 8253 7926 7485 7660 7598 7862 7211 6945 7587 7683 7816 7696 7178 7622 7582 7788 8217 7743 7566 7656 7566 7478 8137 7619 7975 8081 7615 7687 7795 7629 7899 7907 7449 8107 8018 7726 7351 8085 7722 7569 7888 7610 7886 7890 8194 7738 7891 7983 6843 8103 7263 7241 8030 7551 8081 6974 7515 7577 7937 7646 7608 7671 8108 7406 7561 7545 7432 7679 7614 7431 7919 8090 8070 8108 7940 7684 7695 8132 7605 7914 7529 7886 8347 7902 7167 7732 7692 7895 7351 7406 8194 7650 7204 7397 7035 7827 7784 7783 7324 7469 7702 8357 7646 7300 7946 7961 7603 7945 7824 7487 7592 7855 7470 7937 8208 7739 7751 7709 7409 7420 7622 7977 7656 8588 7334 7752 7214 7947 8109 8034 7567 7969 7884 7572 7236 7894 7745 7753 7709 7479 7371 7562 8160 7721 7426 7843 7919 8128 7391 8087 7931 7801 7630 7779 7501 7800 8105 7758 7291 7671 7310 7619 8291 7965 7520 6981 7812 7077 7330 7659 8490 7616 7894 8172 7324 7520 7680 8190 7641 7357 7592 7791 7647 7712 7864 7979 7204 7503 8061 7971 7207 7792 7809 7264 7851 7965 8192 8528 8299 7914 7579 7925 7378 7794 7812 7552 8008 7853 7597 7695 7795 7214 7378 8113 7900 7723 7456 7484 7474 7973 7686 8008 7799 7782 7337 7971 7965 7675 7558 8215 7556 8205 7466 8051 7766 7806 7538 7701 7853 7886 7892 7423 7305 7281 8115 8026 8337 7883 7846 7585 7626 7522 7803 7655 7809 8004 6656 7481 7980 7348 7757 7501 7523 7954 7978 7546 6924 7539 7519 7528 8247 7317 7566 7831 8028 7850 7411 7613 7602 7955 7879 7869 7877 7971 7677 8107 7792 7363 7590 7800 7435 7362 7165 7761 7938 7849 8198 7759 7276 7880 7419 7263 7576 7638 8354 7170 7338 7705 8094 7893 7908 7475 7575 7306 8161 7872 7892 8015 7473 8149 7683 7831 7350 7571 7824 8408 8051 7773 7556 7687 8583 7782 8180 7973 7407 7929 7289 7434 7781 7955 7607 7239 7879 7763 7580 7584 7511 7524 7628 7630 7646 8361 7689 7755 7400 7663 7846 7523 7799 7605 7680 7986 7311 7517 7940 8094 8021 7635 8053 7679 7382 7799 7921 7695 8242 8259 
6791 8071 7737 7838 8372 7834 8337 7788 7601 7546 7810 7932 7242 8303 8240 8002 8293 8316 7598 7876 8159 7509 7695 8066 8343 8139 7532 8247 7863 8013 7622 7527 7848 7728 8098 7777 7492 7557 7887 8124 7663 7948 7986 7850 7379 7602 8250 7760 8263 7559 7637 7575 8210 7651 8472 8268 7779 8518 8387 7653 7559 8506 7959 7811 8025 7768 8080 8201 8202 8217 8324 8409 7432 8124 7746 7354 8102 7498 8080 7543 7841 8154 8003 8190 7761 7710 7727 7611 8111 7759 7881 7813 7902 7688 7649 8482 8301 8553 8219 7789 7927 8394 8139 8338 7627 8158 8156 8225 7448 7908 7819 8290 7739 7539 8308 7683 7623 7352 7424 8156 7822 7669 7477 7611 7632 8286 7783 7670 8399 8645 7930 8276 7645 7869 8065 7828 7695 7950 8288 7975 7744 8072 7970 6943 7834 7978 8256 8406 7876 7828 7664 7798 8239 8086 7922 7985 7912 7895 7797 8095 8226 7849 7999 7881 7699 7901 7930 7713 7725 7945 7748 8531 7586 8286 8229 7758 7671 7901 7410 7788 8417 7823 7357 7928 7576 8063 7956 8165 7962 7331 8288 7570 8160 7941 8676 7986 8098 8441 8149 7884 7847 8157 7892 7425 7908 8051 7991 7985 8004 8041 7722 7447 8077 8326 7718 7800 8125 7701 7801 8009 7863 8652 8474 7987 7934 7953 7601 7815 8102 7702 7712 8436 7714 7495 7979 7666 7681 8243 7965 8238 7750 7829 7571 8172 7967 8253 7767 7932 8030 8236 8093 7573 8228 8154 7823 8155 7762 8080 8020 8130 7935 7825 8110 7954 7961 7657 7968 7625 8056 8192 8102 8146 7974 7862 8075 7654 8232 7464 7949 8323 7205 7561 8527 7710 7925 7586 7784 7917 7978 7740 7146 7663 8056 7899 7997 7780 7784 7975 8352 7764 7693 7559 8004 8315 8049 7861 8173 7720 8143 7959 7914 7182 7923 7745 7834 8100 7813 7836 8019 7739 8886 7726 7891 7682 7887 6972 7668 7636 8601 7595 8297 7908 8242 8030 7938 7929 8542 7883 8333 8582 7704 8102 7782 8177 7709 8233 7753 8113 8133 8033 7952 7727 7826 7492 8264 8116 8302 7718 7750 7757 7599 7871 7891 8124 7602 7693 7694 8203 8208 7881 8117 7804 7898 7661 7989 8137 7855 7991 7271 7920 7880 7597 7873 7661 8073 7968 7413 7942 8145 8100 8122 7571 8046 7579 7858 7984 8076 8074 8024 8467 
7134 8056 8127 7800 8376 7782 8333 8021 8223 7657 8094 7834 7330 8373 8289 7864 7990 8058 7680 7875 8230 7638 7853 8431 8591 7952 7532 7971 7846 8024 7629 7408 7757 7756 8064 8494 7871 7869 7879 7974 8048 8219 7912 7951 7798 7832 8287 7576 8414 7901 7805 7790 8110 7818 8522 8409 7434 8135 8405 7951 7699 7919 7900 8171 8379 7920 8188 8023 8379 8385 7944 8286 7610 8113 7967 7533 8404 7965 8251 7152 7741 8212 8078 8040 8128 7628 8198 7696 8198 7778 7694 7894 8276 7694 7619 8359 8460 8471 8584 7862 8030 8505 7972 8532 7753 7882 8207 7951 7611 7937 7720 8249 8047 7320 8762 7859 7383 7773 7647 8208 7858 8052 6960 7726 7906 8608 7984 7794 8450 8539 8077 8451 7882 7747 7810 7753 7981 7726 8295 7694 7742 7998 8132 7236 7967 8146 8034 8591 7704 7945 7583 7492 8473 8513 7699 8120 8118 8009 7846 7965 8306 7946 8115 7934 8033 7986 7922 7897 7896 8350 8387 8407 7616 8534 8110 8479 7890 8144 7780 7880 8285 7884 7831 7818 7390 8190 8173 8600 7871 7498 8191 7529 7997 7838 8593 8251 8307 8469 8033 8142 7742 8044 7564 7391 7936 7971 7723 8103 8274 8370 7770 7873 8469 7864 7673 7822 8229 7436 8079 7830 8052 8743 8686 8131 7884 8479 7594 7879 7878 7672 7820 7960 7614 7866 7762 7468 7466 8234 8414 7898 7824 7623 7554 8281 8021 8020 7612 7958 7469 8511 7894 7694 7783 8221 7931 8104 7871 8305 8304 8533 7811 8062 7983 7860 8457 7764 7481 7913 7819 7721 7960 8372 7950 7953 7893 7934 8386 7954 7880 7881 7696 7788 8094 7636 7872 7852 7905 7702 7632 7917 7456 7766 7968 7842 8257 7938 8061 8123 8220 7795 7823 8008 8001 8244 8106 8293 8198 8052 7986 8345 7999 7653 8182 7716 7721 7672 7436 7788 8316 8048 8665 7818 7939 7853 7807 7095 7838 7987 8695 7368 8005 7723 8292 7934 7847 7724 8338 7950 8620 8360 7880 8049 7791 8527 8070 7937 7286 8253 7684 8438 8044 7899 8006 7531 8529 8020 8516 7841 7624 7854 7537 7920 7720 8044 7812 7761 8219 8642 8091 7992 7898 7379 8084 7903 8317 8173 7990 8353 7561 7643 8413 7769 8184 8104 8037 8018 7421 8333 8127 8246 8529 7602 8162 7730 8096 8063 7954 7642 8244 8421 
6976 8005 8211 7820 8318 7722 8736 7824 8033 7625 7853 7738 7409 8161 8039 7763 8073 8095 8052 7901 8281 7531 8004 8356 8125 7767 7590 7978 8059 7853 7578 7015 7813 7965 8174 8212 7799 7643 8061 7647 7871 7934 8104 7638 7802 7791 8171 7676 7966 7832 7725 7758 7902 7869 8220 8305 7646 8075 7983 7665 7842 7951 7982 7723 8095 8032 8312 7882 8113 8218 8048 8198 7359 7992 7705 7453 7842 7921 8528 7340 7789 8006 7949 7710 8093 8030 8259 7751 7833 7929 7702 7847 8228 7761 7749 8366 8230 8293 8476 8191 8189 8343 7678 8385 8059 8157 8081 8060 7647 8156 7758 8195 7475 7318 8456 7849 7139 7400 7911 8463 7812 8132 7331 7501 7716 8357 7792 7709 8117 8525 7805 8227 7413 7690 7877 7899 7970 8035 8464 7919 7615 8208 8061 7435 7942 8059 7942 8510 7711 7700 7433 7857 8292 8621 7736 8101 7943 7831 7729 8052 8313 8043 7679 8007 7853 8113 7785 7958 8090 7858 8393 8448 7829 8444 8130 8290 7817 7862 7463 8072 8192 7659 7898 7782 7549 8266 8194 8411 8089 7408 7902 7609 8078 7911 8817 7978 8176 8282 8056 8113 7959 8281 7725 7418 7842 8136 7904 7775 8242 8582 7689 7562 8369 8266 7892 7759 8086 7732 8064 7871 8017 8552 8694 8235 7643 8028 7572 7675 7761 7347 7674 8217 7900 7881 7812 7450 7505 8263 8017 8027 7857 7709 7456 8227 7706 8009 7744 7648 7821 8034 8401 7772 8081 8198 8039 8301 7945 8192 7740 7972 8145 8003 8078 7785 8310 7573 7861 8110 7993 7493 8172 8673 7798 7644 7769 7470 8171 7718 7961 8328 7478 7632 8270 7642 7891 7633 7487 7864 7884 7876 7665 7651 8209 7964 7875 8108 8007 7880 8280 7661 8099 7549 7664 8301 8240 8002 8033 7920 7987 8299 8049 7427 8193 7768 7704 7798 7717 7949 8161 7842 8674 7704 7726 7593 7905 7080 7651 8006 8399 7355 8142 7757 7685 7911 7946 8222 8209 7798 8340 7949 7887 7778 7719 8437 7659 8034 7638 7518 8224 8390 8319 8138 7658 8032 8370 7889 8199 7649 7342 7750 7415 8000 7868 8076 7687 7597 7889 8237 8120 8326 8034 7708 8012 7938 8109 7989 8141 8434 7363 7997 8162 7754 8139 7985 7933 8077 7775 8223 8233 8227 8100 7782 8080 7534 8152 7794 7778 8205 8273 8412 
7368 8288 8217 8051 8464 7818 8621 7675 7665 7934 7754 7910 7692 8072 8419 8043 8387 8075 7978 8012 8412 7585 8039 8144 8432 8119 7560 7881 7938 8184 7747 7489 8051 7950 8082 8205 7943 7770 7986 8002 7909 8331 8124 7915 8074 7943 8207 8065 8185 7888 7788 7905 8402 8098 8505 8053 7758 8367 8285 7688 7770 8387 8026 8027 8278 7919 8271 8005 8146 8259 8267 8513 7303 8103 7860 7623 8210 8078 8570 7191 7987 8178 8163 8090 8195 7826 8339 7997 8347 8016 7886 7989 8278 7826 8120 8074 8693 8685 8071 7751 7972 8892 7767 8674 7848 8256 8257 8049 7895 8196 8116 8200 7655 7953 8802 7925 7677 7807 7930 8288 8036 8181 7351 7681 7854 8704 7917 7881 8255 8597 7943 8138 8022 7923 8140 7987 8038 8080 8173 8134 7712 8483 7841 7397 7990 8187 7954 8401 7501 8078 7849 7896 8467 8109 7909 8121 8235 7842 7975 7943 8521 8286 8108 7731 7726 8225 8162 7881 8274 8187 8116 8770 7813 8634 8103 7906 7926 8254 7654 8295 8501 7990 7861 8196 7753 8586 8241 8766 8134 7608 8180 7465 8103 7656 8600 7945 8088 8363 8143 8563 8017 8510 7854 7619 7957 8109 7698 7760 8517 8408 7732 7435 8281 8528 7613 7983 8154 7882 8221 7980 8379 8790 8839 8335 8038 7988 7481 7997 7951 7635 7823 8248 7753 7865 7777 7734 7610 8384 7893 8058 7758 7873 7468 8335 8115 8168 7925 8212 8075 8404 8273 7948 8411 8422 7843 8036 7852 8152 8092 8124 8200 8404 8452 7923 8262 7715 7742 7893 8123 7950 8372 8162 7964 7768 8261 7749 8556 8266 7749 8160 7572 7945 8507 7712 7979 7860 7941 8461 8008 7872 7381 7807 7969 8010 8564 7769 7896 8322 8449 7862 8085 7629 7734 8357 8291 8078 8066 7685 8190 8431 8184 7658 8143 7682 8280 7570 7800 7859 8413 7854 8614 7945 8230 8065 8205 7398 7497 8075 8411 7415 7772 7965 8390 8342 8357 8305 8440 8100 8533 8164 7996 7833 7950 8593 8198 8315 7662 8082 8592 8446 8272 7828 8064 7973 8381 7968 8587 8025 7594 7743 7712 7962 7810 8214 7789 7731 7922 8484 8372 8219 7859 8083 7717 8096 8337 7934 8106 8090 7391 7725 7958 7875 8355 8243 7994 8031 7677 8262 8340 8534 8179 7849 8106 7740 8021 8232 7725 8361 8402 8568 
7446 8790 8302 8164 8767 7951 8952 8220 8441 8003 8613 8141 7792 8855 8542 8413 8672 8678 8550 8118 8681 7929 8020 8863 9105 8591 8284 8240 8456 8524 8109 7891 8321 8294 8687 8244 8179 8097 8552 8522 8076 8533 8139 8233 8205 8166 8548 8327 8809 8573 7991 7970 8532 8331 8793 8518 7862 8513 8658 8127 8276 8920 8087 8386 8569 8268 8524 8324 8935 8484 8620 8683 8236 8741 8150 8062 8685 8300 8720 7634 8408 8676 8426 8328 8550 8610 8700 7837 8658 8393 8240 8000 8308 8194 8029 9074 8834 9070 8825 8531 8376 8769 8377 8943 8302 8551 8847 8648 7870 8254 8080 8420 8059 7816 8958 7950 7790 7678 8269 8536 8251 8341 7946 8245 8013 9066 7865 8346 8635 8978 8347 8635 8310 8195 8440 8508 8315 8286 8644 8165 8201 8756 8607 7612 8172 8567 8511 9106 8044 8601 7875 8368 8583 8501 8379 8523 8231 8106 8172 8469 8645 8476 8167 8393 8388 8965 8681 8360 8114 8474 8557 9191 8354 9083 9006 8504 8058 8870 8406 8316 8592 8434 7888 8526 8356 8836 8382 8712 8564 7646 8310 7682 8256 8207 9006 8375 8733 8916 8800 8814 8259 8373 8471 7740 8346 8444 8373 8910 8593 8974 8026 8058 8651 8525 8370 8489 8407 8115 8239 8370 8665 9190 8765 8388 8245 8396 8120 8438 8874 8324 8426 8584 8156 8367 8598 8039 7885 8723 8710 8310 8343 8198 7973 8566 8678 8798 8167 8267 8413 8549 8808 8527 8669 8958 8078 8514 8124 8939 8361 8602 8442 8410 8730 8451 8400 8130 8322 8208 8366 8084 8718 8700 8552 8074 8255 8326 8949 7906 8115 8830 7862 8302 8743 7771 8360 8235 8154 8438 8351 8450 7978 8312 8494 8302 8749 8288 8185 8539 8743 8229 8228 8333 8312 8388 8764 8378 8779 8450 8522 8658 8678 8016 8337 8155 8288 8427 7994 8294 8745 8479 9200 8562 8305 8300 8133 7253 8174 8237 8711 7947 8324 8361 8798 8654 8361 8483 8723 8331 8680 8773 8167 8885 8311 8796 8287 8342 8023 8574 8460 9002 8480 8226 8453 8131 8720 8847 8719 8196 8044 8030 8012 8344 8042 8677 8380 8235 8545 8888 8669 8213 8519 8145 8553 8183 8454 8563 8458 8763 7739 8297 8569 7832 8677 8348 8385 8842 7692 8616 8394 8713 8545 7925 8501 7989 8064 8353 8232 8345 8909 8934 
7339 8473 8506 8324 8829 8104 8821 8042 7911 7832 8378 8315 7822 8633 8251 8336 8458 8702 8264 8068 8989 7932 8202 8623 8827 8659 8041 8446 8422 8337 8250 7785 8101 8667 8801 8374 7771 8076 8445 8277 8348 8481 7855 8205 8238 7878 8907 7788 8341 8398 8108 8036 8583 7990 8859 8688 8215 8323 8618 8089 7913 8575 8235 8305 8674 8267 8592 8447 8812 8448 8372 8481 7763 8577 8301 8024 8366 8151 8745 7815 8076 8603 8116 8148 8332 8293 8182 8062 8512 8266 7909 8394 8620 7923 8336 8593 8575 8997 8951 8076 8060 8724 8400 8705 7898 8870 8816 8470 8104 8440 8467 8619 8112 7901 8781 8252 7978 7784 7925 8370 8350 8468 7706 8027 8478 8899 8194 8077 8776 8979 8218 8665 8326 8234 8016 8082 7811 8496 8531 8335 8169 8830 7953 7806 8628 8352 8367 9131 8016 8153 7817 8300 8893 8849 8342 8388 8339 8134 7732 8208 8924 8481 8357 8205 8149 8222 8521 8186 8192 8080 8885 8985 7740 8981 8758 8315 8536 8339 7965 8245 8673 8199 8227 8117 8187 8519 8345 8663 8512 7650 8220 7803 8383 8132 9092 8204 8622 8826 8406 8262 8146 8588 8084 7853 8234 8383 8022 8353 8604 8285 7933 8311 8761 8169 7907 8094 8661 8176 8346 8458 8023 9169 9237 8609 8221 8778 7964 8382 8242 7900 8636 8406 7889 8391 8386 7711 8020 8909 8373 8497 8233 8302 8338 8422 8000 8356 8108 8559 7941 8642 8569 8166 8504 8430 8415 8389 8338 8352 8372 8779 8444 8606 8676 8585 8510 8126 8134 8129 8567 8389 8720 8655 8470 8391 8239 8051 8523 8403 8285 8386 7575 8050 8917 8021 8313 8211 8286 8197 8589 8265 7597 8238 8585 8152 8473 8128 8035 8357 8424 8052 8395 8074 8173 8693 8709 8451 8566 8677 8423 8651 8373 7707 8496 8274 7938 8154 8041 8254 8544 8481 9123 8223 8506 8126 8407 7675 8401 8100 8807 7844 8087 8131 8183 8385 8639 8401 8610 8129 8583 8585 8543 8437 7968 8410 8219 8112 7947 8137 8613 8755 8552 8364 7799 8107 8655 8667 9025 8284 8196 8447 8095 8236 8451 8489 7938 8210 8396 8602 8118 8155 8204 8128 8261 8265 8343 8429 8162 8690 7846 8170 8400 8138 8455 8343 8398 8623 7715 8318 8563 8736 8615 8301 8781 7938 8271 8480 8511 8382 8412 8714 
7249 8342 8475 8173 8625 7861 8638 8009 8021 7950 8115 7873 7733 8647 8696 8130 8452 8295 8188 8042 8568 7939 8309 8551 8631 8350 8042 8572 8012 8302 8475 7657 8144 8272 8687 8437 8130 8318 8400 8243 8267 8171 8220 8154 8419 7917 8725 8144 8760 8391 7699 8208 8631 7953 8630 8757 8371 8657 8826 8389 7840 8555 8136 8287 8677 7922 8066 8380 8510 8458 8408 8804 7930 8347 7793 7730 8464 8189 8831 8093 8296 8674 8430 8254 8536 8113 8498 8498 8881 8112 8199 8101 8294 8085 8216 8370 8968 8698 8657 7974 8216 8724 7909 8851 8041 8603 8751 8391 8324 8876 8499 8460 7631 7893 8857 8286 7869 8016 8033 8424 8357 8274 7971 8046 8008 8955 8241 8185 8688 8555 8471 8565 8308 7963 8136 8579 7913 8569 8676 8069 7709 8655 8372 7902 8535 8553 7925 8979 8381 8637 8070 8204 8657 8478 8264 8091 8532 8355 7819 8558 8669 8316 8112 8279 8461 8188 8570 8100 7839 8141 8506 8645 7989 8946 8653 8418 8126 8416 8137 8635 8612 8188 7566 8046 8133 8605 8421 8726 8234 7528 8538 8115 8472 8618 8818 8326 8785 8912 8356 8346 8252 8780 8015 7926 8258 8321 8055 8231 8136 8386 8052 8093 8804 8080 8061 8406 8241 8174 8206 8154 8510 9261 8378 8457 7958 8457 8083 8324 8492 8079 8519 8469 8127 8003 8397 7919 8319 8568 8397 8406 8083 8131 7955 8262 8291 8388 8038 8067 8202 8092 8659 8136 8613 8549 8273 8246 8216 8616 8080 8434 8167 8281 8586 8236 8749 7713 8249 7970 8433 7956 8836 8665 8417 8387 8279 7842 8240 8018 8347 8372 7723 7919 8185 8081 8159 7842 7719 8592 8322 8384 8042 7953 8429 8089 8605 8061 8094 8095 8518 8128 8028 8104 8370 8570 8703 8414 8305 8437 8143 8288 8652 8064 8475 8063 8228 8139 8113 8374 8025 8202 8641 8298 8507 8239 8473 7647 8205 8192 8582 7905 8002 8208 8124 8476 8394 8320 8380 8396 8649 8410 8306 8359 8003 8681 8003 8611 8173 8288 8046 8559 8513 8062 8241 8168 8601 8326 8507 8100 8052 8410 7784 7971 8185 8563 8279 7870 8498 8657 8439 8393 8540 7813 8188 8028 8433 8419 8287 8434 7201 8243 8280 7832 8378 7917 8372 8634 7689 8244 8624 8538 8356 8250 8258 7981 8537 8448 8459 8545 8490 9000 
7194 8372 8165 7864 8448 8102 8492 7728 7630 7937 7982 7879 7769 8042 8233 8092 8460 8158 7662 8034 8409 7710 8242 8361 8127 8017 7712 7931 7525 8232 7627 7634 8171 8064 8085 8315 7647 7881 8116 7914 8142 8201 7954 7613 7614 7825 8272 7836 7989 8001 7376 8046 8044 7750 8382 8141 8006 8476 8334 7843 7758 8286 7969 8056 8014 7527 8043 7934 8300 8381 8095 8086 7685 7990 7624 7472 8156 7784 8529 7555 7926 8247 8166 7870 8007 7876 7960 7790 8151 7702 7689 7930 8100 7794 7952 8235 8401 8650 8427 7809 7752 8365 7633 8563 8088 8195 8551 8149 8061 8107 8186 8054 7812 7525 8512 7951 7425 7517 7620 8128 7986 8194 7518 7632 7718 8680 7963 7558 8036 8121 8249 8285 8024 7619 7677 8233 7762 7891 7998 8418 7474 8590 7970 7577 8061 8302 7936 8340 7746 7875 7808 7955 8222 8411 7746 8002 8141 7813 7553 8047 8093 7961 7874 7883 7624 7976 8140 7706 7896 7866 8298 8665 7663 8663 8225 8439 7935 8189 7763 7908 8498 7735 7616 7777 7844 8219 8263 8397 8079 7300 8299 7323 8059 8080 8658 7936 8049 8371 8056 7911 8236 8327 7995 7541 8086 8252 7993 7900 7921 7937 7688 7626 8436 8367 7733 8050 8044 7895 8241 8263 8076 8623 8399 8130 7704 8511 7560 8003 8176 7665 8146 8118 7626 7712 7870 7479 7719 8243 8145 8050 8043 7852 7571 7869 7890 7961 7686 7996 7879 8312 8645 7804 8058 8292 8370 8335 7507 8322 7738 8371 8304 7707 8225 8075 8296 7733 7716 7744 8379 7628 8262 8492 8009 7982 7977 7749 8352 8093 8264 8112 7324 7718 8187 7850 7934 7407 7549 8021 7824 7596 7572 7748 8158 8037 8349 7701 7698 8147 8302 7860 7811 7596 7969 7875 7970 8103 8105 8076 8230 8311 8314 7571 8201 8148 7672 7943 7580 7946 8061 7822 8538 7866 7772 7841 7978 7427 7798 7949 8145 7183 8146 8082 7854 7934 8212 8209 8266 7701 8486 8422 8054 7951 7614 8455 7839 8237 7685 8068 8125 8277 8190 7796 8197 7878 8383 7889 8460 7460 7437 7934 7655 7542 8064 8061 7736 7778 8089 8152 8309 8349 7926 7803 7980 7966 8118 8177 7616 7977 7595 7896 7934 7372 8091 7874 8062 8285 7509 7741 7929 8163 8386 7804 8034 7724 8041 8181 8025 7903 8354 8513 
7449 8548 8683 8319 8684 8126 8927 8194 7922 7867 8037 7738 7492 8543 8694 8312 8903 8538 8127 8007 8879 7562 8197 8740 8646 8325 8055 8112 7973 8437 7918 7603 7998 8047 8586 8414 7769 7622 8360 8009 8029 8625 8058 8155 8069 8110 8754 7958 8201 8147 7868 8130 8275 7887 8721 8503 8061 8829 8559 8404 7906 8638 8004 7822 8604 8062 7920 8279 8956 8209 8131 8585 7698 8369 8052 7599 8596 7968 8802 7675 8091 8245 8216 8302 8184 7901 8135 7991 8649 8091 7895 7921 8429 7890 8081 8648 8724 8655 8501 7986 8083 9027 8488 8631 7919 8489 8746 8080 8241 8404 8368 8264 7803 7862 8896 8215 7758 7702 8079 8318 8113 8342 7574 7989 8295 8864 8082 7611 8321 8896 8456 8231 8162 8292 8309 8366 7848 8265 8533 8200 7895 8369 8186 7744 8321 8430 8265 8776 8153 8299 8088 8065 8778 8478 7983 8186 8442 8094 7946 8143 8455 8334 8269 8099 8347 8058 8750 8245 8278 8305 8075 8656 7854 8558 8479 8524 8069 8481 7860 8362 8453 7947 7705 8030 8088 8050 8520 8497 8354 7611 8298 8017 8228 8249 8902 8253 8348 8659 8276 8234 8206 8330 7874 7516 8066 8371 8212 8344 8691 8372 8017 7866 8113 8397 7955 8298 8545 8110 8348 7976 8564 8833 8630 8474 8193 8397 8088 8343 8415 8211 7911 8341 7838 7971 8428 7839 7773 8278 8265 8322 7884 7936 7726 8442 8451 8135 8144 8149 8184 8598 8571 7987 8163 8279 8229 8587 8005 8517 8431 8402 8497 8002 8233 8167 8242 8070 8301 8082 8374 8251 8458 8545 8273 7993 8393 7810 8709 8063 8228 8454 7280 8308 8740 7736 8357 8211 7868 8377 8299 8009 7643 8008 8077 8208 8640 8187 8166 8387 8949 8294 8255 8282 8320 8726 8584 8359 8397 8360 8408 8615 8512 7620 8471 7968 8334 8104 8109 8100 8492 8031 8636 8138 8234 8108 8205 7512 8328 7823 8628 7800 7909 7824 8437 8170 8139 8309 8697 8074 8507 8801 8087 8463 7758 8673 8445 8710 7989 7983 8354 8656 8207 8342 8215 7901 8504 8460 8608 7929 8078 8042 7799 8088 7978 8706 7960 8025 8122 8607 8534 8437 8423 8000 8400 8229 8347 8334 8308 8078 7549 7982 8384 7801 8415 8282 8274 8255 7935 8467 8260 8576 8138 7905 8368 8046 8091 8266 8157 8086 8371 8689 
7354 8269 8231 8362 8565 8564 8691 8119 8077 7923 8430 7833 7757 8645 8720 8194 8630 8880 8153 8181 8837 7900 8277 8549 8547 8460 8011 8312 8359 8360 8117 7675 8273 8245 8397 8446 8151 7949 8283 8649 8174 8626 8063 8170 7911 7928 8661 8186 8581 8275 8508 8222 8775 8102 8786 8542 8200 8962 8541 8251 7723 8831 8178 8402 8566 8101 8600 8438 8809 8333 8645 8565 7666 8582 7920 7668 8404 7827 8679 7763 8197 8430 8032 8358 8173 8222 8430 8000 8586 7999 8190 8244 8480 7732 8131 8794 8644 9077 8777 8033 8358 8668 8461 8740 8358 8586 8795 8213 7656 8460 8067 8484 7952 8027 9001 8124 7755 8335 7786 8266 8160 8235 7572 8220 8103 8831 8613 8182 8732 9172 8451 8570 8080 8169 8382 8551 8254 8327 8271 8104 8129 8285 8213 7900 8349 8444 8174 8946 8241 8244 7797 8454 8869 8289 8590 8398 8540 8513 8286 8495 8456 8328 8580 8477 8189 8366 8374 8029 8026 8335 8732 8857 7996 8934 8438 8586 8529 8199 8006 8230 8875 8277 8081 7911 7938 8759 8828 8896 8401 7940 8616 8018 8564 8148 8866 8457 8596 8796 8237 8283 8294 8604 8540 7489 8351 8444 8127 8352 8585 8499 8280 8142 8657 8575 8162 8109 8251 8246 8480 8146 8587 9146 8917 8284 8519 8658 7620 8526 8388 8293 8353 8775 8141 8273 8289 7907 8114 8839 8562 8154 8192 7980 7798 8313 8682 8833 8128 8299 7976 8776 8486 8433 8260 8782 8312 8629 8200 8495 8321 8687 8427 8080 8501 8486 8565 8133 8233 8207 8399 8185 8723 8751 8538 8296 8357 8252 8600 8242 8113 8438 7511 8036 8520 7909 8212 8131 7837 8219 8364 8299 7970 8044 8334 8350 8493 8315 8344 8630 8687 8042 8130 8188 8196 8732 8463 8558 8778 8538 8567 8717 8302 7887 8277 8232 7840 8205 8046 8297 8689 8023 8679 8335 8300 8526 8441 7759 8039 8070 8942 7871 8168 8336 8568 8527 8342 8170 8775 8141 8655 8957 8400 8644 7798 8312 8208 9081 7944 8330 8304 8609 8520 8217 8430 8019 8647 8524 8746 8179 7452 8391 8054 8145 8298 8600 8116 8286 8482 8527 8628 8409 8551 8077 8241 8375 8727 8619 8381 8202 7831 8294 8425 7781 8489 8079 8329 8417 7705 8397 8475 8655 8509 8102 8247 7866 8267 8215 8469 8435 8627 9009 
7074 8190 7511 7412 8230 7591 8312 7608 7423 7499 7492 7347 6997 7831 7957 7552 8173 7827 7276 7307 8129 7566 7633 7874 8243 7867 7430 7743 7855 7704 7640 7083 7679 7943 7909 8002 7426 7324 7665 7757 7861 7720 7500 7766 7604 7583 7985 8013 7688 7806 7487 7423 8038 7424 8114 7964 7530 8070 8036 7606 7298 7867 7602 7503 7799 7536 8107 7758 8058 7890 8048 8113 6885 7910 7713 7589 7801 7690 7745 7063 7564 7806 7789 7711 7810 7524 8013 7419 7610 7463 7296 7529 8049 7271 7407 8014 8129 8119 8134 7715 7888 8076 7511 8149 7449 7935 8098 7712 7370 7704 7825 7838 7597 7152 8169 7858 7210 7280 7538 7743 7478 7893 6960 7684 7638 8122 7674 7722 8094 8165 7562 7724 7592 7477 7728 8023 7511 7632 8044 7570 7536 8016 7487 7009 7874 8116 7713 8159 7333 7684 7403 7465 8053 7906 7620 7866 8045 7893 7387 7870 7858 7558 8044 7512 7443 7649 7722 7768 7904 7633 7969 8577 7532 8885 7898 7917 7599 7707 7645 7862 7918 7825 7535 7690 7302 8033 7782 8301 7639 7096 7969 7302 7620 7550 8605 7925 8047 8272 7905 7854 7597 8072 7672 7090 7639 7732 7900 7563 7737 7839 7472 7249 8036 7913 7572 7512 7694 7714 8114 7804 7925 8445 8413 7636 7569 8065 7367 7601 7712 7329 7896 7882 7668 7650 7953 7010 7238 7781 7817 7644 7581 7518 7299 8067 7962 8040 7562 7842 7264 8188 7749 7626 8001 8255 7984 8288 7638 8216 7514 7769 7629 7718 7893 7648 8278 7485 7724 7409 7932 7807 7842 8204 7814 7901 7253 7379 7842 7636 7712 7639 7257 7377 7898 7354 7637 7571 7410 7385 7999 7600 7194 7681 7984 7626 7890 7476 7540 7963 8032 7439 7616 7673 7408 8166 7653 7630 7735 8109 7686 7849 7850 7504 7596 7765 7762 7575 7599 7784 7986 7576 8529 7611 7665 7738 7606 7278 7461 7587 8167 7610 7608 7664 7966 8111 7684 7585 8042 7618 8352 8025 7272 7610 7199 8005 7588 7784 7467 7486 7698 8184 8182 7396 7333 7555 8000 7730 8177 7502 7514 7662 7420 7676 7426 7734 7281 7311 7662 7929 7879 7599 7791 7711 7755 7520 7798 8154 7720 7829 7378 7495 7858 7393 7998 7727 7740 7800 7118 7484 7757 8076 7610 7460 7766 7346 7537 7808 7687 7878 8024 7937 
7170 7849 8133 7704 8360 7780 8444 7555 7455 7510 7813 7450 7206 8285 8480 7720 8205 7722 7774 7594 8552 7718 7982 8374 8148 8545 7612 7693 7992 8049 7540 7426 7730 7963 8608 8168 7735 7869 7942 7916 7726 8476 7853 7886 7429 7791 8225 7441 7856 7905 7666 7545 7988 7861 8026 8253 7838 8700 8380 7890 7603 8235 7850 7881 7730 7663 7826 7942 8245 8115 8098 8198 7372 8524 7665 7268 8041 7917 8619 7440 7546 7966 7809 7762 8120 7920 7878 7743 7912 7601 7866 8001 8133 7489 7735 8169 8390 8394 8232 7579 7831 8415 7980 8298 7644 7940 8094 7851 7586 8075 7880 8189 7691 7538 8532 7755 7372 7455 7916 8043 7839 7986 7295 7462 7808 8465 7941 7465 8139 8431 7834 8042 7506 7886 7921 7921 7634 7963 8261 8005 7679 7932 7727 7436 8007 8181 7677 8296 7772 7923 7538 7779 8116 7874 7899 8265 8314 7847 7345 7543 8115 8066 7976 7996 7867 7986 8000 7807 7930 7874 8153 8488 7575 8485 7970 8222 7918 7971 7852 8055 8262 7429 7505 7531 7621 8186 8336 8217 8166 7037 8059 7499 7947 7687 8453 7846 8224 8376 7858 8102 7984 8191 8072 7409 7788 7810 7627 7722 7954 7997 7854 7547 8370 7934 7644 7759 8012 7404 7948 7830 8269 8440 8130 8109 7868 8111 7525 8021 8012 7819 7953 8109 7778 7679 7652 7723 7665 8394 8121 7670 7714 7870 7774 7916 8071 8039 7859 7720 7553 8315 8028 7870 7988 8246 8066 8390 7595 8435 7882 7998 7796 7872 8056 7985 8173 7884 7770 7544 8197 7889 8225 8523 8084 7983 7885 7810 8331 7948 7907 8386 7548 7404 7934 7527 7746 7373 7718 8084 7967 7921 7269 7943 8232 7780 8187 8030 8055 7782 8000 7911 7894 7951 8084 8613 7778 8161 7960 7899 7839 7990 8299 7498 7966 8121 7897 7753 7808 7728 7876 7983 8713 7672 7933 7654 7663 7125 7531 7818 8371 7583 7734 7597 8404 8283 7889 7948 8522 7995 8252 8162 8053 8100 7556 8091 7950 8314 7381 7902 7741 8321 8291 7834 7837 7296 8320 7946 8504 7885 7347 8170 7598 7794 7891 7980 7666 7743 8295 8014 7960 7886 7955 7570 8002 7760 7855 7910 7830 7938 7418 7781 7855 7428 8114 8107 7862 8226 7542 7981 7718 8172 8327 7652 8210 7601 7762 7952 7919 7981 8048 8391 
7619 8404 8469 8223 8473 7750 8559 8182 7926 7517 7765 7827 7633 8858 8254 8251 8472 8212 8101 8051 8387 8221 8122 8613 8610 8547 7691 8094 8390 8251 8181 7337 8040 8129 8613 8111 8049 8273 8052 8152 8127 8223 8000 8048 8076 7880 8295 7568 8499 8331 7848 7862 8408 8058 8370 7890 7966 8678 8641 8148 7761 8609 7837 7868 8523 7962 8227 8278 8163 8346 8487 8348 7757 8633 8047 7437 8293 8262 8289 7879 8102 8272 8420 8093 8199 7568 8241 7929 8744 7890 7861 8150 8195 7841 7963 8250 8515 8335 8414 7662 8819 8672 7827 8654 8073 8217 8624 8317 7988 8585 8133 8292 7645 7579 8787 7862 7664 7600 7782 8035 8339 8202 7834 7770 7832 8918 8242 8211 8327 8586 8311 8218 8179 8075 7996 8324 7742 8171 8489 7922 7709 8295 8208 7364 8094 8009 7791 8506 7644 8063 7673 7852 8450 7989 8001 8242 8241 8121 7694 7720 8437 8133 8094 7637 8066 8049 8423 8209 8103 8018 8597 8406 7803 8591 8194 8418 8164 8201 7584 8184 8611 7913 7848 8284 7903 8110 8421 8496 8013 7368 8510 7349 8224 8313 9213 7741 8442 8899 8185 8495 8168 8867 8183 7565 7831 8460 8127 8204 8331 8154 7759 7642 8594 8313 7920 8242 8157 7906 8181 7798 8446 8782 8562 8427 8076 8286 7882 8197 8037 7804 8510 8529 8010 8085 8256 7723 7708 8779 8301 8182 7880 8079 7449 8580 8035 8614 7951 7875 7818 8353 8541 7779 8583 8537 8109 8214 8012 8514 8001 8150 8058 8279 8235 8059 8510 7991 7922 8070 8334 7933 8322 8177 8141 8115 8223 8118 8562 8006 7825 8506 7446 7866 8512 7903 7979 7793 7964 8298 8254 8226 7474 7807 8069 7922 8392 8046 7887 8404 8701 8134 8202 7944 8106 8391 8498 8324 8194 8460 8012 8345 8270 7605 8125 7893 8078 7897 7837 8274 8355 8276 8588 8214 8239 8067 8208 7638 7780 7725 8456 7683 7948 8330 8148 8130 8238 8034 8334 8321 8560 8502 8604 8406 8125 8461 8114 8237 7675 8287 8149 8545 8174 8153 8117 7903 8352 8147 8889 8132 8322 8503 7862 7849 8275 8474 7716 7812 8116 8392 8131 7985 8171 7762 8122 8092 8374 8351 7874 7959 7299 7884 8082 7807 8195 8045 8175 8484 7641 8363 8222 8475 8272 7900 8310 7962 8184 8194 8058 8048 8539 9181 
7760 8246 8530 7794 8382 7766 8449 7737 7907 7678 8129 8037 7633 8430 8424 7945 8111 8087 7884 7667 8581 7590 7996 8464 8163 8412 7776 8137 8149 8262 8029 7551 7921 7966 8380 8439 7791 7863 8133 7705 8127 8264 7917 8376 8102 8123 8250 7945 8253 8069 7872 8020 8032 7787 8199 8319 7924 8510 8362 8143 7736 8340 8164 8060 8616 7575 8182 8410 8420 8249 8242 8011 7844 8251 7643 7498 8125 8043 8282 7490 7818 8070 8075 7941 8160 7898 8225 7937 8271 7839 7634 8060 7965 7713 7843 8728 8332 8398 8129 7849 8022 8478 7750 8537 8154 8280 8769 8015 7746 8216 7722 8263 7636 7661 8974 8030 7485 7782 7641 8393 7988 8023 7610 7881 7776 8639 7741 7916 8300 8383 8019 8509 8205 7805 7853 8049 7806 8292 8346 7807 7670 8185 7960 7795 8111 8283 7571 8727 7642 7894 7686 8079 8771 7872 8016 8232 8050 8388 7790 8067 8264 8274 8108 8269 7988 7934 8124 7974 8065 8076 8419 8638 7855 8459 8298 8277 8093 8119 7763 8053 8378 8043 7492 8295 7887 8183 8131 8319 8100 7426 8452 7686 7925 8074 8770 8184 8477 8425 8512 8155 7867 8513 8054 7599 8221 8116 7761 8096 8513 8473 7784 7712 7992 8088 7622 7996 8072 7762 8293 8304 8240 8880 8663 8250 8098 8659 7721 8269 8068 7842 8183 8122 7696 7770 8102 7546 7527 8632 8287 8333 8009 7944 7939 8198 7945 8271 7535 8164 8167 8130 8687 8044 8543 8332 7986 8312 7782 8318 7805 8308 8126 7818 8317 7833 8617 7950 8417 7745 8101 7872 8418 8294 8403 8145 7856 7786 8499 8021 8079 7934 7526 7707 8201 7894 7987 7864 7730 8065 8054 8121 7521 7883 8005 8240 8007 7790 7889 7919 8297 7709 7914 8018 8029 8466 8328 8340 8332 8375 8281 8496 8637 7467 8215 7987 8058 7859 8038 8318 8050 8046 8467 8145 8296 8057 8305 7546 8038 7931 8483 7862 8178 7707 8085 8495 8068 8287 8603 7953 8404 8248 7904 8312 7841 8112 7908 8487 7799 7955 7991 8560 8172 7924 8153 7923 8659 8050 8323 8014 7693 8329 7689 7664 8070 8522 7876 7840 8001 8099 8313 8295 8281 7812 8142 7914 8109 8061 8003 8159 7630 7738 8157 7691 8413 7864 8536 8163 7458 7872 8243 8698 8089 7773 8097 7795 8016 7920 8277 8382 8436 8633 
7221 7961 8183 7651 8679 7713 8808 7675 7967 7496 7831 7791 7424 8008 8298 7866 8248 8174 7873 8062 8259 7457 8168 8498 8145 7978 7294 8129 7741 8192 7503 7332 8045 7735 8132 8082 7669 7682 7863 8065 7908 8314 8020 7648 7757 7587 8514 7846 8151 7981 7853 7897 8161 7711 8501 8114 7596 8243 8562 7878 7663 8315 7567 8006 8628 7580 8205 8190 8396 7848 8353 8241 7454 7983 7535 7467 8294 8051 8476 7422 8048 8125 8078 7956 8213 7589 8221 7856 8300 8094 7817 7752 8207 7796 7850 8323 8371 8640 8534 7892 7608 8304 7963 7959 7869 8255 8562 7898 7810 7949 7851 8157 7491 7677 8722 7874 7406 7747 7978 8072 8197 8322 7329 7894 7833 8603 7909 7680 8483 8601 8079 8338 7661 7779 7830 8132 7737 8142 8200 7961 7870 8152 7882 7126 7898 7985 7816 8429 7686 7743 7419 7893 8246 8485 7905 8085 8040 7953 7703 8103 8561 8021 7842 7723 8276 8145 8276 7643 7948 7712 7922 8243 7760 8575 8029 8228 7835 8051 7546 7866 8274 7844 7590 8138 7822 8257 8525 8278 8239 7670 7787 7433 8147 8218 8567 8170 8275 8546 8299 8070 7940 8455 7594 7681 8001 8150 7632 8262 8109 8189 7839 7499 8273 8244 7794 7853 7858 7654 8186 7689 7967 8644 8403 7855 7816 7823 7830 7849 8045 7508 8007 8235 7681 7784 7988 7581 7638 7985 7994 8186 7803 7680 7414 8377 7922 8164 8003 7751 8042 8122 8257 7701 8093 8465 8093 8387 7779 8023 7741 8307 7968 7806 8452 7713 8403 7537 7711 8073 8265 7708 8176 8288 8148 7823 8179 7585 8296 7968 7919 8101 7612 7694 8395 7594 8144 7566 7517 8085 7913 7746 7569 7800 8158 7771 7908 7735 7918 7954 8460 7917 8282 7999 7571 8162 8146 8352 8027 8012 8177 8176 8290 7309 8127 7865 8041 7579 7720 8018 7992 7776 8926 7968 8136 8062 8083 6914 7951 7777 8216 7425 8098 7519 7956 8034 8125 8079 8111 8293 8229 8518 7630 8217 7632 8615 7685 8122 7694 7877 7808 8611 7685 8003 8092 8034 8448 7888 8210 7834 7735 7900 7702 7880 8057 7724 8019 7856 8106 8430 8543 8207 8280 7988 7956 7965 8211 8155 7993 7968 7506 7984 8264 7188 7988 8014 7970 8218 7526 8179 8312 8238 8288 7631 8199 7574 7877 7630 7885 8065 8448 8463 
6938 8248 7897 8078 8537 7898 8638 7976 7923 7793 7932 7644 7640 8470 8858 8004 8312 8101 7953 7800 8538 8020 8124 8583 8588 8427 7608 8160 7742 8197 7696 7020 8121 8020 8310 8066 7904 8204 8154 8051 8322 8050 7747 8031 8085 7751 8440 7756 8129 8247 7662 7853 8240 7733 8590 8393 8122 8380 8451 7808 7706 8173 8017 7828 8455 7877 7818 8054 8256 8518 8509 8762 7480 8307 7876 7603 7996 7681 8591 7623 8086 8260 8180 7930 8334 7720 8259 7741 8559 7929 8044 8000 8204 7773 7630 8145 8468 8726 8450 8287 8208 8293 8266 8668 7940 8582 8536 7882 7814 8100 8247 8565 7595 7518 8556 7928 7569 7698 7654 8036 7861 8029 7395 7832 7912 8439 7940 8125 8323 8542 8189 8061 7707 7899 8071 7998 7875 8354 8471 7810 7956 8187 8179 7480 7919 8501 7980 8830 7820 8247 7680 8167 8411 8249 7877 8292 8211 8159 7689 8139 8080 8068 8137 7817 8063 8215 8150 8126 7995 8076 8556 8577 7994 8689 8247 8130 7911 8540 7948 8328 8509 7943 8009 7929 7759 8290 8352 8264 8273 7211 8434 7926 8445 8140 8455 8190 8355 8595 7993 8299 8202 8499 8189 7565 7977 7980 8067 7920 8391 8325 7533 7669 8784 8263 7862 8156 8319 7661 8044 8083 8467 9061 8609 8230 8103 8054 7789 8278 8026 7703 8087 8408 7784 8186 8196 7329 7541 8427 8215 7940 8036 7990 7652 8312 7944 8099 7800 7855 7861 8395 8520 8104 8226 8435 7933 8228 7765 8469 8069 8204 8201 8021 8451 7997 8406 7785 7923 8160 8140 7794 8466 8258 7899 7931 7982 7516 8421 7814 8285 8351 7853 7904 8202 7674 7933 7644 7959 8232 8258 7802 7117 8013 8223 7872 8355 8116 7974 8000 8727 8041 8321 8261 7752 8690 8419 8408 8359 8186 8037 8488 8374 7553 7907 8182 7966 7669 7710 8167 8506 8034 8528 7968 8125 7951 8110 7721 7809 7859 8702 7659 8038 7807 8113 8152 8200 8166 8658 7830 8539 8276 8062 8304 7666 8415 7924 8367 7681 7680 7977 8454 8474 8158 7729 7793 8775 8240 8313 8054 7813 7807 7728 8025 8319 8423 7861 8069 8197 8295 8435 8095 7668 7807 8211 8067 8334 8178 7658 7983 7630 8239 8209 7517 8431 7857 7899 8115 7534 8079 8596 8496 8193 7916 7985 8140 7950 8074 7995 7902 8259 8504 
7501 8340 8284 7892 8759 8251 8835 7905 8043 7997 8420 8218 7903 8205 8227 8204 8572 8650 8068 7983 8647 8013 8222 8702 8499 8330 7659 8192 8005 8188 8215 7791 7920 8139 8453 8491 8132 8274 8383 7953 8352 8571 8223 7968 8001 8276 8669 7982 8492 8000 7958 8250 8376 7966 8403 8267 8097 8437 8525 8195 7973 8154 7987 7960 8611 8260 8391 8310 8570 8096 8545 8218 7786 8223 7934 7485 8513 8112 8918 7390 8217 8125 8294 8193 8131 8257 8706 8078 8189 7718 7880 8072 8203 7978 8108 8690 8844 8958 8591 8049 8036 8736 8084 8512 8279 8598 8705 8454 7997 8527 8270 8528 7737 7982 8584 8227 7757 7974 8242 8313 8086 8540 7610 7879 8245 8762 7898 7802 8426 8545 8069 8734 8269 8117 7922 8514 8164 8402 8172 8267 8173 8435 8061 7685 8191 8499 8165 8820 7700 8001 7807 8335 8722 8493 8168 8079 8360 8212 7835 8189 8615 8032 8387 8315 7970 8454 8590 8013 8026 8040 8261 8894 7866 8864 8445 8556 8045 8263 7855 8450 8611 8306 7735 8265 7992 8635 8746 8631 8538 7421 8571 7816 8350 8204 9005 8341 8411 8702 8219 8469 8168 8863 8336 7771 8515 8421 7727 8146 8541 8673 8156 7927 8639 8603 8005 8098 8454 8081 8661 8026 8496 9006 8861 8405 7900 8331 8026 8404 8503 7765 7745 8575 7971 7988 8320 7946 7752 8639 8279 8367 8222 8330 8032 8588 8550 8808 8094 8132 8179 8624 8490 8141 8472 8698 8255 8670 8145 8642 8186 8278 8331 8120 8446 8246 8529 7812 7797 8391 8814 8052 8559 8346 8326 8244 8358 7898 8614 7780 8212 8242 7665 8184 8493 7939 8097 7756 7534 8542 8332 8168 7617 7868 8223 8017 8487 7962 8447 8357 8342 8454 8029 8113 8011 8597 8405 8064 8147 8432 8212 8466 8525 8056 8112 8123 8179 7786 7796 8229 8460 8026 8770 8311 8347 8311 8317 7709 7968 7761 8532 7786 8379 8174 8584 8262 8203 8507 8675 7846 8658 8568 8214 8449 8050 8541 8009 8576 7633 8260 8404 8998 8367 8067 8179 8113 8832 8411 8450 8269 7889 8377 7693 8257 7973 8282 7736 8181 8613 8451 8523 8266 7994 8023 8185 8359 8053 8556 8358 8045 7581 8359 8346 7968 8524 8501 8341 8688 7751 8299 8481 8388 8302 8319 7995 8258 8155 8021 8293 8355 8692 8661 
7441 8058 7907 8219 8248 7985 8684 8245 7887 7634 7899 7657 7337 8049 8462 8134 8163 8213 8106 7625 8540 7413 7768 8286 7852 7902 7299 8238 7897 7980 7718 7500 7558 7884 8468 8199 7629 7747 8202 7719 7940 8119 8051 7589 8079 7836 8351 7611 8134 8085 7846 7947 8204 7761 8375 7961 7717 8121 8466 7693 7696 8119 7775 7703 7949 8048 8244 7579 8522 8274 8002 8118 7425 8370 7903 7697 8097 7748 8368 7447 7927 7943 7975 8013 7970 7706 7955 7577 8054 7513 7861 7911 7988 7515 7939 8578 8395 8443 8116 7874 8385 8394 7972 8163 8224 8158 8189 7999 7510 7996 7903 8185 7514 7749 8813 8017 7444 7640 7841 8334 7560 7934 7487 7830 7783 8756 7697 7406 8059 8300 8410 8002 7804 7934 7933 8004 8032 7997 8012 7984 7583 8053 8107 7268 7793 8098 7974 8514 7742 7943 7832 8171 8460 8456 7714 8218 8299 7772 8202 7978 7926 7967 7982 8001 7954 8183 8151 7732 7814 8183 8191 8399 7717 8720 8083 8170 8163 8034 7835 8004 8403 7856 7910 7704 7795 7810 8506 8495 8009 7423 8087 7192 7790 7750 8678 7835 8047 8678 7678 8394 7779 8434 8092 7409 7850 8391 7848 8030 8172 8320 7699 7665 8593 8202 7911 7908 8492 7681 8030 8101 8168 9022 8528 7869 8303 8240 7723 8266 7965 7969 7939 8098 7597 7866 8229 7763 7665 8406 7976 7863 8099 7616 7718 8038 7905 8594 7960 8055 7946 8183 8326 7844 8068 8405 8116 8189 8020 8142 7998 7852 8267 7855 8066 8071 8411 7993 8211 7683 8226 8091 8094 8214 8162 7823 7388 7712 8559 7866 7902 8544 7392 7929 8241 7627 8204 7559 7524 7936 8011 7935 7391 7969 7973 7880 8160 7812 8144 8409 8628 7785 7717 7617 7720 8110 8326 8276 7927 7950 8054 8075 7970 7560 7906 7770 7862 7596 7948 7793 8176 8061 8617 8065 8152 8185 8158 7528 7515 7640 8035 7551 7830 7462 8388 8261 7817 7791 8554 7967 8283 8133 8056 8213 7600 8454 7892 8094 7640 7741 8192 8700 8108 7838 7997 7908 8140 8039 8275 7660 7320 7930 7615 8090 7756 8392 7523 7399 8143 8340 8302 7836 7823 8089 7977 7790 8217 8297 8001 8201 7648 7785 8483 7812 7984 7879 7970 8269 7655 7828 8360 7976 8142 7892 7754 7946 7967 7973 7784 7977 8222 8614 
6888 7824 8202 7593 8261 7569 8070 7705 7423 7535 7726 7765 7189 8236 8067 7537 8239 7797 7628 7544 8037 7345 7658 8330 8135 8197 7594 7940 7974 7742 7408 7299 7657 7783 8351 7856 7418 7432 7825 7740 7926 7989 7728 8048 7516 7488 7897 7784 8060 7750 7565 7734 7922 7393 8051 7760 7696 8186 8130 7647 7613 8191 7783 7346 7845 7852 8242 7764 7870 8206 8112 8090 7428 8055 7630 7301 7703 7848 7934 7448 7684 8030 7764 7887 7611 7528 8021 7425 7779 7455 7439 7709 7970 7317 7615 8245 7912 8165 8359 7782 8064 8623 7565 7905 7698 7905 8197 7918 7573 7637 7589 8001 7665 7004 8538 7808 7316 7424 7343 7874 7763 7926 7042 7269 7435 8320 8253 7854 8258 8264 7874 8065 7888 7659 7643 7980 7707 7881 7950 8023 7565 7960 7733 7002 7647 8088 7499 8656 7485 7886 7555 7605 8314 7767 7603 7690 7958 7750 7535 7825 8219 7754 7602 7678 7744 7713 7689 7552 7838 7678 8316 8312 7563 8592 7880 7722 7637 7519 7124 7579 8192 7542 7612 7836 7503 8027 7939 8167 7740 7207 8215 7307 7939 7874 8332 7909 7977 8234 7811 7875 7719 7917 8015 6952 7587 8136 7847 7602 7809 7956 7435 7394 8200 8117 7711 7661 8036 7805 8121 7753 7836 8440 8050 7986 7596 8052 7172 7709 7646 7576 7593 8056 7653 7489 7989 7368 7501 8317 8238 7589 7436 7414 7233 8294 7479 8234 7873 7781 7862 8151 8093 7934 7944 8293 7824 7812 7912 7801 7750 8131 7615 7969 8096 7919 8311 7372 7556 8086 7536 7976 8213 8063 7848 7999 7684 7701 8103 7164 7753 7790 7404 7701 8070 7202 7720 7709 7693 8042 7861 7409 7099 7613 7916 7452 8067 7712 7584 7604 8209 7686 7354 8145 7701 7919 8180 7842 8051 7767 7484 8023 8050 7388 7845 7459 7743 7586 7350 8224 8104 7810 8383 7728 7709 7528 7968 7139 7596 7747 8117 7346 7780 7365 8019 7677 7587 7786 7937 7843 8213 8334 7650 7928 7601 8013 7610 7938 7383 7683 7718 8291 8027 7558 7752 7469 8377 7837 8266 7739 7586 7548 7571 7582 7599 7963 7244 7666 7741 7932 8284 7520 7630 7526 8111 7888 7717 7529 7650 7756 7057 7894 7978 7411 7782 7826 7729 7985 7260 8035 7818 7788 7847 8002 7650 7407 7826 7684 7811 7996 8193 8084 
7487 8317 8373 8104 8558 7969 8756 7989 7912 7851 7976 8215 7566 8554 8707 8051 8685 8464 7752 8195 8716 7843 8239 8679 8472 8355 8107 8518 8166 8554 8071 7757 8036 8132 8436 8509 8023 8113 7975 8202 8312 8566 8382 8159 7895 8213 8722 8036 8338 8190 8099 8089 8359 7965 8778 8562 8238 8675 8470 7920 8077 8343 8071 8403 8462 8008 8134 8337 8633 8456 8033 8360 7774 8556 8124 7502 8304 8297 8664 8074 7887 8292 8453 8362 8206 8306 8442 8054 8439 8104 7999 8222 8384 7868 7955 8556 8788 8732 8587 7980 8407 8762 8329 8460 8049 8296 8729 8257 8027 8102 8386 8523 7930 7878 8748 8068 7697 7924 7944 8524 8605 8420 7374 7917 8098 8935 8314 7822 8508 8806 8323 8502 8014 8409 8217 8560 7983 8238 8387 8066 7658 8421 8010 7667 8035 8493 8189 8553 7848 8410 8060 7913 8753 8718 8078 8212 8415 7892 8094 8193 8520 8282 8233 7930 8352 8344 8516 8168 7977 7894 8471 8699 7885 8584 8605 8346 7896 8321 7777 8432 8828 8044 8063 7855 7914 8421 8407 8953 8437 7691 8725 7812 8538 8273 8601 8380 8326 8749 8360 8480 8111 8536 8276 8015 8365 8140 7786 8054 8555 8704 8090 8052 9126 8371 8279 8167 8464 7860 8368 7998 8600 9011 8828 8377 8159 8464 8037 8558 8421 7995 7966 8531 7895 8231 8133 7848 7565 8619 8559 8360 8148 7938 7935 8462 8331 8377 8033 8449 8034 8533 8279 8023 8244 8717 8163 8472 8000 8538 8294 8565 8197 8104 8317 8328 8443 7845 7877 7819 8510 8369 8767 8746 8671 8266 8083 8275 8946 8012 8369 8545 7593 8173 8697 7781 8012 7785 7988 8272 8147 8301 7649 7998 8286 7968 8293 8077 8119 8375 8672 8272 8171 8148 8063 8590 8438 8574 8697 8159 8434 8446 8293 7784 8437 8138 8198 7854 7907 8171 8569 8021 8883 8008 8395 8295 8383 7712 8168 8067 8651 7603 7870 8316 8313 8437 8215 8395 8731 8293 8671 8345 8596 8514 7888 8853 8327 8466 7804 8101 8160 8618 8642 8126 8312 7970 8914 8084 8879 8190 7708 8219 8005 8321 7846 8300 7954 8013 8107 8683 8534 8592 8525 8031 8301 8315 8408 8507 8234 8396 7803 8098 8364 7958 8655 8309 8550 8551 7875 8336 8384 8658 8419 8080 8563 8087 8266 8035 8429 8120 8442 8537 
7069 7902 8435 7750 8285 8003 8504 8079 7676 7856 8374 7958 7417 8009 8436 8239 8112 8190 7807 7980 8347 7529 7853 8283 8252 8206 7523 8223 7820 7932 7816 7350 7668 7596 8169 8203 7529 7925 7785 7905 7953 8347 7633 7800 7630 7687 8271 7786 8284 8402 7883 8077 7891 7841 8265 8401 7662 8077 8190 7807 7566 8243 7809 8059 8541 8085 8338 7886 7994 8040 7859 8290 7299 7889 8085 7664 7748 7965 8268 7552 7621 8207 8041 7889 8225 7636 8191 7734 8069 8065 7647 7779 8081 7748 8198 8208 8302 8230 8603 7869 8087 8502 8011 8521 7694 8138 8397 8037 7608 7766 8109 8087 7710 7545 8540 7882 7572 7662 8046 8094 8061 7543 7411 7717 7954 8190 7821 7864 7956 9007 8180 8068 8025 7990 8211 7984 7943 8286 8612 8088 8008 8190 7880 7374 7841 7951 8077 8490 7600 7710 7606 7876 8551 8095 7924 7959 8042 7919 7722 8059 8507 8036 8048 7800 7561 8002 7976 7789 7780 7883 8272 8315 7667 9035 8193 8247 7725 8053 8055 8005 8328 8165 7766 7869 7761 8324 8374 8658 8216 7305 8365 7771 8069 7873 8525 8038 8197 8548 8095 8017 7826 8190 7942 7484 8070 7884 7681 7923 8123 8339 7506 7440 8441 8442 7767 8221 7781 7982 7977 8147 7986 8767 8472 8399 7791 8144 7656 7846 8274 7684 8121 8001 7629 7917 7750 7613 7797 8484 8068 7839 8230 7866 7267 8057 8297 8475 7489 7922 7794 8363 8085 7739 7672 8231 8135 8057 7955 8158 8118 8123 8095 7989 8358 7790 8614 7439 7704 7713 8380 7862 8167 8409 7940 7959 7863 7992 8267 7803 8086 8222 7347 7851 8009 7680 8067 7768 7929 8112 8183 7809 7424 7843 8110 7978 7995 7859 7814 8142 8122 7701 8145 7771 7978 8053 8079 8301 8251 7933 8071 8278 8023 7220 8300 7644 7890 7679 7257 7969 8555 7944 8944 7616 7825 8081 7762 7256 7900 8198 8364 7512 8009 7751 7987 8176 7985 8267 8107 7868 8341 8551 7831 7960 7887 7766 7773 8126 7460 8215 8236 8486 8230 7968 7989 7745 8413 8196 8535 8235 7950 8004 7585 7906 7686 8289 7846 7932 7873 8322 8456 8195 7904 7883 7914 8139 8096 8270 7706 8074 7609 8109 8199 7672 8056 8483 7853 8098 7756 7813 8299 8500 8398 8064 8178 7563 8170 7914 7898 8225 8388 8417 
7363 8344 8371 7836 8472 7817 8254 7811 7823 7666 7715 8188 7407 8152 8418 7769 8561 7997 7908 8043 8280 7578 8037 7956 8439 8217 7713 8387 8208 8226 7538 7422 8163 7768 8362 8233 7849 8011 8202 8210 8171 8114 8092 7762 7766 7931 8432 7742 7805 8062 7957 8030 7891 7640 8478 8121 7551 8517 8780 7706 8156 8510 7938 7811 8487 7815 8428 8038 8055 8326 8198 8073 7644 8214 7994 7730 8176 8185 8574 7697 7648 8361 8112 8028 8079 7668 8159 7814 8312 8056 7891 7799 8151 7860 8065 8505 8371 8309 8918 7792 8287 8229 8059 8465 7941 8017 8124 7893 7871 7953 7868 8456 8032 7520 8816 7458 7572 7537 7820 8345 8397 8277 7538 7533 8099 8575 8149 8006 8320 8292 8201 8281 8088 7883 8178 8012 7987 7941 8442 8259 7894 8557 7915 7327 7828 8109 7995 8770 7720 8046 7683 7958 8336 8037 7817 8156 7989 7853 7845 7987 8253 7995 7860 7917 8004 7557 7932 7852 8096 8247 8539 8636 7577 8567 8160 8355 7788 8337 7667 8000 8360 7683 7896 8002 7446 8000 8138 8544 8174 7436 8127 7762 8330 7960 8618 8185 8528 8553 8276 7923 8049 8285 7888 7495 7775 8135 7964 8136 7950 7888 7727 7556 8133 8185 7869 8152 7736 7722 8230 8253 8522 8704 8377 8192 7669 8302 7741 7895 8045 7695 8186 8183 7680 8001 7917 7158 7566 8307 8117 8092 7734 7765 7767 8388 7731 8557 7851 8131 7799 8499 8308 7837 8220 8359 8323 8085 7684 8323 7939 8011 7898 7965 8181 7839 8379 7627 7934 8156 8337 7939 8236 8554 7953 7808 7999 8062 8268 8006 8151 8310 7690 7734 8444 7574 8150 7905 7909 8009 8134 8115 7761 7768 7989 7907 8454 7508 8158 8268 8464 7996 7839 7851 7792 8336 8141 8385 8163 7967 8172 8457 8223 7239 7954 7546 7876 7641 7431 8145 8174 8053 8948 7814 7841 7885 8363 7413 8009 7797 8148 7733 7889 7558 8056 8365 8088 8122 8448 8110 8581 8353 7929 8361 7799 8329 7967 8255 7585 8051 8006 8321 8221 7814 8058 7825 8375 8425 8450 8102 7683 8237 7447 7947 7965 8106 7912 7702 7716 8212 8086 7965 7934 7986 8244 7958 8135 8029 7954 8168 7611 7488 8207 7534 8176 7919 8051 8273 7375 8152 8162 8400 8299 8127 8323 7648 7955 8005 8203 8130 8352 8599 
7429 8248 8049 7994 8745 7878 8554 7871 7707 7778 8095 7786 7585 8294 8057 7869 8392 8312 7837 8029 8520 7671 7960 8150 8313 8204 7921 8066 8053 8302 7697 7731 7887 8160 8557 8348 7614 7588 7961 7707 7961 8288 8157 7844 7901 7724 8575 7893 8079 8049 7583 7838 8180 7853 8531 8144 7714 8267 8361 7818 7776 8461 7672 8029 7979 7768 8446 8135 8418 8191 8438 8375 7542 8274 7820 7493 8319 7668 8436 7615 7623 8271 7819 8329 7950 7793 8240 7548 8194 7941 7755 7975 8486 7646 7878 8145 8443 8452 8229 7763 7964 8654 7799 8525 8058 8355 8395 7989 7581 8137 8033 7936 8138 7494 8425 7854 7500 7667 7983 8387 8271 8111 7288 7510 8287 8880 7875 7727 8024 8482 7984 8615 7808 7753 7993 7970 7886 8054 8400 7989 7725 8135 7813 7396 8007 8107 8152 8699 7754 7757 7614 7903 8333 8607 7763 8067 7863 8007 7727 8251 8258 7989 7835 8162 7732 8110 8331 7994 8149 8508 8347 8723 7836 8493 8276 8164 8038 7960 7912 8300 8425 7613 7678 7938 7882 8182 8312 8516 7971 7380 8128 7315 8085 8296 8843 8030 8321 8360 8127 8193 7999 8405 7592 7820 8041 7910 8029 8010 8413 8172 7621 7739 8430 8072 7994 7880 8288 7849 8493 8163 8043 8590 8498 8011 8249 8405 8015 8218 7992 7715 7970 8487 7875 8064 8317 7428 7335 8363 8275 8194 7370 7977 7720 8337 7882 8423 7716 7969 8142 8320 8334 7859 8327 8733 7946 8309 7725 8317 7916 8424 7756 8346 8222 8149 8276 7759 7828 8101 8173 8056 8368 8212 8173 7964 8216 7774 8351 7943 8086 8065 7231 7955 8340 7776 8081 7546 7959 8052 8039 7882 7523 7767 8318 7809 8242 7939 8168 8279 8303 8004 7758 8174 7576 8200 8182 8065 8164 7940 8241 8482 8229 7453 7902 7802 7809 7839 7826 7966 8139 8104 8483 7915 7732 7786 8076 7341 7993 7807 8745 7581 7623 7698 8264 8124 8166 8289 8257 7667 8596 8579 7715 8113 7954 8541 8025 8317 7868 8184 8009 8576 8201 7857 7778 7841 8461 8002 8525 7658 7483 7982 7665 7661 8041 8169 7740 7610 8083 8397 8195 8218 7975 7707 7917 7943 8103 8054 7758 8116 7721 8049 8095 7618 8114 8172 7983 8201 7716 8006 8277 8373 8105 7454 8062 7838 7832 8347 7642 8077 8194 8549 
7052 7661 7809 7500 7961 7464 8239 7666 7567 7339 7771 7604 6896 8018 7755 7762 8001 8235 7527 7405 8355 7461 7907 8058 8316 7602 7683 7832 7426 7605 7516 7215 7685 8019 8025 7851 7561 7442 7439 7575 7708 8058 7455 7525 7682 7242 8048 7262 8244 7506 7516 7431 8045 7308 7916 7993 7644 7871 7903 7866 7457 8061 7529 7651 7931 7624 7839 7941 8064 7909 8006 7885 7391 8036 7606 6958 7884 7400 7892 7071 7430 7698 7781 7657 7748 7514 7868 7555 7981 7824 7462 7845 7724 7216 7572 7729 8102 8155 7982 7512 7714 8334 7790 8231 7413 8186 8181 8088 7427 7690 7754 8071 7330 7354 8033 7845 7246 7634 7428 7764 7758 7740 7488 7418 7507 8552 7417 7598 8040 8273 7753 7881 7662 7531 7634 7670 7727 7896 8038 7932 7920 7757 7770 7196 7758 7944 7589 7999 7565 7704 7450 7660 7869 8017 7781 8107 7817 7421 7393 7605 8129 7680 7877 7649 7608 7883 7867 7460 7550 7756 8055 8034 7286 8157 7710 7682 7426 7780 7526 7843 8182 7791 7283 7410 7593 7869 8146 8088 7643 7129 7852 6973 7567 8100 8333 7808 7951 8064 7908 7920 7698 8123 7867 7093 7717 7981 7653 7819 7948 8050 7187 7520 8030 8019 7852 7800 7815 7640 7599 7944 7918 8870 8224 7878 7863 7919 7325 7751 7856 7363 7469 8031 7476 7727 7655 7218 7283 8125 7737 7786 7824 7185 7223 8020 7741 7970 7366 7400 7602 8094 8096 7438 7787 8009 7526 7973 7748 8193 7616 8305 7723 7594 7837 7934 7917 7577 7552 7406 7717 7663 8055 8070 8253 7939 7492 7147 8454 7293 7520 7890 7383 7544 8086 7349 7637 7706 7204 7651 7822 7536 7307 7580 7629 7586 7835 7574 7512 7758 8044 7907 7607 7522 7762 8053 8215 7632 8233 7698 7880 7749 7964 6989 7781 7538 7708 7496 7687 7724 8182 7548 8353 7627 7617 7672 7729 7055 7563 7418 8179 7097 7668 7750 7735 8002 7432 7575 7863 7805 8072 8321 7442 7706 7518 8048 7448 8162 7428 7610 7794 8022 7742 7612 7548 7478 8135 7874 8112 7448 7659 7591 7664 7591 7853 7941 7779 7651 7820 8130 8056 7803 7607 7796 7640 7780 7984 7787 7757 7637 7194 7521 7766 7484 7825 7375 7729 8099 7446 7761 7853 7920 8093 7481 7704 7442 7966 7638 7692 7639 7784 8276 
6980 7967 7834 7781 8058 7442 8141 7309 7185 7094 7868 7718 7384 7724 7543 7886 8020 7729 7515 7416 8179 7279 7586 8099 8251 7616 7394 7567 7479 7545 7114 7127 7644 7541 7882 7841 7856 7459 7586 7878 7776 7820 7262 7519 7383 7564 7959 7481 7710 7956 6999 7415 8031 7485 8119 7954 7463 7747 7885 7712 7633 7629 7321 7573 8135 7214 7664 7879 8069 7800 7856 7923 7269 7840 7278 7201 7743 7756 8115 6979 7557 7514 7574 7553 7579 7617 7791 7664 7751 7538 7056 7654 7749 7334 7327 7892 7994 8163 8069 7284 7378 8217 7312 8099 7440 7780 7664 8029 7581 7846 7307 7635 7116 7248 8223 7616 7613 7498 7270 7972 7586 7624 7407 7272 7770 8302 7565 7734 7961 7822 7748 7811 7644 7281 7631 7644 7552 7843 7890 7750 7173 7893 7483 7129 7800 7797 7710 7914 7174 7639 7260 7715 7714 7420 7305 7950 7664 7755 7300 7697 7669 7498 7767 7694 7694 7981 7920 7394 7405 8078 7725 8468 7729 8165 7964 7569 7395 7671 7324 7429 8026 7472 7326 7732 7237 7768 7605 8089 7428 7049 7950 7462 7770 8123 8206 7821 7923 7954 7819 7723 7431 7854 7669 7198 7242 7826 7583 7605 7902 7701 7393 6969 7836 7762 7107 7804 8095 7662 7617 7734 7914 8474 7918 7619 7489 8079 7113 7449 7972 7609 7468 7624 7431 7557 7467 7118 7164 7719 7707 7532 7688 7456 7364 8094 7674 7783 7530 7751 7552 7940 8108 7867 7679 7865 7561 7680 7384 7761 7563 8099 7868 7737 7771 7672 7694 7498 7456 7373 7723 7451 7751 8033 7612 7667 7650 7552 8046 7606 7471 8011 7329 7615 7884 7324 7418 7440 7166 8041 7858 7457 7096 7201 7847 7595 8241 7315 7467 7719 8066 7531 7535 7432 7640 7902 7850 7919 7675 7926 7367 7965 7935 7022 7670 7649 7390 7346 7342 7666 7762 7719 8355 7498 7784 7788 7568 6997 7594 7926 7985 7144 7586 7140 8056 7953 7848 7339 7823 7482 8109 8267 7704 7824 7518 8048 7608 7713 7236 7530 8016 8012 7598 7481 7852 7710 7585 7551 7863 7602 7553 7547 7528 7126 7745 7852 7218 7519 7622 7760 7939 7918 7499 7480 7295 7695 7808 7632 7866 7875 7144 7740 8087 7374 8107 7982 7274 7716 7061 7810 7497 8052 7656 7549 7679 7339 7799 7669 7612 7679 7854 8051 
7407 8271 8121 7916 8544 7665 8525 8259 8098 7692 7976 7879 7655 8180 8458 7970 8517 8071 7988 7758 8192 7909 7936 8115 8759 8268 7652 8089 7879 8136 7420 7488 7872 8015 8323 8500 7787 7996 8298 7916 8033 8306 7977 8159 8056 7632 8472 7955 8438 8273 7576 7760 8352 7987 8495 8026 7905 8320 8149 8325 7808 8306 8158 7736 8319 7622 8286 8050 8167 8310 8237 8517 7397 8275 7908 8008 8081 7769 8321 7484 8129 8116 7772 8133 8218 7820 8197 7673 8091 7838 7815 8095 8086 8036 7986 8549 8246 8350 8249 8296 8014 8642 8241 8601 7795 8310 8287 8198 7751 8088 8076 7870 7809 7631 8300 7901 7532 7494 7952 8358 8127 8087 7440 7912 8233 8598 7974 7912 8053 8157 8299 8095 8123 7721 8115 7802 7888 8374 8628 7935 7858 8279 8253 7416 8113 8125 8346 8620 7681 8414 7741 8227 8384 8395 7966 8231 8188 7756 7553 8388 8201 8113 7987 7945 8336 8237 8286 7828 7961 8124 8550 8671 7999 8875 8194 8350 8317 8012 7927 7986 8368 8027 7611 8088 7682 8055 8349 8434 8359 7342 8516 7860 7885 8254 8517 8064 8537 8351 7899 8072 7975 8446 8174 7563 7990 8207 7835 8068 8223 8466 7785 7870 8470 8377 7720 8108 8127 7788 8136 8201 8441 8877 8565 8132 7903 8420 7850 7979 8202 7783 7923 8113 8116 8029 8099 7832 7561 8384 8032 7969 7909 8266 7638 8060 8006 8728 7860 7964 8161 8426 8293 7930 8114 8460 8123 8332 7802 8214 8340 8125 8191 8091 8087 8130 8418 7768 7916 7860 8083 8327 8384 8098 8081 8092 7934 7864 8253 7908 8380 8385 7437 7834 8399 7972 7891 7651 7869 8167 8160 8059 7224 7787 8001 8045 8160 8057 7647 8377 8276 8207 7943 8140 7762 8459 8159 8219 8233 8073 8100 8546 8219 7609 8179 8133 7971 7803 7603 8118 8240 8024 8639 7666 7828 8245 7646 7543 7978 7950 8570 7559 8125 7807 8298 8374 8359 8504 8427 8135 8539 8304 7993 8223 8003 8170 7743 8119 7721 7938 7970 8562 8380 8121 7902 8078 8502 8328 8112 8082 7659 7823 7787 8170 7894 7930 7842 7948 8348 8261 8171 8080 8104 7689 7952 7607 8045 8649 8120 8369 7703 7800 8245 7642 8341 8414 8205 8202 7712 7851 8305 8106 8454 7559 8328 7838 7948 7683 8168 8120 8383 8610 
7792 8586 8295 8402 8786 8331 8808 8121 7993 7954 8302 7796 7899 8432 8509 8395 8917 8617 8194 8255 8628 8053 8422 8607 9017 8549 7981 8262 8141 8341 8385 7804 8020 8354 8580 8383 8161 7777 8360 8077 8302 8436 8213 8041 8068 8097 8621 8108 8595 8401 7566 8139 8600 7910 8778 8915 8297 8895 8668 8372 8038 8469 8296 8042 8536 8342 8292 8037 8786 8592 8580 8590 7689 8455 8101 7814 8722 8355 8691 7974 8216 8618 7965 8348 8755 8463 8444 7795 8492 8064 8279 8155 8496 8266 8227 8307 8615 8899 8386 8351 8503 8991 8337 8672 8298 8415 8904 8469 8087 8540 8087 8609 8113 7864 8906 8334 7834 8014 8194 8424 8546 8350 7836 7870 8238 8990 8185 8047 8471 8786 8529 8780 8142 8405 8447 8431 8284 8229 8722 8176 8162 8571 8244 7627 8225 8567 8128 8704 8254 8327 8102 8170 8678 8772 8342 8423 8569 8079 8101 8050 8492 8463 8412 8269 8064 8467 8347 8233 8306 8032 8640 9164 8209 9120 8427 8566 8392 8609 7915 8241 8947 7975 8270 8336 7887 8618 8781 8659 8429 7752 8269 7799 8358 8248 8906 8262 8558 8923 8344 8543 8289 8474 8381 7844 8035 8276 8481 8503 8663 8815 8140 7989 8873 8493 8200 8032 8441 8140 8411 8566 8440 9203 8718 8626 8171 8420 8049 8297 8284 8104 8146 8679 8033 8195 8399 7928 7784 8457 8681 8535 7945 8439 7913 8321 8237 8747 8240 8411 8499 8672 8742 8272 8572 8445 8171 8361 8083 8773 8344 8354 8472 8630 8811 8058 8536 8265 8349 8184 8149 8080 8638 8741 8101 7940 8157 8192 8645 8322 8391 8382 7916 8279 8737 8074 8288 8065 7879 8311 8271 8547 7541 8155 8371 8162 8609 8392 8218 8594 8702 8545 8075 8127 8197 8984 8262 8464 8779 8227 8629 8615 8549 7697 8289 8305 8022 8076 8410 7961 8314 8368 8754 7827 8090 8391 8304 7755 8176 8036 8734 7909 8234 8311 8453 8580 8313 8557 8554 8052 8973 9046 8432 8323 8367 8510 8296 8936 7996 8476 8588 8582 8689 8301 8335 7979 8683 8290 8621 8401 7878 8247 8137 8360 8096 8554 8336 7918 8263 8618 8496 8235 8281 7949 8309 8408 7988 8479 8120 8822 7934 8317 8540 8038 8623 8316 8291 8569 7934 8160 8697 8730 8604 8109 8393 8076 8232 8232 8210 8832 8651 8571 
6896 7923 7742 7398 7970 7765 8061 7911 7822 7400 8001 7385 7259 8435 8057 7669 8289 8083 7758 7682 8358 7300 8044 8140 8441 8131 7559 7901 7889 7788 7133 7186 8152 7906 7964 8172 7319 7541 7876 8122 7779 7813 7799 7830 7647 7524 8113 7777 8115 7993 7612 8028 8142 7399 8616 7982 7528 8321 8199 7920 7561 8252 7718 7877 8057 7535 8115 7429 8041 7829 8276 8301 7372 8499 7702 7485 8042 7915 8745 7541 7878 7893 7881 7740 7789 7592 7992 7380 7814 7572 7953 8282 7667 7467 7902 8447 8301 8163 8209 7577 7784 8553 7460 8149 7550 7803 8565 7922 7559 7859 7982 7908 7433 7226 8245 7908 7366 7495 7674 7952 7793 7927 7342 7595 7673 8706 7812 7645 8089 7970 7915 8041 7617 7927 7908 7886 7521 7975 7980 7956 7662 8060 7627 7060 7675 8043 7825 8439 7519 8078 7451 7941 8216 7934 7757 8001 8052 7456 7355 8170 7748 7993 7845 7510 7805 8000 8207 7937 7482 7910 7938 8378 7532 8038 8283 7966 7582 8170 7782 7852 8093 8031 7642 7756 7702 8163 8093 7912 8267 7237 7951 7732 8144 8166 8472 8060 7991 8514 8002 8045 7905 8362 7755 7734 7786 7970 7837 7978 8243 7825 7502 7680 8204 7868 7779 7743 8023 7508 7869 7627 8248 8769 8303 7742 8026 8063 7671 7938 7924 7555 7842 8351 7822 7932 7991 7559 7675 8290 8225 7918 7482 7496 7517 8210 7937 8068 7956 7707 7901 8052 8294 7514 7955 8304 7377 8240 7580 8148 7758 8000 8064 7750 7966 7744 8000 7995 7617 7872 8252 7788 7858 7665 7891 7486 8291 7630 8019 7660 7731 8002 7392 7999 7963 7528 7871 7829 7673 7924 8071 7857 7073 7608 7770 8061 7967 7814 7738 7786 8065 8052 7721 7332 7769 8104 8065 7986 7965 7881 8014 8058 7850 6977 7774 7848 7531 7571 7465 7775 7945 7733 8732 7926 7718 8042 7722 7251 7476 7756 8522 7841 7609 7748 8170 7951 7637 7820 8109 7859 8415 8303 7828 8152 7519 8406 7866 8124 7312 7311 7929 8380 8093 7839 7951 7400 8325 8139 8270 7749 7494 7682 7457 7769 8031 7976 7741 7695 7855 8134 8163 8297 8017 7593 7714 7979 7930 7955 7789 7975 7476 8048 7912 7495 7876 7812 7670 7895 7353 7996 8016 8040 7981 7602 8027 7654 7612 7945 7543 7938 8365 8196 
7998 8989 9017 8622 9213 8341 9262 8663 8793 8591 8472 8361 8151 8795 9027 9079 8893 9199 8400 8607 8871 8084 8663 8685 9319 9176 8555 8799 8739 8984 8590 7877 8611 8845 9274 8862 8487 8447 8762 8824 8636 8725 8605 8659 8664 8294 8793 8415 8901 8673 8315 8471 9036 8188 9307 8776 8702 9044 9165 8752 8782 8771 8411 8879 9010 8569 8823 8833 8899 8927 9050 9044 8291 8768 8781 8317 9045 8663 9027 8268 8465 8951 8935 8616 8822 8435 8540 8224 8811 8503 8879 8464 8800 8748 8613 8764 9018 8975 8968 8401 8805 9417 8951 9166 8510 8872 8989 8852 8518 8906 8413 8837 8602 8316 9471 8635 8213 8167 8573 8959 8754 8689 8163 8134 8642 9239 8549 8731 8720 9313 8870 9012 8635 8431 8592 8821 8727 9021 8978 8522 8445 8918 8733 8205 8486 8871 8747 9354 8156 8506 8200 8587 9038 8906 8496 8727 8936 8556 8450 8820 8683 9027 8973 8753 8790 9085 8664 8639 8768 8762 8935 9533 8684 9199 8893 9066 8716 9080 8750 8846 9093 8786 8549 8765 8512 8682 9157 9212 8758 8182 9030 8343 8744 8689 9428 8596 9340 9255 8810 8689 8646 9088 8620 8308 8668 8797 8831 8629 9019 8856 8480 8443 8956 8917 8473 8624 8933 8511 8785 8741 8830 9308 9403 8892 8794 8812 8547 8620 8953 8485 8546 8814 8380 8344 8848 8187 8008 9044 8638 8571 8514 8588 8121 8881 8867 9100 8624 8819 8650 9401 8981 8468 8964 9488 8932 8888 8709 8818 8748 9211 8947 8627 9108 8566 9029 8700 8663 8637 8744 8650 9016 9303 8760 8681 8667 8447 9025 8677 8851 8852 8493 8690 8939 8108 8416 8402 8503 8602 8740 8550 8044 8812 8729 8737 8903 8519 8784 8807 9242 8283 8762 8503 8708 9359 8955 9047 9136 8517 8692 9313 8879 7920 8957 8466 8734 8546 8242 8620 8977 8700 9621 8873 8678 9075 9017 8040 8488 8679 8979 8583 8804 8505 9103 8941 8779 8851 9196 8932 9047 9163 8667 8913 8552 9103 8731 8976 8299 8492 8635 9581 8839 8687 8929 8506 9059 8939 9220 9105 8122 8553 8016 8340 8487 8795 8742 8661 8620 8998 8905 8623 8598 8559 8741 8440 8662 9076 8744 8703 8239 8466 9157 8104 8979 8884 8574 8959 8269 8632 9307 9031 9081 8611 8929 8285 8682 8802 8938 8985 9220 9532 
6942 7963 7949 7725 8056 7720 8396 7848 8109 7483 7980 7827 7427 8028 7986 7689 8015 8197 7845 7834 8301 7658 7882 8202 8011 7816 7702 8287 7848 7918 7645 7192 7796 8019 7881 7778 7841 7777 8006 8010 7890 7893 7774 7734 7856 7511 8225 7573 8204 7575 7642 7777 7852 7681 8117 8044 7601 8428 8218 7583 7776 8397 7613 7792 8201 7646 8015 8223 8079 8458 7748 8023 7531 8124 7793 7693 8093 8012 8344 7474 7485 7973 7984 8043 7897 7499 7891 7753 7776 7831 7529 7647 8173 7557 7581 8378 8337 8195 7758 7750 7711 8038 7589 8222 7957 7543 8332 7804 7561 8065 7687 8093 7568 7361 8428 7929 7319 7580 7583 7975 7947 7751 7437 7742 7795 8462 7811 7547 8154 8275 7757 8158 7709 7697 7710 7857 7745 7750 7880 8000 7812 7735 8016 7220 7884 7774 7750 8180 7515 8114 7511 7920 8453 7913 7681 8236 7916 7712 7506 7970 8313 7769 8046 7683 7678 8123 8012 7712 8007 8098 7679 8144 7643 8295 7925 8018 7806 7880 7488 7715 8532 7974 7883 7987 7732 7840 7662 8242 8079 7210 8291 7370 7927 8099 8379 7974 8034 8370 8037 7894 7661 8085 7745 7459 7945 7949 7688 8090 7964 8119 7478 7653 8320 8107 7419 7695 7995 7675 8024 7472 7929 8628 8497 8141 7855 7763 7523 7880 7960 7610 7642 8077 7528 7447 7635 7589 7405 8232 8152 7919 7846 7594 7383 8278 8047 8286 7396 7851 7597 8118 8309 7807 7916 8293 7915 7920 7575 8046 7993 7772 7676 7905 8218 7835 8247 7629 7682 7714 8161 7587 8071 8348 8305 7472 7640 7773 8247 7873 7800 8278 7358 7642 8062 7393 7996 7414 7514 7978 7931 7920 7637 7554 7850 7923 8203 7633 7923 8013 8156 7744 8051 7510 7778 8196 8053 8176 8165 7726 7847 8326 7779 7084 8065 7620 7784 7689 7800 7772 8044 7867 8914 7669 7897 7597 7803 7081 7704 7812 8130 7522 7785 7660 8190 8057 8000 7900 8018 7909 8151 8012 7831 7823 7456 8252 7615 8189 7372 7725 7738 7981 8257 7901 7638 7772 8265 7954 8068 7598 7551 7825 7637 7671 7738 8193 7556 7415 7729 8291 7863 8109 7787 7633 8230 8020 8310 8206 7904 8003 7403 7699 7973 7172 8043 8112 8182 8110 7230 7787 8120 8035 8384 7597 7929 7808 7775 7542 8004 7997 8294 8730 
6995 8337 7750 7919 8287 7737 8485 7961 7603 7576 7515 7801 7537 8308 8324 7793 8286 7963 7860 7836 8078 7907 7668 8199 8367 8072 7514 8148 7771 8159 7741 7633 7968 8100 8112 8009 7787 7936 8145 7996 8312 8059 7959 7959 7760 7753 8343 7976 8127 7913 7431 7816 8064 7721 8086 8194 7647 8767 8574 7862 7904 8278 7894 7729 7864 8299 8044 7958 8299 8490 8208 8048 7697 8242 7793 7413 7862 7795 8283 7368 8104 8079 8036 7940 8081 8086 7955 7698 8042 7670 7952 8073 8018 7607 7937 8151 8380 8441 8201 7800 8012 8377 7734 8230 8115 8141 8560 8193 7774 8095 8000 8140 7697 7523 8708 7629 7386 7485 7428 8250 8119 7895 7437 7740 7818 8385 8288 7892 8313 8601 8269 8436 8058 7648 7955 7868 7930 7909 8113 7856 7656 7940 7792 7395 7990 8208 8117 8564 7723 7813 7796 7823 8164 8279 7840 8141 7964 7867 7765 7977 8113 8020 8191 7663 7905 7844 8034 7753 7658 7844 8193 8457 7848 8712 8095 8198 8040 7928 7771 7873 8563 7847 7921 7843 7602 8011 8286 8538 7752 7402 8039 7254 7873 7481 8485 7977 8252 8396 8082 7935 7813 8314 8158 7448 7776 7956 7911 7844 8489 8323 7606 7802 8284 8212 7724 7956 8140 7576 8013 8080 8080 8847 8509 8206 7762 8114 7427 7914 8085 7853 7941 8148 7515 7818 8074 7457 7677 8442 8237 8168 7562 7655 7889 8000 7924 8530 7692 7947 7939 8419 8365 8072 8151 8388 8055 8094 8162 8283 8319 8054 8047 7939 8116 7806 8183 7864 7958 7828 8001 8093 8376 8283 7997 7890 8028 7637 8407 7975 7954 8234 7506 7871 8061 7680 8004 7788 7815 7831 8166 7882 7875 7795 8240 7884 8367 7797 7990 8259 8050 7809 7998 7760 7719 8343 8238 8038 7977 8105 8352 8077 8078 7790 8045 7689 7513 7620 7753 8637 8339 7929 8410 7963 8172 7851 7741 7536 7698 8152 8543 7503 7908 7844 8137 7831 8001 7822 8231 7989 8425 8416 7890 8115 7821 8255 7781 8123 7682 8264 8049 8600 7840 8157 7856 7917 8266 8318 8478 7889 7303 7806 7767 7859 8313 8200 7557 7633 7791 8258 8389 7815 7902 7936 7949 8022 8218 7877 8043 7952 7403 7895 8108 7684 7927 8028 8310 8155 7677 8028 7909 8107 8017 7790 8131 8025 7889 7913 7860 8000 8374 8723 
7290 8359 8804 8017 8928 8118 9001 8217 8156 8257 8293 8071 7645 8852 8751 8619 8705 8624 8366 8161 8822 7947 8573 8776 8897 8768 8191 8537 8600 8577 8158 7831 8114 8285 8917 8443 7797 8270 8502 8365 8781 8444 8346 8780 8107 8017 8752 8672 8603 8425 8091 8171 8507 8381 8874 8626 8496 8562 8730 8260 8164 8653 8279 8348 8770 8429 8769 8502 8505 8638 8522 8869 7802 8782 8357 7986 8598 8279 8628 7867 8267 8241 8499 8428 8308 8394 8806 8152 8509 8428 8257 8535 8534 7997 8211 8849 8714 8556 8680 8552 8607 8924 8039 8869 8256 8324 9140 8931 8198 8624 8611 8493 8224 8067 9112 8431 7884 8182 8386 8337 8731 8511 7743 8326 8421 8715 8256 8442 8877 9014 8208 8711 8405 8257 8307 8414 7994 8494 8692 8554 8137 8448 8475 7985 8463 8734 7989 8965 8353 8240 7906 8389 8864 8322 8515 8453 8359 8079 8026 8670 8727 8620 8527 8404 8377 8179 8555 8518 8270 8277 8897 8855 8117 9108 8521 8499 8162 8529 8232 8177 8735 8046 8176 8566 8437 8425 8191 8973 8098 8017 8685 8191 8436 8185 8980 8735 8636 9214 8409 8138 8603 8662 8287 7866 8306 8610 8660 8336 8962 8536 8031 8009 8803 8585 8337 8364 8786 8131 8192 8311 8547 9281 9269 8384 8239 8395 8189 8681 8354 8113 8192 8745 8238 8352 8790 8064 8169 9003 8356 8329 8067 8201 7969 8628 8658 8648 8324 8537 8230 8473 8727 8830 8774 8694 8359 9009 8436 8828 8436 8866 8386 8411 8645 8516 8600 8055 8326 8018 8411 8043 8745 8977 8614 8424 8410 7825 8900 8192 8297 8815 7965 8265 8581 8118 8472 8241 8260 8046 8553 8197 7953 8324 8642 8079 8742 8566 8153 8425 8554 8383 8551 8213 8529 8873 8472 8632 8846 8677 8480 8360 8880 7928 8602 8286 8001 8353 8305 8374 8587 8283 9123 8535 8393 8075 8399 7657 7907 8492 9122 8138 8483 8244 8750 8650 8240 8429 8878 8074 8786 8894 8342 8605 8003 9010 8508 8649 8211 8495 8486 8813 8615 8514 8531 8038 9156 8477 8844 8119 7867 8235 8167 8221 8472 8938 8422 8176 8329 8875 8661 8369 8685 8316 8660 8352 8814 8527 8277 8225 7847 8472 8541 8029 8741 8180 8628 8464 7771 8460 8203 8969 8447 7811 8786 8063 8489 8659 8389 8664 8612 8922 
7658 8190 8293 7803 8704 7881 8666 7989 7993 7934 7995 8032 7398 8283 8584 8029 8767 8223 8140 7990 8357 7810 8322 8497 8706 8362 7843 8128 7916 8184 7906 7458 7932 8130 8261 8118 7848 7868 7778 8145 8071 8489 8143 8107 7964 7978 8620 8292 8602 8209 8009 8226 8286 7789 8651 8424 7877 8494 8773 8031 7957 8328 8068 7827 8197 7918 8059 7802 8455 8629 8418 8632 7609 8267 7678 7467 8278 7899 8552 7841 7875 8503 8115 8054 8555 7843 8297 8035 8470 7729 8073 7942 8415 7855 8035 8433 8457 8782 8483 7874 8124 8760 8084 8647 7901 8227 8615 7937 7879 7975 8100 8172 8080 7657 8748 8247 7610 8084 8211 8448 8099 8127 7378 8079 7906 8848 7812 7619 8153 8548 8057 8264 7863 8289 8035 7936 7949 8004 8425 8266 7716 8241 8181 7520 8142 8384 8097 8573 7800 8493 8022 8045 8696 8575 7890 8511 8217 8126 7892 8223 8317 7977 7801 7899 8476 8090 8427 8079 7836 8062 8259 8610 7868 8413 8183 8297 8260 8005 8040 8152 8448 8017 7720 8055 7822 8283 8503 8643 8453 7485 8103 7615 8078 8092 8621 8168 8279 8721 8247 8209 7930 8419 8006 7840 7813 8078 7908 8018 8334 8067 7815 7782 8608 8209 7849 8182 8047 7874 8215 8164 8182 8926 8761 8230 8116 8405 7936 8373 7940 7640 7735 8425 7787 8181 8250 7608 7887 8457 8407 8264 7931 7964 7980 8091 8015 8186 8337 8014 8080 8132 8506 7804 8442 8786 7997 8042 8024 8234 8111 8538 8134 7991 8279 7931 8536 7929 7833 7640 8161 8224 8272 8508 8109 8078 8009 7905 8466 8075 8068 8488 7702 8229 8078 7581 8225 7918 7822 8371 8156 7849 7368 7997 8144 7779 8502 7877 8045 8126 8377 8076 7953 8136 7984 8389 8353 8149 8266 8185 8398 8539 8339 7713 7949 8162 8243 7726 7888 8260 8565 8397 8785 8243 8010 8211 8248 7357 8046 8188 8691 8113 8068 7910 8243 8134 8158 8221 8819 8278 8521 8112 8199 8404 7974 8586 8130 8098 8009 8069 8198 8577 8025 7765 8119 7893 8393 8147 8358 7925 7924 8001 7778 7909 7705 8247 7962 7606 8313 8383 8696 8233 7917 7858 7964 7780 8009 8193 8363 8395 7575 7915 8366 7904 8254 8220 8443 8330 7722 7994 8444 8095 8503 7750 7924 7985 7744 8115 8204 8066 8460 8503 
6918 8153 8122 7737 8435 7795 8538 7733 7542 7673 7657 7711 7375 8505 8001 7982 8404 7953 7795 8009 8328 7687 7800 7982 8342 8070 7480 7669 7965 8071 7764 7005 7918 7573 8099 8187 7264 7724 7807 7863 8217 8383 7824 7793 7833 7857 8315 7595 8166 7797 7959 8107 8176 7675 8554 7913 7692 8320 8401 7685 7812 8068 7644 7719 8281 7318 8314 7924 8144 8299 7903 8236 7495 8025 7805 7594 8308 7727 8264 7404 7632 8204 7833 7845 8147 7890 7609 7408 8305 7524 7657 7940 7894 7732 7849 8432 8310 8419 8222 7896 8333 8265 7723 8451 8097 7782 8298 7881 7618 7650 7878 8215 7420 7595 8473 7640 7239 7379 7454 8020 7696 8017 7083 7851 7472 8252 7799 7570 8112 8550 7722 8164 7531 7651 7744 7725 7967 7760 8319 8083 7740 8240 7936 7459 7941 7780 8099 8546 7702 8072 7308 7882 8200 8147 7532 7925 7917 7964 7452 7969 7824 7934 7997 7683 7773 8235 7978 7499 7865 7809 7974 8472 7709 8380 8139 8058 7606 8053 7876 8127 8264 7727 7638 7714 7598 8065 8424 8138 7802 6992 8254 7284 7917 7589 8656 8151 8006 8387 8050 7934 7708 8043 7773 7540 8092 7870 7930 7799 8412 8069 7543 7411 8126 7911 7869 7974 8250 7497 8063 7738 8186 8434 8339 8317 7929 8391 7603 8023 8074 7575 7979 7855 7663 7742 7845 7257 7706 8635 8000 7746 7726 7757 7397 7921 7860 7752 7514 7849 8098 8088 8498 7657 7965 8558 7869 8290 7771 8056 8044 7862 8297 7786 8053 7737 8359 7661 7775 7814 8085 7924 8159 8266 8029 7965 7895 7991 8549 7919 7859 8251 7324 7924 8259 7558 7807 7708 7449 8206 8230 7951 7250 7846 8042 7702 8186 7896 7587 7874 8173 7809 7630 7639 8000 8339 8219 7867 8081 7789 7960 8225 8024 6967 8007 7953 7710 7660 7567 7845 8039 8094 8478 7853 7707 7773 8104 7444 8023 7981 8210 7399 7704 7546 8041 7946 7779 8051 8454 7960 8437 8472 7728 8029 7378 8160 7840 7990 7247 7890 7998 8312 8231 7524 8185 7592 8434 8130 8307 8051 7475 7598 7581 7763 8006 8264 7628 7764 8120 7932 8138 8085 7775 7793 8174 7846 8233 8110 7842 8143 7387 7804 7959 7685 8036 7782 7763 8080 7299 7908 8004 7959 8220 7800 8073 7462 7686 7766 7952 8140 8402 8218 
7748 8701 8507 8471 8833 8349 9009 8107 8282 8128 8389 8440 7917 8963 8886 8164 8954 8698 8035 8455 8771 8219 8184 8685 8727 8797 8136 8395 8434 8350 8331 8050 8433 8621 8702 8592 8263 8328 8247 8263 8368 8611 8311 8337 8290 8227 8682 8225 8560 8853 8414 8350 8313 8456 9093 8537 8475 8890 8901 8344 8332 8903 8353 8127 8490 8389 8644 8507 8830 8883 8440 8891 8017 8246 7926 8192 8522 8506 8929 7920 7916 8573 8524 8490 8685 8254 8636 8145 8655 8308 8263 8278 8621 8123 8376 8728 8826 9059 8794 8236 8250 9041 8490 9162 8361 8811 8949 8528 7964 8559 8525 8582 8190 7647 8970 8539 8061 7862 8039 8811 8076 8252 7826 8321 8525 9031 8322 8252 8644 9002 8303 8991 8368 8085 8007 8388 8119 8545 8958 8426 8107 8690 8608 7771 8651 8621 8438 8867 8113 8365 8304 8128 8974 8705 8345 8459 8658 8327 8323 8691 8621 8201 8401 8175 8323 8756 8845 8514 8633 8699 8642 9177 8092 9064 8443 8478 8476 8781 8271 8831 8809 8267 8334 8528 8377 8877 8897 8919 8874 7500 8708 7889 8247 8321 9105 8369 8449 8900 8803 8579 8723 9067 8695 7857 8426 8485 8274 8340 8562 8749 8149 8137 8830 8719 8286 8310 8738 8181 8580 8527 8960 9064 9274 8618 8791 8710 8184 8318 8529 8284 8465 8428 8118 8265 8505 7757 8059 8663 8485 8491 8034 8212 8017 8700 8551 8771 8104 8620 8423 9004 8780 8545 8691 9011 8739 8692 8079 8681 8549 8616 8325 8158 8652 8587 8862 8247 8480 8011 8748 8443 8767 9059 8615 8357 8380 8313 8890 8462 8274 8654 7737 8183 8579 7804 8167 7926 8146 8768 8485 8374 7880 8057 8558 8375 8947 8479 8517 8778 8845 8679 8232 8270 8379 8880 8869 8519 8718 8808 8571 8839 8607 7984 8288 8279 8561 8168 8315 8474 8635 8437 8951 8308 8352 8193 8195 7618 8250 8620 8808 8204 8166 8176 8578 8484 8584 8659 8993 8624 8818 8843 8645 8886 8156 9023 8358 8558 8055 8355 8405 8895 8765 8387 8136 8135 8722 8649 8935 8503 7858 8423 8012 8208 8544 8540 8273 7967 8797 8768 8697 8689 8336 8353 8632 8290 8508 8642 8157 8556 8056 8392 8473 8221 8633 8574 8385 8496 7950 8362 8741 8765 8800 8337 8647 8247 8327 8170 8500 8285 8762 8882 
7584 8759 8351 8614 8825 7974 8774 8316 8258 8400 8375 8146 7905 8704 8750 8666 8937 8575 8253 8313 8716 7944 8243 8740 8895 8520 7920 8384 8217 8578 8204 8100 8559 8645 8770 8471 8383 7953 8373 8409 8420 8691 8512 8264 8128 8057 8754 8347 8602 8475 8138 7991 8686 8078 9163 8970 8236 9042 8813 8483 8115 8734 8343 8374 8787 8534 8607 8354 8857 8776 8575 8812 8281 8937 7881 7824 8759 8154 9024 8097 8292 8503 8410 8219 8469 8289 8628 8342 8770 8301 8281 8466 8541 8024 8101 8891 8831 8997 9075 8379 8454 8646 8330 8681 8459 8928 8929 8498 8266 8821 8197 8675 7861 8062 9308 8197 7946 7905 8247 8696 8849 8769 8026 8346 8295 9066 8428 8088 8939 8793 8534 9038 8170 8097 8300 8364 8168 8140 8890 8501 8072 8537 8260 7868 8629 8688 8350 8752 8229 8516 7939 8455 8617 8915 8496 8643 8519 8565 8468 8524 8716 8489 8351 8640 8586 8503 8934 8459 8245 8343 8722 9163 8317 9251 8780 8695 8286 8635 8018 8359 8967 8232 7875 8254 8257 8812 8714 8689 8611 7876 8474 8032 8251 8541 9160 8649 8799 8901 8611 8665 8371 8686 8245 7737 8379 8759 8600 8425 8889 8883 8230 8198 8451 8776 8016 8279 8597 7958 8739 8319 8897 9126 9115 8546 8621 8904 8365 8434 8426 8052 8440 8554 8158 8658 8366 7765 7981 8919 8392 8536 8251 8019 8145 8747 8210 8842 8492 8232 8487 8735 8679 8439 8738 8957 8438 8795 8415 8683 8345 8382 8711 8330 8647 8489 8672 8298 8206 8288 8588 8540 8968 8856 8680 8398 8321 8159 9093 8594 8555 8787 7919 8015 8937 7918 8474 8280 7860 8568 8790 8150 7882 8488 8496 8546 8613 8003 8096 8366 8853 8419 8133 8242 8235 8714 8639 8573 8453 8582 8906 8518 8608 8075 8453 8284 8094 8322 8324 8597 8630 8412 9010 8678 8091 8578 8295 8016 8396 8223 8880 8100 8237 8322 8616 8447 8621 8567 8768 8508 8775 9008 8322 8801 8244 8896 8251 8628 8013 8308 8663 9223 8903 8434 8195 8561 8839 8538 8911 8437 8130 8561 8177 8215 8561 8082 8491 8204 8479 8869 8866 8386 8412 8366 8550 8236 8561 8499 8557 8398 7834 8445 8544 8321 8423 8153 8444 8683 8081 8642 8525 8700 8573 8446 9023 7896 8422 8400 8514 8290 8860 9028 
6924 8045 8350 8089 8276 7678 8575 7767 7434 7517 7875 7490 7510 7906 8553 7717 8385 8201 8096 7624 8398 7644 7736 8058 8260 8270 7623 8036 7564 7865 7534 7432 8004 7810 7902 7894 7471 7642 7878 7647 8131 8058 7549 7949 7839 8041 8338 7919 8187 7987 7668 7956 8333 7606 8183 8392 7723 8483 8487 7721 7294 8344 7782 7691 8258 8029 8116 8179 8458 7963 8208 8113 7536 8146 7777 7458 7991 7398 8158 7714 7735 8077 7754 7928 7851 7564 8197 7623 8296 7544 7835 8036 8143 7675 7897 8232 8128 8028 8336 7827 7699 8176 7519 8520 7885 8018 8562 7963 7430 8157 7872 7836 7604 7202 8590 7991 7375 7797 7367 8121 7685 7921 7563 8004 7704 8690 8125 7992 8244 8471 7908 7887 7971 7797 8168 7790 7796 7979 8364 8220 7882 8106 8088 7213 7831 7694 7442 8267 7432 8041 7804 8131 8346 7922 8225 7842 8139 7851 7821 7622 8216 7655 7788 7809 8010 7565 7868 7828 7919 7630 8061 8354 7496 8332 8171 7940 7796 7989 7567 8034 8264 8014 7599 7772 7845 8043 8131 8292 8011 7219 8141 7358 7826 7989 8585 8200 8209 8351 8228 7810 7985 8150 7646 7203 7960 8328 7714 7963 8263 7866 7832 7718 7910 8245 7547 8104 8010 7562 8213 7967 8162 8555 8319 8169 7890 8082 7500 8189 7937 7654 7658 8371 7551 8017 8391 7297 7557 8489 7906 8067 7836 7510 7631 8108 7858 7882 7906 8095 7940 8001 8230 7851 7983 8211 7785 8378 7432 8027 7637 8417 7816 7655 8258 7961 8293 7844 7812 7799 8162 7765 8207 8376 7937 8061 7851 7849 8193 7476 8009 8174 7519 7592 8019 7636 7748 7737 7587 7836 8162 7937 7362 7731 7943 7984 8320 7766 7865 7974 8326 7512 7799 7705 7765 8138 7925 8005 7949 8017 8210 8185 8071 7500 8018 7598 7907 7889 7816 8274 8179 7621 8629 7941 7663 7892 7703 7335 7775 8005 8582 7447 7993 7859 7931 8101 7767 8022 8322 7985 8207 8408 7671 8187 7556 8519 7453 8266 7638 7669 7969 8148 8069 7711 7898 7862 8659 8346 8273 7693 7670 8153 7681 7649 7930 8160 7847 7755 7844 8126 7998 8289 8121 8079 7856 8042 8027 8365 7970 7906 7221 7520 7947 7664 7983 7761 8066 8136 7300 7948 7832 8264 8133 7860 7926 7972 7666 7586 7865 7943 8216 8481 
6812 7894 8046 7611 8177 7483 8272 7639 7608 7232 8057 7941 7488 8490 8340 7729 8100 8024 8144 7563 8240 7598 7688 8358 8242 7912 7798 8119 7770 7681 7628 7433 7721 7751 8195 7867 7419 7582 8011 7836 7800 8040 7773 7966 7614 7374 8356 7583 8315 8326 7862 7672 7998 7705 8258 8027 7829 8057 8406 7808 7556 8020 7790 7721 8507 7562 7711 8078 8163 8088 8001 8071 7217 8147 7526 7659 7913 7517 8537 7294 7680 7967 7799 8260 7849 7611 8026 7648 8377 7441 7878 7876 8075 7611 7782 8095 8277 8273 8293 7753 8224 8207 7859 8230 7877 8012 8275 7654 7657 8066 8010 7996 7682 7596 8260 7895 7339 7609 7815 7888 7883 7736 7606 7670 8096 8474 7627 7725 7890 8358 8204 8130 7973 8062 7798 7688 7724 7978 8283 7988 7382 7925 8019 7236 7801 8259 7706 8335 7837 7835 7318 8104 8333 8138 7979 8025 8264 7768 7571 7814 8035 8104 7696 7910 7829 8064 8446 7618 7809 7742 7988 8197 7385 8455 8196 8024 7908 7961 7534 8013 8289 8077 7708 7734 7418 7992 7828 8350 8005 7087 8078 7072 8006 7898 8667 7834 8109 8338 7905 7653 7866 8298 7948 7304 7633 7968 7728 8053 8010 8125 7778 7370 8374 8011 7891 7930 8148 7815 7680 7852 8096 8638 8287 7876 8094 7975 7307 7947 7715 7607 8033 8095 7423 7690 8016 7684 7689 8233 8311 7933 7864 7683 7666 8213 7962 8016 7675 7865 7586 7884 8129 7775 7905 8182 7959 7811 7807 8075 8159 8109 7939 7893 8102 7903 8373 7437 7764 7887 8127 7819 8028 7918 7936 7882 8057 7816 8194 8005 7849 8183 7673 7598 8007 7704 7917 7563 7716 8036 8116 7617 7250 7619 7691 7907 8250 7733 7781 7990 8467 7865 8103 7861 7729 8244 7908 8178 8222 7882 7766 8274 7878 7538 7757 7967 7711 7446 7463 8016 7828 7874 8560 7965 7961 7995 8048 7049 7800 7891 8204 7353 7762 7534 7991 8304 7752 7902 8458 7960 8138 8311 7975 8090 7598 8271 7657 7844 7661 7806 7914 8447 7973 7725 8001 7759 8140 8070 8240 7954 7621 7735 7510 7741 7801 8280 7491 7855 7922 8532 8208 8132 7742 7845 7584 7721 7998 8074 7724 8111 7523 7874 8205 7635 8090 7897 7687 8205 7142 7954 8000 8336 8034 7958 7830 7434 7898 7874 7684 8015 8232 8363 
7640 8521 8486 8146 8898 8205 8461 7923 7759 7735 8315 8164 7550 9026 8269 8164 8949 8348 8054 7821 8490 7950 8224 8472 8701 8542 8026 8356 8475 8556 7977 7484 8251 8327 8890 8512 7878 8131 8143 8311 8058 8715 8040 8345 8130 7890 8633 7853 8480 8388 8123 8086 8720 7998 8445 8645 8151 8685 8566 8345 8137 8842 8086 8181 8514 8275 8229 8358 8489 8721 8644 8407 7927 8420 8007 7792 8166 8119 8405 7787 7925 8624 8256 8469 8481 7983 8442 8194 8526 7947 7952 8307 8289 7918 8124 8829 8527 8689 8450 8272 8172 8622 8092 8700 7967 8324 8691 8118 8137 8279 8128 8509 8029 7660 8725 8206 7837 7952 7634 8499 8159 8212 7768 7976 8042 8799 8291 7927 8238 8499 8241 8559 8194 7771 8389 8033 8014 8233 8543 8254 8025 8713 8338 7837 8176 8529 8056 8587 7904 8234 7784 8066 8557 8431 8144 8232 8189 8227 7801 8137 8796 8444 8297 8151 8308 8289 8427 7927 8132 8382 8732 8845 7985 8995 8605 8512 8325 8143 8119 8493 8631 8436 7934 8385 8135 8352 8718 8509 8369 7567 8595 7703 8404 8398 9106 8093 8614 8726 8136 8452 7991 8676 8299 7839 8169 8471 7933 8132 8430 8262 7827 8150 8756 8214 7965 7959 8211 8152 8328 8227 8444 8932 8699 8627 8097 8570 8155 8336 8420 8037 8167 8527 8153 8241 8207 7487 7754 8569 8565 8501 8132 8400 7590 8440 8087 8466 7849 8306 7908 8496 8359 8239 8514 8617 8409 8206 8516 8235 7971 8710 8239 8195 8532 8407 8448 7927 8215 7908 8183 8309 8516 8618 8506 8004 8080 8254 8307 7695 8378 8256 7649 8112 8527 8034 8014 7920 8025 8246 8458 8077 8018 8164 8478 8245 8487 8169 8367 8378 8551 7884 8171 8182 8348 8665 8546 8522 8505 8232 8255 8127 8722 8199 8443 8186 8271 7995 7649 8283 8487 7947 8924 7998 8097 8101 8091 7624 7740 8220 8956 7818 7894 8021 8638 8116 8300 8359 8563 8232 8260 8772 8362 8330 8089 8927 8159 8187 8044 8061 8008 8602 8464 8197 7787 8097 8571 8487 8916 8007 7952 8310 7999 8163 8200 8139 8097 8293 8421 8342 8387 7998 8521 7941 7959 8082 8181 8672 8064 8304 7641 8034 8131 7683 8560 8299 8179 8785 7792 8357 8293 8583 8608 8149 8393 7843 8276 8246 7848 8328 8240 8810 
7525 8348 7955 7795 8712 7982 8643 7980 7682 7335 7925 8341 7822 8248 8395 7976 8596 8273 7764 7741 8354 7855 8195 8362 8484 8127 7659 7973 7987 8248 7774 7526 7902 7956 8452 8411 7768 8041 8074 7749 8217 8172 8069 7836 8063 7801 8497 7700 8160 7965 7526 7832 8096 8110 8302 8202 8252 8242 8443 7922 7558 8162 8242 7947 8200 7713 8278 8330 8380 8456 8415 8504 7343 8502 8268 7534 8231 7914 8315 7556 7610 8090 8058 8353 7933 7560 8150 7986 8170 7888 7860 7980 8148 7945 7950 8389 8483 8473 8335 7924 8108 8580 7835 8303 8113 8020 8322 8377 7637 7957 8016 8394 7563 7775 8517 7818 7658 7545 7948 8313 7874 8229 7333 7627 8438 8763 7786 7825 8248 8575 8208 8033 7920 7759 7865 8016 7796 7900 7985 7856 7644 8183 8087 7492 8186 8048 8155 8438 7492 8035 8040 7891 8489 8279 7833 8496 8324 7784 7880 8369 8099 7997 8281 7814 7972 8090 8231 7951 8282 8400 8365 8339 7695 8671 8092 8179 7767 8214 7449 7839 8066 8017 7785 7772 7796 8059 8355 8611 8074 7448 8515 7733 8074 8094 8550 8127 8504 8536 8139 8020 7919 8186 7758 7534 7688 8184 7880 7941 8201 8129 8032 7811 8499 8326 7768 8096 8101 7697 8211 7928 8076 8896 8506 7967 8152 8412 7924 8274 8016 7745 8049 8309 7873 8150 8265 7647 7444 8404 8317 8015 8111 7768 7730 8085 7998 8218 7954 8022 7916 8652 8419 8281 8036 8445 8176 8389 7946 8379 8088 8457 8498 7969 8186 8254 8509 7662 8254 8055 7944 7801 8474 8603 8025 7927 8222 7805 8465 7917 7861 8192 7494 7930 8269 7607 8045 7973 7826 8052 8152 8216 7336 7825 8054 8210 8346 8204 8112 8087 8681 7781 8083 8058 7950 8409 8497 8273 8431 8242 7889 8304 8022 7559 8118 7988 8238 7965 7512 7995 8311 8283 8724 7873 8236 7819 8219 7326 7840 8120 8702 7341 8132 8014 8145 8247 8344 8057 8415 8116 8471 8244 7993 8307 7812 8913 8031 8312 7666 8238 8220 8706 8313 7857 8104 7908 8464 8369 8394 7987 7429 7879 7621 7930 7908 8752 7514 7624 8013 8539 8261 7973 7629 7878 8160 7963 8165 8222 8131 8249 7374 7707 7895 7730 8010 8047 8523 8167 7647 8415 8403 8441 8331 7944 8103 7770 7924 8510 8100 8029 8334 8495 
7420 8323 8756 8039 8840 8104 8809 8296 8285 8118 8419 8124 7878 8673 8772 8437 8615 8575 8120 8215 8724 8236 8303 8685 8543 8569 8081 8632 8471 8551 7923 7810 8065 8336 8778 8440 7961 8397 8237 8334 8176 8576 8083 8442 8301 7917 8422 8297 8459 8541 8165 8150 8580 7971 8991 8618 8270 8787 8554 8511 8249 8606 8030 8232 8570 8535 8525 8409 8419 8508 8678 8861 7998 8653 8268 7678 8367 8465 8980 7777 8351 8366 8374 8662 8607 7790 8595 8069 8684 8112 8285 8758 8511 7853 8479 8804 8836 8731 8639 8207 8270 9269 8460 8942 8139 8732 8700 8307 8377 8525 8623 8584 8095 8110 8928 8272 7977 7889 8302 8477 8427 8145 8013 8243 8354 9065 8234 8146 8588 9081 8589 8499 8439 8144 8275 8685 7728 8423 8650 8512 8142 8676 8527 7849 8329 8693 8266 9074 7973 8160 8311 8204 9072 8682 8359 8033 8481 7939 8373 8304 8901 8369 8228 8135 8057 8445 8625 8619 8452 8151 8866 8901 7940 9095 8690 8559 8481 8391 8085 8404 8608 8207 8210 8721 8158 8829 8701 8352 8845 7914 8656 7853 8276 8333 9023 8560 8920 8946 8499 8615 8398 8783 8287 8035 8361 8353 8003 8200 8787 8588 8083 8155 8718 8777 8341 8341 8619 8281 8576 8384 8725 9382 9323 8592 8350 8375 8046 8244 8398 8018 8359 8703 8389 8288 8650 7755 8047 8751 8614 8284 8299 8170 8204 8716 8502 8577 8392 8388 7878 8806 8583 8382 8270 8776 8721 8547 8242 8642 8469 8528 8125 8408 8721 8541 8788 8354 8311 8422 8711 8212 8520 8681 8436 8237 8638 8030 8647 8243 8397 8710 8007 8138 8362 8019 8450 8046 8268 8710 8495 8084 7740 8469 8619 8016 8683 8427 8076 8533 8790 8103 8536 8517 8319 8825 8826 8440 8808 8670 8459 8467 8143 7801 8515 8235 8245 8069 7935 8263 8801 8535 8847 8611 8220 8594 8669 7660 8363 8216 9100 8009 8144 8140 8430 8500 8281 8701 8800 8478 8656 8619 8571 8596 8239 8802 8431 8558 7901 8110 8284 8744 8538 8623 8269 8092 8650 8643 8726 8425 8170 8324 7990 8870 8213 8836 8263 8175 8350 8893 8805 8617 8343 7968 8320 8416 8673 8472 8355 8407 7990 8367 8498 7867 8464 8384 8512 9081 7659 8406 8717 8509 8580 8167 8586 8068 8608 8655 8571 8539 8692 9095 
6942 7977 7872 7439 8134 7454 8110 7565 7283 7347 7299 7635 7450 8032 7879 7551 8051 7959 7491 7677 7981 7255 7508 8069 7777 7734 7287 7778 7477 7616 7591 6907 7664 7655 8151 7636 7424 7472 7639 7667 7549 7687 7524 7631 7473 7089 7809 7359 7775 7787 7268 7473 7754 7221 8031 8077 7295 7969 8083 7583 7258 7895 7648 7301 8116 7614 7529 7460 7918 8062 7919 8339 7139 8050 7604 7386 7636 7298 7920 7158 7355 7958 7713 8036 7584 7397 7962 7589 7487 7614 7465 7286 7999 7791 7605 7748 7948 8018 7889 7594 7902 8429 7223 7824 7935 7888 8030 7539 7394 8027 7575 7915 7346 7035 8191 7656 7134 7536 7382 8204 8156 7529 7309 7441 7841 8058 7482 7386 7815 7866 7564 7780 7342 7706 7674 7429 7490 7570 7772 7840 7292 7905 7818 7063 7659 8176 7479 8215 7315 7787 7596 7787 7736 7909 7782 7769 7769 7846 7181 7721 7806 7747 7561 7557 7744 7290 7704 7743 7761 7890 7673 7900 7688 8169 7691 7564 7476 7558 7622 7681 8179 7658 7560 7725 7396 7282 7875 7906 7500 6982 7859 7298 7703 7674 8060 7828 8049 8252 7358 7347 7425 8142 7713 6868 7448 7600 7553 7623 7705 8060 7345 7369 8095 7801 7677 7638 7949 7462 7322 7514 7949 8327 8115 7596 7620 7963 7280 7618 7298 7415 7491 7893 7201 7692 7517 6998 7037 8034 7965 7558 7663 7398 7430 8190 7705 7953 7593 7923 7702 7872 8046 8095 7527 8027 7659 7724 7445 8016 7507 7762 7746 7707 8078 7420 8207 7558 7563 7497 7886 7668 7805 8176 7805 7756 7269 7541 7826 7598 7639 8144 7248 7688 7997 7259 7979 7391 7323 7432 7667 7668 7069 7561 7715 7313 8295 7636 7846 8057 8146 7462 7851 7853 7644 7754 7864 8093 8006 7712 7574 8139 7773 7289 7640 7900 7673 7607 7416 7587 7687 7425 8496 7726 8021 7594 8010 6980 7420 7648 7994 7522 7392 7615 7906 7985 7597 7768 8118 7783 7879 7867 7344 7612 7347 8066 7813 7696 7524 7732 7749 8046 7887 7221 7624 7676 7890 8055 8180 7515 7837 7480 7613 7581 7295 7767 7260 7472 7677 7960 7836 8038 7584 7688 7889 7614 7623 7723 7770 7758 7220 7585 7787 7084 7998 7841 7963 7684 7211 7777 7962 8028 7943 7298 7665 7371 7377 7392 7144 7580 7874 7903 
7333 8275 8101 8299 8572 8244 8870 7980 7962 7736 7746 8008 7410 8610 8521 8173 8720 8339 8321 7895 8531 7820 8121 8429 8606 8239 7641 8193 8278 8415 7791 7944 7922 8269 8552 8687 7707 7739 8380 8521 8423 8418 8098 8507 8166 7898 8298 7953 8458 8236 7784 7736 8245 8117 8866 8373 8092 8530 8454 7998 7836 8543 7956 8256 8270 8309 8537 8027 8291 8512 8420 8393 7770 8417 8278 7655 8505 8060 8618 7568 7828 8531 8272 8372 8087 7903 8143 7867 8225 8205 8217 8011 8092 7659 8169 8582 8549 8442 8748 8293 8077 8629 8058 8562 8099 8056 8665 8446 7734 8308 8164 8664 7981 7604 8759 8073 7807 7688 7934 8366 7938 7983 7711 7910 8016 8859 8090 8033 8442 8771 8027 8127 7979 7900 8137 8013 7629 8241 8607 8056 7654 8186 8042 7174 8295 8618 7837 8650 7930 8284 7872 7874 8463 8390 8121 8189 8406 8169 8178 8065 8439 8162 8123 7981 8075 8077 8197 7919 7968 8276 8451 8704 7591 8692 8342 7972 8034 8561 7901 8069 8496 8013 8275 8486 7849 8413 8275 8544 8009 7854 8431 7558 7944 8263 8870 8194 8530 8529 8176 8312 8185 8381 7969 7472 8227 8414 8032 8102 8412 8089 7761 7708 8615 8253 7978 8222 8115 7993 8113 8190 8292 9226 8536 8412 8207 8468 7673 8049 8087 7674 8260 8434 7742 8003 8199 7895 7721 8327 8315 8301 8144 7586 7870 8564 8359 8375 8017 8138 8118 8767 8332 8192 8105 8436 8483 8279 7987 8572 8274 8170 8134 8108 8381 8096 8562 8081 7738 8107 8060 7634 8112 8639 8522 8232 8089 7865 8180 8023 8060 8603 7218 7906 8348 7786 7789 7934 8110 8223 8101 7933 7276 7831 8629 8000 8643 8113 8221 8003 8597 8109 7995 7858 8243 8538 8345 8396 8621 8179 8124 8523 8076 7695 8080 7951 8170 7845 8073 8279 8463 7986 8682 8289 8115 8084 8070 7435 7853 8054 9024 7825 8024 8034 8039 8284 8287 7998 8487 8137 8539 8722 8331 8072 7926 8926 7907 8393 7687 8395 8406 8426 8235 8016 8040 8058 8511 8616 8340 8190 7997 8114 7731 7737 8350 8385 7904 7682 8048 8348 8426 8030 8173 7800 8288 8262 8240 8276 8105 8172 7507 8061 8152 7731 8036 8234 8297 8210 7722 8233 8267 8278 8812 7477 8239 7727 8125 7903 8228 8101 8321 8750 
7018 7805 7605 7349 8267 7622 8297 7708 7877 7388 7715 7847 7326 8683 8035 7835 8254 7774 7851 7567 8341 7624 7974 8395 8149 7851 7472 7819 7692 8041 7521 7375 8187 7613 8285 8200 7466 7680 7867 8084 7794 8147 7740 7879 7673 7583 8005 7372 8045 7997 7457 7344 7815 7545 8167 7857 7718 7996 8111 7853 7608 7823 7848 7922 8105 7667 7750 7822 8156 8214 7798 7867 7538 8007 7394 7199 7794 7915 8114 7503 7678 7994 7657 7665 7842 7610 7731 7769 8234 7430 7629 7660 8003 7359 7742 8410 8413 8313 8026 7657 7532 8178 7430 8181 7613 8107 8307 7910 7674 7856 7830 8249 7495 7426 8214 8146 7397 7405 7363 7616 7820 7777 7474 7262 7774 8221 7807 7518 7917 8164 7716 8147 7566 7517 7650 7673 7568 7802 8287 7526 7460 8175 7813 7453 7712 8232 7770 8243 7609 8115 7277 7778 8334 8007 7664 7958 7898 7591 7811 7960 8270 7886 7585 7419 7965 7819 8131 7621 7841 7860 7818 8410 7639 7947 7935 7857 7574 8059 7631 8145 8170 7602 7884 7938 7759 8057 8121 8063 7885 7004 7724 7143 7698 7830 8495 7970 7893 8339 7854 7791 7966 7925 7558 7134 7732 8029 7631 7956 8016 8257 7576 7604 8028 7737 7660 7795 7937 7703 7659 7751 8264 8057 8507 7978 7887 8263 7371 7674 7895 7366 7429 7863 7523 7613 7581 7295 7190 8218 7984 8123 7478 7595 7359 8251 7861 8163 7616 7818 7855 8158 8218 7670 7740 8424 7672 8034 7667 8130 7880 7971 7769 7728 7962 8118 8387 7748 7414 7637 7746 7680 7928 8345 8235 7711 7969 7505 8168 7859 7539 8012 7583 7905 8367 7767 7541 7613 7707 7996 7749 7539 6963 7664 7742 8022 7883 7697 7962 7871 8314 7658 7772 7937 7617 7974 8325 8243 7934 7991 7876 8032 8101 6963 8043 7706 7790 7402 7518 7940 7926 7675 8284 7661 7817 7774 7558 7074 7634 7459 7954 7263 7736 7735 7711 7926 7479 7831 8264 7951 8351 8005 7953 7981 7523 8342 7642 7823 7414 7736 7690 8439 7811 7535 7675 7458 8131 8144 8519 7722 7521 7886 7364 7808 7845 7955 7596 7449 8013 8093 7979 7811 7662 7768 8164 7806 7975 7872 7836 7932 7360 7621 7918 7448 7877 7973 8066 7882 7038 7970 7877 8337 8132 7590 8098 7356 7999 7878 7594 7974 8053 8165 
7422 8303 8203 7683 8136 7729 8123 7710 7889 7533 8108 8035 7224 8599 8214 7991 8515 8186 7444 7444 8220 7530 7729 8402 8636 7729 7810 8018 7841 7913 7628 7715 7942 8035 8273 8246 7913 7562 7842 8017 7987 8259 7834 7997 7629 7554 8396 7690 8065 8229 7597 7792 8151 7513 8697 8337 7859 8438 8043 7702 7730 8140 7768 8030 8284 7856 8045 8032 8158 8370 8441 8063 7544 8374 7684 7533 7839 8042 8203 7577 7795 8244 7652 8064 8180 7783 8161 7764 8142 7555 7840 7645 7943 7533 7638 8264 8199 8449 8239 7711 7985 8363 7925 8212 7876 8073 8505 7932 7735 8483 8151 8139 7855 7628 8446 8154 7603 7426 7593 8128 8198 7711 7570 7792 8132 8628 7707 7689 8231 8590 8201 8182 8117 7765 8383 8199 7625 7531 8332 7707 7790 8272 7801 7420 8083 8176 7977 8458 7528 7993 7502 7739 8273 8131 7640 7941 8201 8323 7553 7822 7846 8224 8152 7980 7588 8069 7922 7940 7878 7995 8042 8471 7846 8749 8075 8285 7871 7967 8273 8007 8252 7988 7578 7964 7501 8312 8118 7983 8167 7045 7850 7477 7914 8011 8498 8167 8326 8371 8217 7738 8069 8402 8064 7343 7834 7880 8074 8026 8181 8421 7569 8050 8207 7949 7935 7870 8302 7742 8131 7970 8045 8829 8584 8100 7931 8371 7783 8015 8216 7596 7964 8133 7780 7907 7900 7575 7493 8272 8347 8067 7846 7546 7646 8186 7972 8105 7607 8005 7750 8394 8451 7813 7985 8301 7996 7801 7926 8510 8025 8130 8194 7934 7858 8250 8271 7708 7758 7905 8086 8156 8279 8424 8215 7854 7784 7767 8376 7833 7953 7757 7377 8101 8289 7549 7992 7648 7719 7993 7933 7889 7196 7829 8034 8049 7969 7869 8216 8161 8391 7968 7643 7838 8157 8566 8187 7904 8459 7929 8168 7993 8019 7444 8097 7778 8164 7723 7665 8219 7930 7989 8565 7981 8039 8104 7663 7359 8098 7726 8392 7710 7769 8004 8266 8166 7974 7974 8407 7865 8503 8565 8092 8061 7826 8619 8001 8362 7575 8023 7823 8423 8107 7891 7616 7742 8388 8056 8647 8183 7738 8075 7925 8092 7719 8210 7858 7823 8240 7905 8181 8026 7839 7839 8073 7832 7869 8250 7984 8326 7333 7893 8299 8095 8133 7963 7953 8421 7362 7897 8446 8355 8180 7724 7771 7567 7965 7911 7676 8087 8356 8320 
7500 8568 8568 8559 8676 8065 8959 8340 8231 8318 8159 8040 7923 8821 8695 8499 8770 8623 8390 8511 8651 8192 8114 8766 8581 8362 7924 8518 8065 8256 8210 8130 8204 8601 8656 8462 8310 7782 8513 8319 8530 8671 8243 8221 8161 7955 8209 8210 8657 8679 8161 8263 8678 8041 8880 8449 8316 8686 8869 8173 8190 8817 8338 8349 8487 8343 8535 8361 8810 8703 8671 8704 8160 8493 8179 8277 8621 8581 8740 8032 8167 8689 8539 8173 8535 8112 8601 8335 8618 8026 8330 8322 8711 7815 8424 8581 8398 9178 8792 8370 8508 8990 8224 9054 8142 8742 8891 8516 8293 8670 8258 8278 8346 7597 9340 8173 7777 8062 8196 8660 8460 8308 7832 8084 8349 9088 8571 8209 8686 8577 8587 8621 8326 8469 8087 8373 8325 8128 8639 8540 8021 8825 8281 7626 8525 8473 8716 8556 8313 8276 7887 8603 9175 8540 8314 8477 8352 8353 8006 8569 8542 8430 8526 7905 8196 8359 8491 8385 8433 8552 8241 8939 8022 9475 8393 8491 8238 8413 8342 8362 8867 8271 8197 8467 8375 8584 8261 8757 8406 7801 8678 8120 8272 8275 8996 8207 8585 9003 8592 8662 8496 8795 8604 8004 8464 8451 8499 8425 8326 8574 8187 8171 8872 8542 8205 8330 8623 8171 8495 8303 8422 9039 8763 8434 8249 8569 7880 8227 8506 8217 8830 8274 8447 8406 8299 7851 8071 8410 8703 8487 8375 8403 8056 8426 8430 8593 8211 8342 8253 8864 8805 8249 8535 8413 8502 8772 8022 9084 8198 8273 8576 8436 8616 8215 8654 8156 8522 8219 8830 8291 8713 8849 8896 8239 8349 8077 8999 8450 8473 8540 8015 8394 8318 7864 7948 7878 8078 8184 8625 8273 7847 8040 8529 8311 8526 8184 8204 8422 8770 8250 8265 8144 8625 8677 8417 8531 8621 8326 8725 8491 8384 8055 8567 8378 8175 8207 8188 8209 8260 8315 9010 8410 8511 8213 8213 7659 7928 8252 8975 8341 8094 8347 8626 8503 8393 8621 8935 8501 9026 8704 8447 8385 8180 8702 8442 8502 8020 8555 8259 9044 8911 8278 8114 8377 8697 8497 8658 8044 8108 8193 8065 8030 8404 8587 8196 8260 8435 8493 8406 8387 8314 8571 8275 8327 8445 8919 8225 8393 7935 8304 8474 7844 8476 8347 8309 8604 7724 8343 8493 8686 8608 8301 8757 8156 8188 8343 8234 8575 8907 8831 
7221 7983 8326 7731 8409 7503 8177 7685 7415 7635 7864 7567 7206 8148 8414 7872 8335 7877 7597 7918 8007 7633 7675 8025 8469 8231 7314 8024 7700 7848 7440 7453 7805 7870 7708 8316 7471 7736 7748 7620 8082 7776 7777 8079 7465 7687 8127 7738 8430 8111 7444 8045 7767 8020 8487 8184 7652 8306 8362 7768 7336 8271 8063 7557 8144 7800 7869 7965 8160 8450 8120 8266 7441 7904 7673 7519 8235 7847 8157 7737 7336 8129 8038 8073 7940 7555 7775 7716 8009 7854 7588 7941 8163 7495 7860 8195 8162 8200 8440 7996 8001 8290 7749 8082 7974 8133 8393 8208 7676 7900 7712 7607 7492 7448 8553 7596 7323 7520 7700 8032 7945 7956 7121 7572 7923 8259 8149 7984 8068 8283 7797 7892 7850 8103 7860 7780 7356 8088 8175 7958 7614 8167 8076 7330 8099 7750 7876 7972 7373 7660 7455 7940 8254 7770 7818 7712 8084 7929 7470 7839 8147 7968 8003 7930 7975 7925 7891 7778 7607 7848 8034 8668 7415 8155 8094 8130 7943 8138 7409 7850 8340 7823 7213 7730 7369 7974 8149 8199 8095 7515 8030 7411 7885 7886 8744 8049 8016 8296 8076 7783 7901 8221 7760 7316 7699 7814 7470 7837 8229 7873 7647 7626 8255 8231 7379 8039 8065 7746 8260 7782 7907 8557 7960 8050 7832 8236 7465 7877 7782 7593 8119 8104 7764 7729 7836 7653 7428 8191 8019 7563 7564 7594 7526 8018 7619 7968 7366 8052 7778 7969 8232 7810 7641 8227 7821 8032 7592 7934 7771 7909 8004 7903 8041 7659 8483 7558 7823 7653 8063 7971 8339 8370 7849 7919 7949 7584 8369 7508 7963 8112 7321 7794 8359 7499 7604 7441 7479 8076 7993 7554 7390 7595 7801 7742 8076 7584 7717 7770 8208 8007 7925 7787 7919 8551 8056 8254 8035 8093 7990 7953 8018 7278 7866 7730 7539 7726 7591 7800 7949 7690 8548 7902 8000 7749 8124 7164 7668 7848 8413 7479 7984 7899 7720 7830 7585 8270 8011 7903 8269 8372 7749 7824 7530 8175 8085 7926 7319 8028 7757 8091 8048 7685 7863 7358 8452 7962 7970 7764 7949 7787 7480 7663 7646 8068 7707 7730 7558 7917 8209 7886 7901 7574 8036 7933 7977 7787 7561 7755 7501 7820 7927 7306 7949 7835 7948 8054 7033 7938 7840 8255 8180 7887 7738 7793 7714 7883 7872 7663 7800 8458 
6963 7845 7878 7440 8113 7155 8421 7230 7716 7592 7539 7246 7201 8002 8150 7664 7966 7810 7400 7571 7976 7550 7530 7942 8090 8000 7454 7611 7432 7718 7346 7200 7804 7617 7610 8032 7313 7287 7809 7607 7805 8080 7637 7546 7411 7464 8101 7554 8005 7784 7533 7486 7893 7307 8359 8000 7740 7909 8337 7582 7377 7917 7607 7487 7882 7758 7732 7771 8186 7803 8258 8033 7336 7743 7405 7300 7914 7260 8136 7173 7594 7660 7821 7595 7752 7562 7672 7394 8137 8041 7646 7692 8130 7637 7601 8269 8092 8049 7932 7556 7794 8349 7330 8046 7494 7973 7764 7444 7724 7635 7625 7880 7570 7347 8311 7949 7250 7397 7453 7918 7629 7587 7073 7797 7717 8094 7478 7424 8154 8206 7647 7940 7651 7343 7632 7822 7509 7895 7886 8028 7512 7764 7693 6886 7930 7831 7993 8342 7330 7960 7594 7904 8026 8251 7580 7805 7657 7850 7514 7840 8147 7485 8030 7710 7670 7594 7752 7720 7811 7669 7971 7822 7560 8065 7926 7826 7649 7862 7442 7575 7785 7904 7691 7369 7457 7675 7853 7732 7757 6826 7905 7458 7658 7468 8267 7767 7698 8077 7701 7875 7848 7939 7236 7227 7691 8061 7723 7861 7720 8048 7480 7259 8065 7894 7243 7843 7842 7187 7653 7645 7996 8546 8140 7952 7516 7982 7542 7649 7517 7445 7735 7915 7572 7732 8021 7164 7298 8052 7838 7918 7827 7391 7441 7910 7763 7909 7650 7617 7692 7974 8024 7562 7795 8328 7675 8054 7397 8182 7830 7932 7571 7471 7771 7713 7950 7392 7760 7682 7820 7521 8195 8328 8105 7724 7743 7388 8054 7746 7722 8000 6923 7370 7637 7501 7875 7377 7619 7814 7893 7864 7155 7551 7915 7804 7863 7444 7872 7927 8062 7654 7456 7785 7469 7739 8126 8048 8050 7805 7821 7862 8019 7050 7726 7694 7556 7376 7276 7709 7911 7592 8342 7625 7730 7808 7770 6946 7278 7494 8299 7136 7961 7521 7804 7587 7593 7894 8395 7871 8232 8178 7728 8038 7176 8031 7623 8058 7458 7640 7791 8176 7818 7650 7933 7773 8160 7638 7954 7580 7497 7692 7381 7730 7911 7814 7504 7597 8143 7819 8219 8042 7443 7308 7616 7675 7908 7708 7429 7434 7414 7583 7526 7449 8056 7824 8102 8192 7217 7660 7720 8065 7634 7412 8000 7363 7480 7263 7507 7525 7789 8572 
7560 8298 8422 7961 8656 7863 8625 7858 7782 7525 8401 8083 7762 8490 8294 8140 8387 8208 7979 7975 8310 7964 7884 8437 8618 8135 7596 7994 7794 8527 7805 7713 8082 8402 8405 8312 8010 7996 8197 7835 7932 8547 7765 7708 7656 7991 8173 7561 8007 8246 7766 7778 7921 7931 8238 8180 7966 8337 8306 8003 7913 8331 8157 7936 8486 8255 7888 8453 8676 8306 8352 8051 7606 8319 7916 7627 7981 8065 8439 7591 7728 7922 8268 8038 8173 7910 8248 7865 8011 7899 7618 8013 8312 7851 8008 8012 8298 8552 8424 7956 7898 8356 7863 8308 8031 8451 8509 8218 8046 7809 7917 8220 7816 7603 8636 7906 7530 7570 7977 8165 8433 8362 7545 7622 8002 8515 8086 8124 8252 8608 7868 8354 8072 7823 8090 7945 7604 8166 8055 8006 7701 8586 8180 7387 8091 8299 8173 8590 7437 7944 7764 8035 8355 8122 7802 8115 7920 7914 8014 7956 8412 8155 8128 8059 7961 7870 8437 8379 8236 8198 8237 8554 7937 8587 8275 8324 7719 8132 7831 8182 8512 8058 7790 7792 8197 8332 8097 8445 7941 7272 8135 7714 8086 8015 8858 7986 8241 8576 8255 8133 8131 8411 8310 7748 7976 8346 8146 8158 8162 8269 7878 7631 8538 8379 7588 8065 8194 8103 8291 8191 8370 8694 8366 8331 8065 8174 8033 7890 8249 7908 8009 8249 8115 8133 8070 7425 7399 8342 8216 8183 7924 7951 7878 8114 8111 8268 8340 7934 7767 8655 8385 7887 7732 8770 8232 8464 7825 8350 8200 8338 8171 8196 8308 8243 8591 7727 8000 8111 8239 7842 8326 8589 8218 7850 8058 7921 8584 7958 7943 8322 7231 8090 8425 7434 7975 7996 7800 8334 8065 7934 7925 7841 8034 8001 8243 7803 8178 8299 8832 7911 7931 8110 7764 8540 8345 8341 8486 8451 8187 8456 8189 7650 8404 8001 8112 7629 7748 8121 8206 7725 8773 7875 8111 8184 8307 7384 7860 7870 8362 7616 8044 7857 8298 8235 7962 8348 8283 8121 8314 8554 8042 8113 7923 8525 7975 8291 7452 8073 8195 8649 8238 7977 7841 7940 8684 8425 8566 8225 7779 8127 7918 7818 7907 8313 7888 8043 7898 8379 8402 8232 7872 7676 8201 8199 8083 8476 8053 8154 7534 7989 7975 7983 8301 8413 8425 8392 7523 8159 7877 8579 8116 8151 8414 7977 7870 7837 7955 8114 8631 8464 
6996 8033 7972 7570 8152 7547 8317 7660 7594 7776 7941 7655 7403 8109 8192 7743 8233 8160 7709 7689 8058 7247 7756 8419 8439 8198 7460 7960 7775 7983 7740 7011 8009 8063 7957 8118 7577 7328 8071 7767 7856 7904 7845 7750 7442 7678 8101 7578 8319 7672 7242 7628 7852 7770 8235 8423 7759 8325 8220 8162 7043 8276 7916 8087 8105 7605 7912 7982 8259 7947 8232 8453 7542 7979 7694 7546 7980 7650 8613 7380 7752 8176 7965 7960 7732 7766 7898 7672 7907 7876 7663 7924 8145 7354 7736 8305 8185 8386 8441 7377 7980 8412 7494 8159 7986 8180 8446 8094 7741 7977 7895 8155 7496 7276 8244 7966 7312 7755 7626 8020 7932 8029 7453 7447 7868 8348 7970 7488 8204 8313 7706 8156 7730 7878 7947 8117 7652 7974 8040 7835 7721 8292 7998 7601 8012 8156 7844 8577 7608 7892 7447 7609 8020 7992 8055 7889 8063 8064 7464 7959 8335 8138 7980 8065 8040 8123 7894 7622 7852 7912 7994 8115 7710 8281 8207 8087 7473 7971 7652 7936 8266 7778 7537 7799 7759 7920 8037 8442 7849 7281 8024 7373 8080 7629 8383 8027 8127 8264 8088 7410 8032 8179 7857 6790 7511 7859 7904 7741 8294 8135 7436 7742 8115 8225 7585 7883 8050 7561 7802 7729 7878 8324 8206 7699 7899 8272 7499 7704 7996 7613 7771 8171 7733 7495 7865 7533 7511 8124 8155 7931 7760 7839 7415 8158 7953 8203 7750 7638 7907 8197 8246 7741 8196 7986 7770 8240 7636 8250 7587 8290 7910 7632 8147 7760 8368 7662 7744 7627 7759 8009 8232 8295 8055 7835 7736 7407 8117 7904 7915 8086 7458 7843 8158 7609 7950 7735 7552 7963 8035 7501 7306 7762 7774 8046 8352 7512 7757 8068 8130 7648 7736 7719 7934 8194 8437 7978 7927 8150 7756 7786 8283 7335 7842 7917 7973 7876 7792 7960 8229 7737 8590 8176 7847 7796 7611 7177 7562 7652 8348 7468 7973 7995 8101 8002 7823 7990 8181 7572 8172 8508 7642 7845 7727 8275 7598 8014 7587 7826 8204 8324 8152 7797 8126 7640 8288 8011 8379 7708 7671 7905 7378 7657 7642 8013 7627 7725 7969 8069 8532 7994 7730 7418 7858 7657 7679 7947 7859 7913 7517 7759 7907 7595 8217 7807 8016 8083 7755 7890 8217 8269 8051 7919 8023 7436 7688 7978 7730 7873 7970 8602 
7235 8308 7943 8042 8615 7907 8634 7840 7706 8064 7940 7570 7728 8420 8494 8158 8727 8284 8013 7986 8395 7446 8139 8524 8545 8310 7969 8341 8046 8278 8004 7289 8177 7903 8371 8358 7793 7886 8031 7862 8099 8359 7975 8253 8179 8231 8441 8090 8422 8327 7947 8132 8471 7982 8514 8623 8137 8476 8662 7971 7881 8756 7946 8161 8358 7925 8121 7987 8735 8436 8020 8523 7362 8195 8055 7516 8388 8195 8367 7880 7852 8396 8431 8160 8128 7764 8136 7864 8466 7938 8081 8105 8620 7979 8124 8577 8906 8654 8650 7924 8277 8870 7867 8637 8075 8360 8616 8306 8073 8288 7939 8728 7825 7766 8924 8246 7609 7873 7969 8398 8192 8174 7876 7862 8149 8853 7968 8196 8334 8595 8010 8257 7981 8218 8270 8230 8204 8095 8421 8221 7720 8494 8030 7486 8227 8395 8068 8678 7869 8356 7676 8299 8618 8087 7872 8285 8202 8031 7754 8305 8466 7769 8445 8267 8191 8245 8452 7886 8194 8131 8745 8556 7690 8619 8241 8553 8168 8005 8046 8191 8683 7947 7959 8270 7500 8141 8585 8722 7946 7654 8563 8033 8352 8152 8741 8135 8367 8527 8060 7775 8294 8322 8350 7602 8136 8475 8185 7906 8464 8536 7767 7557 8533 8612 7978 8098 8477 7809 8190 8061 8413 8918 8702 8494 7940 8540 7834 8135 8262 8035 8284 8238 7777 8013 8017 7704 7630 8471 7905 8366 8054 8138 7722 8356 8409 8675 7654 8392 8023 8419 8375 7812 8393 8525 8239 8465 7928 8574 8272 8206 7919 7921 8436 8113 8535 7652 8048 7720 8506 8224 8720 8682 8514 8149 8171 8074 8412 7959 8279 8582 7755 7775 8532 7618 8091 7874 7780 8138 8136 7997 7654 8052 8565 8131 8488 8269 8207 8079 8806 7983 8456 7948 8127 8524 8612 8613 8211 8147 8164 8322 8430 7500 8023 8069 7990 8228 8053 7951 8493 7999 8719 8079 8223 8331 8168 7250 7680 8181 8518 7726 8005 8139 8360 8266 8022 8044 8410 8158 8179 8519 7767 8025 7959 8584 7721 8497 8017 8277 8131 8659 8569 7756 8366 7956 8482 8203 8726 7866 8056 8095 7863 8033 8135 8425 8181 8073 8290 8297 8108 8170 8232 8255 8154 8243 8281 8352 8378 8245 7503 8091 7838 7673 8683 8209 8287 8507 7868 8296 8249 8402 8252 7824 8132 7867 8031 7956 7930 8503 8563 8686 
7333 8375 8362 7670 8333 7330 8387 7825 7860 7908 8388 7710 7474 8165 8366 8118 8279 8228 7747 7745 8091 7978 7785 7849 8402 8148 7618 7936 7952 7997 7700 7349 7776 8293 8042 8069 7750 7778 8153 7854 8193 8007 7829 8114 7747 7408 8293 7669 8440 7942 7565 7646 8033 7627 8608 8486 8001 8611 8304 8029 7664 8113 7843 7931 8416 7930 8156 7966 8526 8351 8137 8091 7367 8487 7700 7856 8174 8035 8444 7330 7490 7885 8203 8016 8116 7695 8094 7867 8091 7807 7960 7995 8185 7584 7722 8337 8350 8383 8371 7894 8029 8719 7841 8530 7985 8040 8379 8036 7642 8099 7899 8264 7746 7735 8326 8005 7483 7440 7704 8133 7866 8027 7271 7636 8156 8592 7649 7936 8115 8304 7747 8120 7893 7767 8195 8077 7610 7706 8295 8149 7655 8403 8151 7234 8206 8034 8029 8530 7877 8107 7796 7899 8296 8561 7919 8028 8588 8231 7647 7869 8309 8266 8007 7851 7458 8013 8111 8084 8222 8110 8310 8392 7950 8888 7865 8209 8054 8003 7892 8014 8283 7737 7806 8033 7669 8183 8472 8272 7776 7213 7820 6969 7737 7861 8709 7866 8386 8286 7791 8053 7975 8380 8029 7492 7766 8150 7901 7968 8381 8199 7738 7678 8295 8301 7616 7614 8165 7749 7977 8054 8231 8657 8839 8390 7770 8470 7687 7753 7783 7800 7973 8166 7557 7573 7729 7164 7738 8332 8016 8189 7553 7820 7833 8417 7615 8409 8011 8038 7697 8427 8624 7844 8244 8261 8396 8082 7804 8535 8141 8176 8089 8038 7991 8159 8392 7621 7843 7880 7904 7789 8331 8293 8058 8060 7599 7747 8354 7970 8121 8440 7189 7761 8374 7512 8025 7726 7641 8189 7953 7632 7522 7760 7649 8091 8258 7927 8145 8019 8310 7944 7848 8087 8010 8497 8552 7864 8031 8148 8100 8169 8099 7570 7931 7440 7677 7889 7620 7936 8383 8062 8519 8220 8022 8195 7892 7299 7914 7705 8333 7502 7748 7812 8096 8132 8128 8154 8532 7849 8324 8197 7941 8337 7777 8454 7743 8113 7729 8191 8257 8443 8172 7905 7948 7649 8215 8082 8467 7941 7831 7918 7585 7968 7770 8441 7671 7832 8217 8427 8005 7945 7900 7550 8115 8018 8107 7860 8145 8319 7392 7811 7947 7718 8100 8283 8289 8217 7587 7926 8428 8072 8107 7824 7722 7958 7820 8061 8085 8183 8452 8863 
7281 8432 8105 8198 8374 7829 8471 7904 7791 7922 8215 7870 7735 8414 8297 8063 8228 8430 7890 7996 8471 7655 8069 8254 8568 8537 7981 8256 8190 8034 7513 7837 8366 8056 8156 8155 7826 8035 8198 8007 7921 8428 8041 8125 7818 7755 8602 8194 8781 8315 8125 7918 8468 7904 8573 8438 7907 8528 8390 8043 8312 8656 8112 8155 8486 8011 8600 7874 8645 8292 8395 8407 7694 8637 8142 7679 8317 8017 8413 7861 8051 8031 8321 8479 8173 8104 8125 8215 8356 7881 8339 8101 8340 7624 8135 8620 8911 8539 8407 7970 8264 9022 7937 8575 8161 8393 8493 8200 7854 8119 8154 8648 7651 7800 8630 8070 7825 7745 7815 8069 8054 8121 7665 7849 8043 8724 8119 8103 8700 8542 8300 8772 8227 7952 7932 8192 7748 8108 8475 8118 7947 8173 8370 7486 8140 8258 8078 8785 7756 8035 7959 8423 8777 8296 8083 8036 8630 8188 8371 8138 8732 8014 8220 7805 8131 8429 8197 8193 8078 8311 8419 8663 8068 8612 8434 8138 7972 8494 7831 8311 8660 7999 7915 8225 7846 8546 8417 8412 8288 7159 8483 7742 7990 8081 8765 8242 8650 8570 8348 8323 8136 8414 8043 7910 8340 8447 7976 8071 8324 8369 8079 7732 8593 8540 7983 8351 8297 7937 8360 8030 8346 9163 8772 8515 8185 8286 8058 8120 8010 7782 8099 8707 8134 8292 8152 7742 7861 8545 8255 8304 8168 8026 7917 8212 8103 8309 7696 8234 7964 8412 8463 7898 8251 8672 8229 8294 7958 8815 8286 8950 8051 8018 8288 8203 8488 7992 8042 8067 8247 8189 8456 8666 8391 8100 8179 8058 8309 7848 8281 8389 7686 7921 8485 7666 8240 7772 7814 8243 8460 7973 7511 7996 8200 8087 8258 7982 8118 8199 8670 8151 8321 8173 8129 8407 8526 8094 8301 8264 8320 8318 8128 7320 8237 7912 7840 7949 7727 8007 8084 8338 9053 8237 8289 8077 8134 7340 7964 8047 8530 7725 8247 8289 8520 8023 8077 8195 8489 8178 8595 8611 8144 8629 8209 8596 8080 8578 7894 8140 8024 8719 8385 8096 8184 7908 8605 8293 8536 8122 7925 8047 7616 7875 8063 8560 8165 7928 8543 8799 8164 8214 8093 7894 8321 8189 8185 8246 8092 8408 7500 8154 8059 7958 8573 8151 8279 8521 7637 8307 8792 8296 8428 7796 8056 7644 8106 8018 8177 8183 8324 8504 
7512 8676 8476 8151 8254 8219 8650 8073 8226 7754 8213 8111 7630 8317 8326 7978 8365 8641 8128 7977 8634 7574 8003 8702 8606 8298 8178 8138 8084 8022 7768 7528 8100 7831 8376 8253 7806 7977 8081 8185 8401 8578 8022 7975 7895 7849 8491 8068 8593 8386 8149 8457 8244 7903 8555 8772 8272 8440 8712 8122 7969 8427 7880 8087 8379 8224 8422 8248 8877 8259 8452 8328 7634 8132 8017 7734 8124 8518 8928 7852 7929 8443 8126 7984 8080 8122 8697 8193 8198 7821 8091 8211 8407 7777 7904 8729 8851 8661 8595 8033 8416 8944 8102 9027 8112 8426 8737 8461 8003 8225 7955 8403 7638 7653 9080 8126 7671 7893 7975 8084 8302 8483 7593 7786 7961 9054 8204 8076 8563 8503 8013 8508 8223 7980 8215 8187 8280 8352 8573 8685 8089 8756 8360 7841 8197 8375 7972 8442 7814 8413 7751 8237 8661 8748 7925 8482 8251 8390 7818 8381 8647 8279 8362 8093 7945 8419 8020 8156 8060 7995 8375 8777 8122 8592 8367 8654 8079 8278 7986 8300 8452 7952 7877 8080 7992 8348 8563 8349 8698 7473 8699 7852 8209 8315 8517 8465 8288 8596 8337 8727 8097 8173 8106 7665 8239 7931 8069 8256 8447 8613 8066 8037 8547 8322 8196 8374 8047 7845 8660 8000 8456 9341 8564 8541 8262 8213 7956 8343 8257 7941 8391 8363 8214 8213 8319 7682 7399 8409 8427 8200 8328 7851 7785 8581 8065 8301 7891 8370 7925 8512 8462 8173 8374 8765 8306 8255 8045 8776 8001 8362 8243 8064 8401 8154 8510 8030 8276 7814 8345 8253 8456 8738 8390 7924 8150 8313 8791 7741 8326 8650 7579 7863 8418 7590 8207 7980 7532 8583 8442 7879 7616 7727 8351 8310 8386 8306 8370 8219 8865 7883 7935 7697 7829 8313 8476 8310 8398 8340 8291 8224 8654 7472 8230 7914 8427 7930 8140 8438 8324 8091 8931 8035 8174 8479 8385 7587 8035 8323 8488 7999 8546 8094 8754 8460 8126 8396 8375 7936 8380 8417 8124 8352 7992 8623 8092 8560 7796 8234 8200 8593 8706 8180 8085 8055 8465 8483 8471 7910 7803 8207 7831 8260 8119 8798 8092 7971 8145 8512 8667 8189 8458 8273 8482 8179 8350 8315 7966 8268 7555 7969 8173 7944 8418 8156 8024 8342 7678 8543 8397 8357 8406 7968 8221 7946 8162 8117 8391 8169 8345 8763 
7465 8143 8553 8187 8566 7957 8350 8005 8205 7981 8035 8017 7848 8279 8528 8335 8382 8223 8456 8210 8288 7850 7875 8445 8306 8386 8191 8139 8065 8525 7865 7321 8100 8162 8467 8133 7974 7950 8177 7776 8065 8284 7964 8028 8070 7782 7990 8189 8588 8379 7849 7843 8201 8221 8527 8345 8072 8402 8648 8350 7792 8687 7894 8127 8378 8218 7919 8121 8497 8419 8104 8310 7658 8482 7956 7706 8467 8134 8566 7840 7881 8245 8204 8143 8465 8096 8246 7846 8229 8097 7963 8196 8340 8065 7919 8199 8352 8630 8695 8195 8148 8578 7699 8402 8072 8079 8434 7877 7886 8172 8223 8456 8148 7735 8517 8134 7399 7764 7929 8405 8182 8322 7859 8037 8119 8952 7823 7746 8168 8638 8307 8396 7947 8071 7879 8132 7638 8288 8466 8399 7564 8368 8377 7589 8211 8035 8283 8720 7744 8263 7772 8139 8387 8191 7892 8570 8073 8149 7869 8163 8496 8011 7863 8164 8194 8302 8319 8098 8043 8454 8527 8406 8300 8228 8172 8361 7999 8226 8012 7919 8478 7942 7436 8341 7660 8139 8594 8475 8366 7082 8524 7492 8283 8235 8603 8241 8378 8719 8172 8121 8042 8492 8288 7303 7945 8551 8052 8233 8163 8380 7793 7687 8465 8433 8185 7898 8374 7844 8061 7926 8527 8364 8782 8306 7930 8045 8101 8298 8284 8048 8022 8334 8038 7989 8206 7646 7870 8323 8214 8299 7727 8047 7710 8348 8002 8064 7939 7919 7840 8126 8663 8188 8279 8572 8481 8701 8021 8525 8018 8419 7779 7931 8480 8390 8413 7632 8052 8083 8488 7997 8735 8631 8437 7959 8390 7975 8476 7858 8219 8398 7665 8028 8440 7688 8141 7783 8058 8175 8152 7935 7957 8312 8433 8099 8471 8052 7998 8248 8616 8318 8013 8114 7929 8131 8677 8443 8438 7970 8314 8461 8510 7832 8315 8165 8067 8183 7966 8330 8425 7917 8899 8267 7910 8266 8351 7121 8068 8135 8441 7561 8170 7975 8143 8245 8229 8154 8488 8164 8294 8551 8067 8365 7877 8484 7938 8490 7894 7912 7975 8638 8055 8013 8222 8163 8542 8309 8552 7900 7762 7801 7617 8084 7994 8184 7825 7706 8091 8376 8477 8371 7960 7726 8396 7929 8309 8148 8029 8066 7594 8027 8157 7764 8476 8181 8542 8659 7447 8338 8318 8149 8289 7887 8463 8001 8137 8210 7953 8486 8584 8637 
7232 8221 8042 7887 7904 7671 8512 8044 7708 7724 7750 7698 7432 8263 8168 8111 8287 8065 7888 7894 7909 7601 7516 8097 8126 8268 7694 8162 7977 7871 7862 7550 7821 8003 8121 7827 7668 7507 7997 7910 7876 7611 7511 7965 8005 7739 8229 7674 8384 8112 7659 7839 8202 7781 8233 8254 7896 8150 8513 8034 7506 8123 7557 7934 8243 7671 8031 8046 8365 8053 8037 8143 7354 8108 7888 7603 7959 8056 8249 7435 7638 7999 8024 7859 8320 7965 7824 7540 7927 7889 7790 7744 8094 7413 7836 8044 8212 8211 8231 7734 8092 8360 7880 8199 7932 8083 8186 7950 7825 8251 7860 8360 7382 7674 8496 7981 7085 7464 7673 7922 7822 7720 7460 7348 7974 8539 7966 7446 7934 8106 7793 7992 7815 7971 7888 7985 7830 8036 8294 7729 7532 8058 7802 7285 7801 8045 7690 8524 7756 7932 7592 8125 8638 8107 7719 8202 8170 8079 7909 7982 8005 7824 7789 7603 7875 8010 7890 7724 8058 7909 8076 8391 7842 8240 8187 8027 7772 8027 7670 8077 8396 7780 7604 7606 7564 7853 7962 8429 7666 7116 8322 7551 7495 7948 8496 7872 8028 8467 7914 7920 8155 8340 7705 7587 7897 8100 8069 8174 8063 8129 7808 7244 8092 8163 7927 8393 8223 7805 7899 7833 7986 8513 8451 7909 7736 8125 7618 7683 8165 7821 7562 8077 7700 7863 7760 7697 7485 8312 7757 7978 7826 7493 7341 8214 8057 8114 7525 7888 8054 8260 8208 8075 8160 8167 8033 7943 7637 8388 7855 8056 7872 7934 8247 8026 8711 7531 7819 7735 8081 7731 8132 8282 7985 7799 7608 7531 8272 7737 7754 8245 7425 7671 8444 7531 7975 7501 7297 8218 8046 7751 7269 7632 7628 7923 8232 7976 7582 8158 8377 7559 7906 7709 7707 8024 8138 7931 7879 7920 7638 8295 8027 7383 7678 7819 7731 7736 7653 7820 8240 7970 8475 8239 7857 7853 7885 7352 7682 7685 8031 7339 7681 7444 8130 8135 8058 8004 8471 7965 8436 8132 8026 8210 7915 8220 7876 7963 7577 7931 7842 8158 8215 7832 7982 7775 8307 8322 8131 8067 7697 7974 7427 7646 7404 8425 7684 7536 7767 8547 8049 7867 8023 7822 7856 7710 8003 7951 7903 8084 7371 7511 8086 7835 8283 7671 7878 7850 7270 7599 7993 8075 7897 7725 8185 7855 7825 7933 7818 8270 8031 8355 
7460 8275 8249 8086 8556 7442 8428 7733 7911 7766 8039 7791 7582 8295 8283 8038 8372 8148 7681 7991 8390 7992 8083 8124 8349 8281 7642 8241 8047 8387 7464 7635 7997 7909 8422 8193 7594 7722 8191 7848 8205 8006 8005 7834 7844 7859 8635 7788 8338 8115 7914 7942 8113 8039 8514 8542 8017 8572 8319 7917 7574 8487 7828 8090 8330 7823 8206 8140 8289 8265 8403 8393 7792 8334 8104 7703 8166 7962 8730 7628 7944 8461 8156 8354 7990 7599 8272 8157 8139 8164 8152 8099 8553 7725 7893 8503 8626 8464 8328 7704 8025 8509 7867 8387 8056 8185 8389 7896 7948 7956 8132 8217 7736 7632 8806 8194 7577 7672 7616 8432 8356 8172 7503 7948 8057 8707 8110 7621 8468 8712 7910 8271 7770 7949 8249 8074 7707 8138 8469 8191 7860 8184 8183 7514 8204 7989 8066 8441 7699 8349 7675 7956 8702 8620 8050 8150 8204 8144 7754 7908 8395 8294 8165 7821 7772 8293 7939 8192 7891 8246 8482 8678 7991 8909 8238 8365 7987 8243 7809 8260 8472 7641 7988 8126 7793 8246 8326 8314 8285 7281 8389 7532 8137 8150 8604 8125 8078 8485 8205 8081 7884 8348 7745 7738 8177 8206 7875 8104 8470 8400 7923 7748 8499 8353 7594 7857 8125 7854 8208 7768 8092 8530 8531 8470 7732 8229 8278 7991 7939 7411 8030 8504 7807 8334 7838 7580 7342 8301 8393 7999 7582 7766 7371 8246 7662 8383 7723 8479 8240 8406 8396 7764 8268 8596 8122 8201 8072 8455 8161 8421 8272 7897 8271 7989 8131 7746 7814 7682 8081 8048 8464 8511 8071 8003 8000 7936 8654 7787 8219 8274 7633 7947 8440 7736 7953 7837 8015 8053 8275 8019 7551 8138 8439 8147 8300 8034 8151 8472 8409 8033 8128 7561 7728 8521 8316 8491 8063 7987 8248 8173 8385 7450 8369 7848 8085 7597 7557 8009 8256 7733 8566 8089 7907 8080 7847 7669 7763 7920 8770 7619 7847 7994 8205 8353 8245 7985 8325 7778 8511 8434 7695 8252 7864 8552 8026 8584 7732 7928 8060 8099 8370 8125 7960 7709 8721 8186 8583 7868 7708 7907 7697 8056 8107 8097 8128 7940 7883 8278 8013 8003 8084 7739 7974 7963 8364 8162 8067 8149 7583 7883 8105 8096 8078 7999 8230 8188 7534 7912 8543 8439 8341 7606 8322 7789 7846 8032 7926 8072 8137 8639 
7154 7981 7710 8033 8355 7747 8295 7837 7817 7732 7916 7383 7391 8431 8140 7934 8263 7991 7790 8216 8048 7857 7864 8346 8454 8147 7759 8085 7951 8293 7758 7359 8021 8002 8373 8272 7806 7367 7956 7747 8132 8116 7853 7521 7770 7692 8096 7770 8025 7753 7473 7719 8025 7825 8469 8051 7824 8302 8187 7815 7839 8145 7907 7935 8308 7695 7831 8142 8314 8188 8361 8469 7601 8379 7749 7243 8209 7724 8456 7332 7888 8092 7971 7994 8019 7657 7978 7468 8082 7785 7745 8011 8239 7813 7843 8316 8434 8429 8450 7795 8161 8603 7846 8522 8055 8096 8440 8069 7709 7836 7801 8526 7630 7392 8479 7768 7574 7351 7633 8134 8043 7903 7661 7602 7882 8628 7867 7688 8281 8306 7646 8226 7847 7744 7840 7859 8077 7672 8026 7715 7511 8154 8133 7237 7899 7966 7901 8603 7588 8177 7612 7977 8322 7982 7651 8275 8027 7925 7744 7869 8146 7832 8081 8138 7832 8222 8045 7914 8046 8244 8186 8384 7858 8347 8117 8162 7921 8102 7599 7918 8515 7761 7718 8157 7609 7854 7902 8415 7963 7535 8354 7387 7820 8014 8419 7867 8371 8377 7862 8034 8087 8230 7934 7475 8110 8168 8260 7746 8215 8196 7725 7523 8246 8245 7913 8071 8098 7683 7719 8063 8164 8544 8464 7881 8041 8304 7808 7769 8017 7892 7542 8116 7513 8093 7981 7473 7436 8320 8336 8197 7738 8044 7277 8152 7994 8252 7778 7799 7843 8178 8118 7845 8424 8405 8105 8176 7974 8311 8251 8222 8308 8140 8119 8027 8064 7780 8201 7667 8231 7981 8529 8414 7978 7904 7879 7747 8433 7930 8076 8124 7555 7807 8438 7651 7889 7427 7745 7909 7747 8075 7354 7621 8215 7746 8113 7928 7865 8116 8518 7733 7949 7929 7894 8250 8313 8143 8345 7952 7742 8383 7926 7656 8125 8173 7862 7905 7830 7604 8418 7917 8395 7953 7867 7608 8041 7343 7560 7926 8254 7389 7807 7849 8174 7701 8102 8196 8566 7968 8184 8344 7923 7831 7655 8313 7721 8246 7661 7951 7989 8450 8454 8034 7696 7770 8482 8236 8400 7261 7603 7950 7602 7605 7809 8275 7552 7658 7472 8572 7946 8135 7726 7647 7997 7945 7973 8184 7696 8018 7419 7699 8087 7736 8115 7938 8177 8124 7504 8086 8284 8432 8037 7547 8050 7902 7882 7931 7792 7836 8346 8483 
7611 8680 8648 8411 8760 8084 8936 8020 7818 8440 8574 8004 7895 8787 8959 8752 8854 8502 8090 8674 8467 8048 8144 8886 8615 8563 7880 8612 8227 8485 8270 8167 8532 8405 8850 8496 8057 7988 8626 8436 8716 8683 8653 8442 8093 8246 8998 8092 8549 8408 8029 8419 8683 8397 8852 8939 8206 9222 8780 8294 8243 8933 8739 8381 8803 8189 8991 8583 8980 9180 8429 8620 8049 8673 8346 8022 8646 8616 8831 8041 8192 8194 8546 8635 8642 8308 8217 8385 8721 8427 8197 8799 8598 7940 8432 8859 9015 8658 8974 8245 8548 8974 8338 8597 8394 8637 8849 8475 8134 8485 8354 8560 7871 8070 9039 8483 8077 8057 8017 8640 8187 8457 8003 8250 8295 9057 8297 8310 8532 8964 8730 8511 8179 8264 8493 8631 8166 8580 8796 8612 7901 8606 8161 7819 8386 8601 8382 8986 8310 8123 7979 8465 8946 8446 8507 8731 8879 8347 8354 8408 8698 8495 8394 8496 8716 8873 8730 8278 8416 8824 8543 9025 8053 9013 8666 8364 8409 8468 8073 8500 8915 8257 8176 8404 8453 8663 8782 8784 8497 7791 9139 7937 8324 8335 9072 8418 8681 9053 8741 8785 8408 8915 8556 7810 8383 8623 8246 8349 8621 8994 8171 7913 8541 8787 8163 8568 8747 8456 8318 8361 8570 9077 8940 8831 8455 8838 8253 8438 8850 8072 8363 8623 8326 8219 8401 8305 8298 8946 8601 8156 8293 8370 7920 8623 8676 9059 7863 8450 8229 9076 8664 8547 8632 8904 8586 8726 7983 8283 8387 8464 8529 8670 8649 8529 8838 8406 8121 8304 8621 8525 8583 8898 8470 8503 8436 8174 9052 8374 8464 9098 7601 8146 8769 8167 8370 8109 7958 8813 8583 8413 7941 8369 8697 8667 8865 8472 8330 8265 8876 8416 8111 8315 8323 8781 8885 8674 8518 8570 8368 8766 8867 7724 8533 8266 8275 8006 8299 8263 8630 8155 9342 8061 8382 8599 8264 7526 8255 8480 8922 8083 8456 8194 8630 8568 8571 8343 9189 8531 8795 8925 8359 8528 8078 8768 8403 8674 8254 8663 8685 8755 8753 8270 8403 8245 8731 8202 8835 8213 8296 8225 8396 8188 8455 8753 8259 8545 8112 8803 8975 8614 8420 8299 8074 8416 8809 8516 8539 8706 8021 8309 8559 8062 8461 8585 8510 8590 7973 8663 8578 8807 8759 8539 8385 8166 8742 8451 8396 8802 8517 9037 
7321 8379 8112 8603 8670 8233 8950 8232 8073 8176 8096 8049 7492 8647 8458 8347 8662 8458 8175 8237 8567 7932 8296 8510 8714 8483 7776 8339 8396 8360 8091 7406 7999 8277 8391 8388 8000 7989 8135 8103 8012 8511 7779 8276 8211 7596 8504 8139 8528 8696 7930 8061 8143 8027 8689 8521 8197 8719 8341 8136 7752 8389 8281 8104 8673 8155 8579 8305 8559 8465 8489 8321 8088 8396 8139 7983 8254 8177 8631 7774 8072 8157 8316 8310 8283 8180 8512 8013 8491 7906 7941 8271 8302 7743 8356 8941 8766 8630 8647 8146 8498 8674 8098 8327 8460 8494 8777 8189 8053 8395 8159 8507 7680 7759 8651 7789 7845 7786 7909 8327 8346 8222 7637 7880 8019 8652 8117 8025 8483 8897 8468 8360 8231 7855 8183 8295 8119 8242 8616 8038 7886 8325 7983 7505 8313 8266 8364 8702 7864 8439 8081 8301 8393 8352 7941 8433 8573 8150 8053 8411 8519 8405 8421 8062 8031 8568 8362 8103 8096 8607 8623 8738 7956 8902 8451 8372 8276 8431 8044 8270 8266 8067 7956 8290 7830 8385 8235 8952 8198 7673 8679 7927 8188 8394 9048 8214 8444 8803 8250 8187 8298 8799 8263 7856 8226 8155 8102 8152 8449 8294 7713 7812 8808 8566 7893 8241 8360 8267 8304 8096 8452 9065 8592 8600 8547 8430 8044 8109 8493 7736 8374 8534 7775 8535 7702 8045 7833 8789 8257 7965 8120 7919 7859 8470 8349 8868 8099 8347 7916 8264 8688 8282 8143 8678 8095 8444 7934 8640 8225 8261 8367 8249 8719 8172 8681 8325 7881 7898 8338 8229 8577 8655 8516 8133 7982 7952 8766 8088 7945 8645 7615 8289 8502 7968 8149 8103 8068 8405 8461 8482 7668 7970 8067 8172 8501 8150 7913 8298 8658 8345 8454 8145 8374 8386 8471 8335 8317 8529 8139 8753 8297 7992 8346 8136 7895 8020 8110 8214 8254 8458 9030 8102 8202 8082 8255 7919 8073 8442 8805 7773 8171 7996 8376 8265 8297 8407 8261 8267 8611 8359 8273 8691 7931 8416 8140 8619 7928 8113 8456 8960 8742 8122 8185 8329 8619 8455 8893 8138 8163 8200 7915 8185 8141 8527 8065 8021 8404 8304 8431 8115 8334 8098 8123 8030 8289 8679 8469 8411 7922 8217 8623 7993 8300 8340 8140 8158 7813 8241 8396 8857 8420 8170 8378 8272 8136 8071 8266 8663 8545 8954 
7305 8037 8306 7975 8225 7526 8152 7916 7729 7572 7707 7869 7518 8260 8154 7976 8193 7871 7539 7880 8283 7554 7864 8142 8578 8055 7342 7799 7759 8112 7486 7106 8135 7582 7929 8173 7249 7654 7895 7881 7918 8125 7588 7911 7486 7881 8091 7688 8218 7599 7696 8001 7883 7701 8306 8246 7720 8328 8481 7975 7616 8100 8037 7463 8003 7814 8207 8101 8258 7706 8027 8290 7840 8346 7863 7344 8091 7923 7921 7786 7430 7789 8030 7766 8038 7465 8168 7768 8184 7696 7660 7661 7985 7565 7862 8330 8041 8217 8185 7786 7792 8442 7717 8643 7719 7910 8303 8092 7548 7943 7599 7801 7531 7376 8350 7617 7524 7498 7563 8262 7718 7979 7391 7810 7613 8432 8119 7382 8214 7963 7908 7923 7804 8078 7909 7391 7416 8020 7945 8009 7666 7973 7767 7253 7493 8037 7754 8526 7544 7705 7411 7576 8196 7890 7973 7770 7834 7962 8049 7858 8066 7970 8039 7639 7948 7774 7909 8081 8011 8118 8127 8008 7838 8364 7986 8232 7785 8185 7559 7815 7844 7975 7783 7756 7702 7942 8019 8285 7819 7511 8232 7504 7948 8104 8795 7862 8240 8165 8080 7932 7759 7936 7697 7184 7760 7983 7789 7870 8229 8099 7761 7657 8152 8388 7499 7629 7628 7799 8177 7839 7747 8238 8394 8028 7573 8106 7327 7662 8009 7504 7963 8034 7585 7598 7775 7680 7388 8344 7962 7755 7545 7616 7386 8299 7858 8081 7600 7577 7867 7881 8281 7531 7739 8040 8004 8225 7717 8223 7544 7911 7482 7830 8381 7942 8149 7709 7909 7817 8016 7771 8293 8488 7963 7837 7865 7684 8279 7807 7561 8068 7540 7503 8025 7446 7908 7662 7808 7806 7918 7939 7263 7763 8218 7841 8188 7776 7882 8356 8330 7934 8001 7723 7369 8342 8077 8093 8096 8258 8094 8072 8003 7229 7966 7742 7654 7596 7426 8216 8012 7798 8515 7642 7924 7881 8028 7263 7806 7839 8413 7517 7930 7629 8105 7810 7959 7906 8154 8286 8382 8187 7847 7913 7697 8045 7690 8127 7574 7897 7834 8199 7931 7766 7788 7681 8397 7915 8112 7539 7868 7815 7769 7572 8008 7934 7976 7446 7858 8081 8184 8013 7891 7789 7935 7934 7885 8070 8100 8187 7245 7828 7713 7506 7990 8220 8282 7614 7199 8110 8031 8295 8114 7438 8048 7508 7652 7852 7740 8046 8401 8337 
7259 8271 8513 8006 8377 7849 8402 7621 7867 7405 7924 7783 7558 8432 8417 8047 8226 8309 7836 7912 8501 7658 7767 8506 8611 8391 7811 7875 7947 8111 7680 7854 7913 8111 8284 8116 7876 7756 7907 8135 8041 8315 7993 7759 7884 7765 8214 7735 8179 8336 7758 7671 8409 8117 8606 8479 8035 8372 8471 8180 7581 8466 7927 8180 8543 7790 8021 8119 8552 8339 8571 8464 7780 8402 8027 7734 8321 8138 8554 7482 7835 8193 7889 8267 8362 7846 8004 7583 8319 8115 7906 7966 7906 7854 7730 8340 8315 8704 8351 8203 8077 8549 7992 8307 8234 8285 8664 8111 7931 8368 8085 8308 7595 7623 8782 7861 7524 7485 7709 8156 8094 8131 7869 7631 8058 8683 7945 7582 8279 8519 8216 8505 7931 7682 8240 8107 7646 7876 8217 7925 7942 8289 8396 7074 7939 8361 7760 8711 8014 8191 8344 8169 8621 8185 7984 8270 8104 7871 7613 7719 8215 8059 7659 8107 7743 7855 8364 8053 8015 7993 8053 8796 7939 8487 8400 8120 7899 8400 7666 8093 8334 8342 7791 7845 7890 8170 8445 8428 8161 7419 8175 7695 7782 8124 8616 7963 8256 8567 8316 8332 7688 7938 8108 7427 8005 8236 7850 8228 8299 8382 7979 7745 8425 8179 7962 8083 7985 7794 8327 8026 8391 9169 8731 8263 8067 8211 7703 8102 8255 7946 7998 8349 7702 7930 7957 7589 7163 8274 8120 8029 7788 7775 8022 8507 8001 8294 8136 7956 8012 8312 8273 8111 8149 8463 8178 8081 8080 8235 8330 8372 7913 8345 8125 7928 8199 7838 8011 7987 8114 8142 8412 8478 8310 7872 7669 7819 8684 7742 8055 8216 7556 7648 8570 7463 8177 7708 7729 8111 7756 7942 7211 7852 8132 7897 8463 8001 7938 8159 8565 7776 8219 7901 7928 8596 8476 8198 8316 8071 8192 8401 8114 7199 8029 8012 8019 8089 7685 8033 8147 8058 8578 8238 8090 7925 8273 7348 7800 7929 8492 8000 8109 7994 8012 8009 8150 8138 8322 8014 8260 8565 8269 8150 8041 8584 8328 8196 7695 7966 8288 8273 8298 8050 8092 7913 8522 8270 8440 8120 8074 8126 7663 7582 7941 8266 7824 7899 8136 8809 8336 8200 7894 7682 8003 8008 8113 7961 8045 8136 7551 7650 8395 7409 8000 8154 8470 8236 7707 8027 8464 8504 8276 7710 8394 7533 7751 8221 7886 7715 8404 8654 
7017 7919 7695 7794 8505 7511 8236 7893 7504 7327 7750 7769 7434 8170 8225 7759 7971 7966 7801 7606 8405 7344 7473 8232 8139 8118 7133 7885 7620 7501 7608 7278 7418 7865 8070 7987 7645 7554 7908 7896 7831 7821 7712 7807 7541 7275 8144 7594 8082 7731 7417 7534 7983 7566 8288 8094 7591 8077 8564 7612 7606 8238 7577 7684 8126 7707 7934 7557 8018 8166 8157 8141 7302 8109 7595 7696 7930 7746 8396 7446 7788 7955 7459 7833 7796 7381 8205 7390 7939 7846 7609 7966 7926 7400 7684 8415 8071 8267 8225 7712 7747 8210 7721 7874 8171 8328 8346 7745 7337 7818 7684 7829 7727 7267 8487 7358 7102 7182 7419 7730 7557 7942 7511 7495 7834 8265 7828 7570 8168 8254 7662 8087 7593 7446 7848 7602 7407 8002 8068 7975 7653 7939 7870 7036 7502 7950 8105 8554 7663 7808 7653 8030 8216 7827 7952 7943 7946 7584 7512 7728 8307 8239 7424 7593 7869 7838 8188 7637 7904 7561 7946 8445 7829 8228 8085 7884 7518 7919 7451 7817 8162 7805 7658 7763 7639 8111 7838 8160 7809 7096 8058 7417 7576 7820 8702 7929 7802 8260 7781 7967 7819 8266 7930 7368 7586 8134 7650 8067 7912 7993 7743 7484 8351 7571 7235 7771 7644 7297 7806 7523 8017 8527 8325 7955 7570 7889 7401 7831 8112 7689 7957 8103 7696 7639 8117 7121 7338 8464 7670 7686 7551 7750 7527 8090 7857 8006 7700 7422 7744 8037 8392 7892 7881 8220 7570 8135 7669 7909 7772 8126 7682 7800 8026 7854 8038 7596 7560 7805 7904 7754 7718 8253 7879 7650 7662 7892 8008 7478 7637 8158 6909 7725 8396 7396 7673 7351 7469 8038 8169 7774 6739 7834 8034 7726 8056 7666 7604 7890 8226 7742 7756 7439 7673 8010 8084 7912 7922 7945 8033 7856 7949 7110 7975 7824 7503 7548 7516 7971 8185 7494 8221 7798 7563 7778 7540 7018 7593 7524 8341 7240 7764 7539 8209 7863 8138 7784 8187 7941 8032 8606 7638 7855 7590 8101 7662 8042 7248 7536 7920 8197 8027 7823 7537 7557 8186 8063 8053 7663 7499 7654 7505 7516 7698 7999 7412 7485 7864 8092 8092 8074 7788 7739 7690 7519 8062 8068 7572 7790 7175 8012 8070 7385 7895 7713 7866 8049 7329 7783 7789 7814 8049 7713 8020 7430 7811 7577 7629 7740 8348 8223 
7440 8410 8368 7981 8455 7874 8912 8097 8075 7886 8252 8260 7405 8652 8668 8252 8552 8324 8327 7996 8444 7925 8171 8457 8737 8303 7971 8084 7990 8318 7525 7732 8342 8150 8441 8398 7698 8139 7925 8117 8368 8439 8428 8199 7845 8031 8470 7791 8137 8256 8019 8384 8466 8134 8593 8116 7994 8524 8701 7779 7915 8326 7902 7935 8444 8079 8674 8315 8548 8276 8396 8569 7398 8542 8001 7914 8178 8060 8278 7684 7990 8119 8365 8327 8053 7819 8864 7842 8344 7710 8126 8352 8236 7968 7978 8657 8593 8625 8402 7883 8242 8395 8180 8291 8467 8318 8739 8213 8079 8236 8299 8553 7970 7393 8921 7937 7728 7673 8044 8273 8374 8073 7407 8020 8474 8816 8368 8269 8508 9040 8428 8539 7980 7748 7998 8099 8126 7999 8599 8348 8188 8524 8371 7747 8107 8185 8405 8678 7838 8214 7851 8372 8793 8241 8479 8280 8017 7999 8098 8217 8499 8125 8207 8127 8118 8314 8635 8137 8354 7879 8586 8503 7746 9021 8637 8526 8264 7836 8001 8353 8323 8009 7933 8222 8124 8291 8496 8654 8298 7473 8321 7565 8139 8116 8523 8371 8668 8912 8324 8041 8277 8700 8443 7419 8024 8499 8065 8411 8570 8894 7896 7945 8677 8454 8125 7918 8486 7906 8115 8095 8416 8881 9292 7945 8157 8377 8028 8426 8313 7803 8037 8329 8109 8108 8317 7662 7768 8342 8195 8107 7907 8148 7223 8623 8535 8536 8109 8142 7956 8264 8483 8179 8537 8687 8148 8417 8304 8403 8258 8393 8657 8028 8251 8101 8487 7917 8219 8062 8393 8203 8541 8744 8520 8201 8186 7957 8632 7829 8259 8202 7662 8181 8117 7640 8093 7902 7627 8093 8445 8051 8021 7898 8431 8157 8606 7993 8222 8282 8490 8287 8072 8173 8018 8633 8845 8400 8477 8199 7986 8354 8219 7848 8114 7874 8081 7984 7874 8124 8465 8239 8919 7922 8075 8438 7918 7381 7673 8210 8668 7878 8125 8154 8860 7943 8283 8167 8126 8069 8465 8380 7895 8501 8022 8679 8429 8332 7938 8080 8113 8905 8524 8356 8142 8228 8308 8133 8648 7954 7563 8274 7743 7881 8126 8393 7940 7814 8438 8949 8382 8064 8060 8082 8350 8051 8545 8527 8291 8285 7430 7913 8358 7853 8318 8359 8425 8649 7926 8302 8484 8485 8493 8326 8119 7865 8022 8087 7985 8228 8439 8818 
7331 8149 8155 7829 8717 7668 8748 7821 7828 7617 7993 8003 7396 8177 8194 7764 8356 8062 7730 8150 8423 7863 8086 8373 8588 8119 7577 8010 8207 8107 7837 7492 8028 7937 8391 8066 7994 8067 8077 7950 8276 8426 7930 8010 7927 7551 8413 8077 8183 8035 7759 7827 8179 7801 8472 8423 7920 8385 8605 7647 7649 8249 8200 7843 8516 8033 8286 7863 8423 8466 8095 8172 7508 8178 8022 7715 8376 8166 8304 7431 7873 8213 7962 8177 8001 7918 8240 8014 8030 7833 7846 7806 7979 7840 7828 8409 8505 8527 8496 7869 8335 8437 7899 8438 8073 8207 8390 8291 7521 8025 8176 8451 7754 7650 8725 7946 7482 7515 7661 7992 8422 8207 7585 7651 7829 8779 7835 7997 8488 8886 8209 8761 8041 7568 8048 7922 8287 7955 8369 8158 7634 8182 8048 7398 7931 8149 8242 8342 7669 7836 7796 8079 8485 8337 7969 8153 8110 8300 8055 8123 8483 8202 8046 7999 7900 7989 8270 8050 8204 7933 8143 8502 7539 8818 8590 8265 7840 8032 7805 8086 8401 8251 7617 7978 7835 7850 8276 8722 7992 7454 8178 7285 7990 7939 8726 8115 8271 8509 8154 8111 7817 8535 8065 7226 7880 7975 7796 7889 8122 8426 8055 7809 8494 8263 8132 8116 7945 7680 8357 7778 8535 8984 8526 8442 7881 8321 7998 8069 8004 7559 8163 8300 7716 7768 7949 7576 7624 8224 8148 7884 8110 8032 7823 8471 8112 8438 7887 8335 7920 8473 8244 8082 8200 8636 8154 8331 8143 8239 7911 8207 8106 8138 8224 8143 8201 7744 8000 7999 8367 7949 8467 8402 8398 8214 7767 7912 8603 7849 8214 8399 7485 7588 8557 7849 8063 7883 7687 8173 8497 7974 7613 8042 8355 7791 8452 7776 8214 8057 8531 7766 8012 7921 8197 8036 8439 8180 8311 7978 7901 8280 8307 7536 8523 7851 8065 8047 7771 8264 8385 8157 8842 7895 8178 7957 8136 7313 8169 8155 8447 7726 8029 8031 8415 8151 7955 8200 8198 7990 8332 8478 7773 8079 7931 8445 8079 8057 7519 7996 8366 8646 8179 7922 8061 7868 8525 8374 8598 7854 7810 7811 7819 7775 8045 8311 7743 7888 8330 8163 8631 7971 7920 7782 8213 7789 8243 8141 8056 8268 7553 7700 8149 7561 8277 8063 8298 8608 7601 8176 8040 8204 8265 7926 8361 7516 7968 7727 7927 8212 8540 8452 
7078 8007 8077 7959 8348 7734 7786 7797 8056 7989 7971 7994 7701 8551 8309 8190 8444 8221 7898 8006 8645 7825 7800 8429 8284 8227 8022 8127 7850 8105 7723 7697 8132 7896 8469 8305 7707 7644 7980 7911 7799 8178 7696 8049 7627 7609 8373 7813 8391 8242 7702 7908 8255 7665 8614 8100 7933 8159 7987 8018 7538 8179 7711 7900 8134 8070 8214 8179 8406 8296 8032 8608 7844 8116 7658 7572 8140 7861 8477 7518 7793 8147 8139 7949 8164 7938 8114 7780 8106 7887 7724 8002 8394 7720 7923 8476 8449 8744 8105 8159 8040 8587 7998 8416 7939 8323 8511 7970 7941 8092 7907 8247 7817 7554 8585 8047 7416 7612 7935 8309 8025 8113 7699 7777 7863 8448 7966 7797 8381 8246 8174 8465 7973 7650 7841 7750 7731 7991 8611 7828 7605 8281 8009 7288 8049 8028 7793 8434 7871 8004 7656 7808 8107 8367 7908 8215 8018 7920 7778 8118 8273 8040 8237 7982 8072 8131 8176 8017 8090 7834 8480 8673 7738 8506 7983 7723 7901 8198 7529 8043 8525 8066 7468 8053 7703 8147 8100 8370 7981 7473 8473 7587 8203 8081 8499 7967 8216 8540 8084 7918 7639 7940 7819 7818 8194 8489 7752 7514 8103 8361 7563 7653 8560 8074 7980 7808 8480 7851 8159 7963 8308 8702 8434 8133 8007 8057 7733 7922 8250 7658 7703 8192 7904 7900 7843 7803 7461 8468 8104 8127 7795 7704 7564 8373 7851 8252 7857 8091 7936 8042 8092 7886 8257 8453 8309 8084 7982 8179 8120 8061 7870 8110 8354 7705 8304 7554 7952 7781 8208 7971 8271 8631 8386 7910 7884 7994 8335 7779 8016 8197 7602 7717 8205 7621 7978 7866 7949 7987 7917 7889 7483 7741 8421 8185 8546 7911 7754 8019 8536 7961 7897 7951 8015 8444 8256 8132 8255 7988 8087 8408 7944 7562 8140 8103 7940 8122 7882 7964 8186 7903 8690 7804 7939 8007 8043 7370 8034 8159 8441 7720 8144 8019 8123 7819 7772 7785 8286 8175 8486 8311 8109 8005 7904 8105 7896 8053 7666 7769 7931 8331 8179 7961 7369 8137 8184 8059 8351 7847 7831 7953 7673 8110 7832 8209 7625 7812 7968 8463 8026 8008 8374 7451 8350 8061 8305 8087 7626 8178 7290 7960 8015 7746 8426 8283 8167 8362 7459 8161 8067 8239 8386 7843 8329 7455 8267 7908 8003 8021 8511 8713 
7060 8010 8156 7519 8178 7802 8329 7816 7547 7607 7663 7805 7326 8084 7996 8029 8018 8028 7491 7735 7997 7306 7763 8058 8432 8229 7479 7887 7519 7762 7743 7191 7823 7737 8066 8044 7545 7513 7780 7547 7854 8114 7557 7786 7648 7645 8166 7653 7959 7835 7337 7625 7865 7974 8236 7961 7686 8191 8297 7648 7309 7814 7944 7839 7974 7673 7802 7683 7991 8072 8135 8143 7179 8135 7770 7555 8128 7597 7898 7454 7553 8042 7691 7873 7816 7743 7802 7722 8135 7548 7698 7900 8137 7438 7569 8219 8286 8403 8256 7426 7919 8381 7625 8099 7797 7993 8412 7820 7673 7944 7839 8031 7572 7213 8522 7635 7551 7501 7466 8121 7722 7498 7281 7285 8091 8084 7736 7823 8083 8259 8055 8046 8019 7770 7547 7726 7604 7864 8051 7946 7647 7726 7902 7286 7997 7814 7638 8090 7522 7937 7515 7696 8319 8011 7700 7951 7965 7678 7458 7671 8039 8021 7902 7652 7870 8247 7659 7557 7579 8092 8224 8212 7626 8373 8012 8059 7901 7871 7629 7645 8051 7804 7373 7638 7679 7765 8193 8085 7741 7188 8005 7430 7709 7889 8463 7886 8276 8303 8103 7612 7998 8038 7911 7142 7513 8120 7542 7648 8199 8288 7458 7756 8180 8026 7191 7636 8177 7671 7974 7826 7855 8391 8250 7902 7947 8251 7503 7681 7987 7440 7920 7959 7528 7486 7801 7368 7380 8108 8001 7772 7712 7868 7453 7779 7785 8507 7306 7588 7498 7924 8292 7774 8101 8307 7823 8300 7537 8390 7895 7877 7855 7767 8111 8087 8411 7643 7730 7391 7900 7691 8386 8171 8136 7881 7662 7423 8013 7543 7917 7955 7324 7700 7754 7464 7564 7564 7498 8090 8062 7802 7227 7634 7786 7720 7968 7723 7574 7802 8082 8102 7493 7725 7698 8207 8219 8233 8496 7987 7799 7953 8013 7253 7813 7467 7523 7727 7343 7554 8173 8118 8220 7555 7660 7836 7789 7064 7916 7876 8102 7228 7396 7294 7861 8060 7684 7875 7903 7599 8320 8210 7766 7736 7468 8288 7846 7984 7327 7801 7817 8006 8193 7901 8073 7304 8097 7628 8139 7914 7711 7723 7527 7982 7639 8056 7708 7504 7974 7911 7861 8010 7760 7766 7585 7581 7841 7908 7897 8052 7491 7742 7840 7683 7868 8053 8145 7941 7395 7586 7920 8271 8201 7930 7875 7328 7852 7832 7969 8195 8197 8248 
7032 7858 8249 7822 8470 7876 8481 8201 7739 7765 8069 7812 7483 7977 8356 8134 8183 8006 7720 7889 8370 7710 7629 8413 8484 8369 7763 7873 7843 8000 7880 7557 7821 7817 8290 8273 7643 7546 8042 7808 7823 8079 7734 8060 7646 7345 8141 7900 8185 8064 7643 7757 7943 7695 8384 8545 7895 8312 8300 8132 7478 8024 7919 7942 8406 7629 7918 7875 8401 8184 8081 8290 7391 7986 7644 7711 8119 7846 8612 7402 7670 8059 7944 7940 7896 7790 8289 7797 8263 7797 8025 7767 8080 7528 7969 8182 8726 8385 8692 7540 7840 8466 8016 8137 7724 8185 8212 8263 7563 8203 8122 8153 7650 7266 8667 7764 7208 7401 7945 8252 8010 8043 7418 7656 7721 8554 8177 7857 8066 8447 8003 8421 8339 7860 7885 7991 7696 8097 8304 7740 7552 8394 7761 7539 8086 8143 8073 8531 7568 7870 7707 8105 8480 8285 7970 8111 8156 8111 7717 8040 8134 8415 8181 7876 8118 7890 8216 8000 7988 8155 8310 8463 7645 8384 8111 8316 7685 8134 7606 8127 8494 7714 7900 7746 7738 8392 7988 8273 7831 7465 8222 7867 8319 8190 8553 7849 8277 8547 8125 8021 7946 8296 7897 7653 8035 8239 7691 7778 8147 8171 7793 7646 8625 7961 7811 7971 7927 7687 8188 8000 8091 8610 8453 8088 8350 8184 7972 8089 8140 7661 7821 7880 7805 7900 8082 7587 7785 7975 8135 8008 7885 7660 7551 8264 8040 7905 8021 7944 7833 8642 8103 7872 8006 8322 8196 8041 7716 7931 8011 8396 8211 7996 8133 7965 8296 7934 7610 7830 8169 7761 8572 8507 8099 7972 8039 7790 8380 7869 7933 8229 7141 8036 8345 7783 7917 7856 7679 8199 8032 8031 7178 7637 8115 7894 8367 7850 8056 7887 8524 7744 7807 7731 8173 8086 8255 7973 8290 8052 7797 8141 8034 7546 8160 7822 7853 7536 7908 7854 8073 8015 8613 7874 8019 8030 7752 7464 7871 7894 8605 7930 7780 7863 8148 8097 7929 7836 8437 7682 8631 8414 7784 8382 7641 8386 8105 8298 7567 7731 8064 8390 8112 8094 7981 7747 8730 8323 8435 7900 7430 8106 7732 7929 7880 8075 7771 7470 7701 8425 8453 8156 8056 7833 8061 7820 8297 8279 7784 7817 7435 8000 8111 7815 8188 8142 8071 8047 7434 8139 8267 8411 8342 8001 8324 7833 8129 7768 7880 7992 8387 8504 
7403 8219 8049 8164 8343 7913 8818 7987 8111 7980 7966 7942 7541 8444 8194 8142 8453 8198 8024 7961 8434 7564 7779 8475 8513 8131 7919 8075 7737 8462 7878 7634 8099 7924 8066 8002 7563 7703 7860 7977 8106 8407 7929 7803 8213 7834 8390 7838 8171 8132 8013 7883 8199 7860 8485 8197 7753 8366 8172 7782 7973 8465 8033 8108 8154 7681 8472 8266 8429 8428 8200 8555 7584 8095 7812 7648 8239 7966 8412 7258 7761 8234 8199 7917 8307 7881 8227 7865 8313 7738 7446 8096 7878 7702 7939 8213 8218 8494 8220 8230 8009 8383 8051 8505 8084 8463 8548 7845 7825 8254 7980 8029 7671 7881 8771 8129 7391 7921 7846 8486 8237 8089 7707 7632 7979 8968 8174 7621 8136 8782 8177 8338 8028 7888 8048 7987 8099 8147 8170 8093 7452 8088 8091 7400 8127 8359 7625 8618 7598 8012 7960 7954 8450 8291 8115 8313 8039 7613 7632 8083 8081 8034 8184 8140 8225 8071 8114 7802 8162 8039 8168 8420 7784 8323 8165 8110 7815 7898 7745 8062 8600 8025 7608 8389 8037 8296 8268 8505 7973 7729 8142 7428 8212 7932 8844 8098 8353 8508 8298 8211 7872 8214 7937 7484 7963 8308 8145 7969 8191 8252 7643 7661 8429 8424 7983 8295 8238 7595 8286 8018 7978 8850 8561 7951 8104 8067 7705 8001 8268 7715 7988 8156 7659 8073 8140 7567 7827 8359 8117 8153 7783 7741 7595 8155 7927 8169 7936 8097 7891 8346 8223 7834 8041 8580 8340 8174 7946 8174 8205 8688 7949 8210 8169 8002 8508 7662 8195 7971 8061 7828 8194 8734 8369 7881 8088 7664 8600 8057 7932 8157 7659 7923 8330 7719 7864 7747 7724 7926 8012 7833 7480 7659 8225 8072 8421 8062 7886 7913 8685 7829 7939 7919 8105 8101 8335 8299 8315 8110 8146 8503 8276 7554 8200 8127 7861 7794 7603 8038 7871 7957 8965 7569 8132 8092 8323 7144 8035 8188 8452 7589 7874 7886 8234 8387 8181 7818 8494 8092 8546 8194 8180 8240 7900 8411 8026 7841 7618 8223 8248 8245 8397 7781 8094 8074 8664 8251 8475 8042 7548 7939 7956 7695 8086 8235 7953 7656 8016 8383 8181 7896 7902 8384 8111 8315 8442 8360 8004 8426 7552 8004 8579 7827 8162 7995 8333 8003 7495 8245 8151 8458 8362 7881 8426 7838 8062 8125 8076 8222 8186 8679 
6958 7725 7926 7422 8425 7425 8235 7649 7562 7622 7896 7469 7326 8039 7659 7709 8275 8061 7809 7663 7852 7723 7326 8113 8151 7995 7199 7915 7657 8010 7373 7262 7736 7833 7992 8017 7180 7469 7614 7628 7785 8017 7361 7561 7622 7336 8080 7662 8036 7898 7297 7721 8040 8000 8348 8023 7744 8003 8118 7772 7384 7833 7842 7591 7872 7445 8014 7990 8029 8243 7792 8198 7445 8199 7609 7271 8078 7528 7782 7654 7740 7753 7555 8011 7708 7402 7629 7617 7874 7705 7644 7585 7861 7598 7580 8030 8113 8399 8016 7838 7914 8081 7720 7696 7649 7941 8230 7804 7374 7896 7930 7755 7658 7480 8182 7641 7264 7190 7554 7935 7512 7650 7313 7782 7712 8186 7580 7604 7975 7754 7794 7640 7330 7688 7693 7739 7593 7850 7946 7636 7494 7978 7819 7110 7689 7793 7601 8046 7561 7708 7194 7750 7943 7944 7899 8029 8033 7693 7654 7927 7802 7957 7692 7685 7787 7983 7878 7642 7595 7868 8144 8431 7400 8306 7989 8034 7942 7833 7712 7496 8079 7941 7505 7736 7313 7772 7800 8010 7813 7071 8232 7298 7708 8026 8620 7664 8152 8407 7834 7609 7778 7723 7653 7135 7528 7971 7806 7526 7781 8041 7337 7134 7980 7617 7402 7604 7988 7441 7856 7730 7765 8299 8099 7832 7481 8125 7556 7613 7371 7291 7985 8250 7451 7359 7926 7134 7359 8045 7886 7631 7766 7817 7202 7878 7735 7941 7517 7568 7510 8071 8076 8026 8077 8399 7841 7919 7862 7932 7841 7846 7698 7915 8097 7932 7816 7540 7708 7432 7933 7911 7933 8099 7996 7892 7807 7517 8053 7275 7620 7938 7041 7625 8009 7299 7661 7674 7499 7723 7839 7707 7084 7839 8029 7858 8111 7908 7670 7753 8144 7780 7778 7902 7906 8215 7843 7840 8364 7773 7960 7994 8010 7152 7761 7848 7715 7691 7433 7946 7867 7882 8447 7683 7741 7927 7696 6973 7521 7476 8395 7356 7863 7731 7842 7863 7637 7873 8003 7526 7949 8339 7909 7491 7349 8251 7509 7698 7554 7645 7723 8140 8314 7511 7603 7314 8377 8119 8210 7734 7584 7411 7511 7360 7618 7806 7537 7618 7794 8190 8233 7727 7749 7617 7856 7733 7988 8054 7491 8013 7585 7790 7899 7264 7823 7744 7618 8103 7240 7627 7659 7856 8069 7633 7663 7608 7869 7806 7805 7940 7837 8169 
7825 8474 8504 8542 9073 8115 9036 8306 8062 8267 8465 8455 8003 8922 8897 8500 9035 8931 8596 8374 8899 8175 8315 9073 8899 8653 8166 8371 8275 8485 8093 8176 8432 8642 8613 8480 8251 8153 8528 8558 8551 8784 8185 8208 8221 8018 8846 8173 8797 8780 8281 8124 8565 8363 8754 8968 8368 8822 8942 8667 8401 8759 8555 8214 8697 8464 8525 8342 9040 8402 9040 8919 7994 8639 8449 7860 8321 8396 9053 8162 8330 8731 8645 8382 8244 8242 8936 8721 8830 8396 8437 8621 8553 8111 8356 9020 8956 9139 8871 8236 8570 9105 8409 9074 8360 8894 8748 8749 8371 8927 8427 8628 8541 8305 9122 8457 7915 8123 8346 8854 8759 8455 8073 8122 8396 8959 8397 8183 8534 8759 8706 9073 8428 8475 8606 8660 8299 8561 8563 8582 7958 9035 8501 7828 8608 8597 8278 8976 8348 8942 8197 8422 8856 8842 8301 8664 8577 8321 8077 8378 8734 8793 8484 8411 8454 8142 8892 8374 8366 8349 8692 8752 7970 8873 8707 8761 8531 8666 8104 8558 8675 8297 8148 7833 8311 8639 8674 9204 8769 7761 8745 7995 8543 8570 9434 8435 8725 9015 8494 8600 8687 8778 8547 8019 8512 8690 8596 8452 8757 8629 7999 8212 9130 8781 8577 8587 8614 8209 8933 8286 8606 9202 9169 8575 8495 8355 8330 8629 8765 8158 8448 9031 8095 8579 8514 8089 8023 8960 8367 8897 8191 8126 8114 8881 8465 8683 8513 8587 8194 8852 8854 8078 8549 8889 8769 8876 8450 8507 8569 9108 8382 8648 8726 8460 8536 8157 8266 8619 8661 8539 9061 8749 8609 8217 8754 8220 8887 8550 8276 8869 7950 8360 8838 8218 8648 8117 8235 8929 8715 8263 8042 8080 8353 8527 8904 8532 8473 8551 9047 8623 8559 8200 8223 8548 8484 8560 8401 8324 8457 8766 8738 8164 8613 8566 8171 8133 8379 8779 8513 8436 9297 8311 8611 8670 8461 7733 8035 8297 8837 7951 8580 8409 8575 8633 8657 8682 8815 8568 8755 8958 8267 8537 8323 9002 8566 8803 8227 8433 8692 8725 8949 8511 8308 8272 8774 8943 9075 8312 8103 8853 8457 8072 8498 8808 8287 8249 8381 8915 8945 8692 8543 8488 8535 8632 8844 8628 8779 8499 8027 8343 8859 8321 8676 8182 8517 8713 8197 8504 8676 8794 8764 8351 8797 8341 8139 8442 8531 8633 8824 9354 
6805 7732 7779 7653 8177 7626 8109 7597 7420 7412 7997 7490 7140 8089 7933 7749 8105 7897 7822 7446 8129 7590 7618 7740 8130 7548 7545 7842 8096 7751 7434 7543 7521 7592 8221 8085 7475 7504 7945 7848 7841 7841 7681 7596 7678 7682 8206 7552 7910 7670 7823 7645 8089 7697 8300 7826 7340 8177 7951 7359 7788 8352 8150 7563 8048 7622 7931 7533 7596 8295 7586 7965 7576 8296 7710 7591 8000 7670 7759 7371 7422 7902 7838 7720 8057 7210 7832 7705 8093 7614 7577 7659 7700 7704 7480 8051 8141 7971 8247 7696 7891 7969 7485 8098 7735 7902 8163 8010 7603 7604 7563 7769 7720 7518 8620 7521 7516 7441 7676 8035 7954 7755 7183 7323 7839 8435 7919 7509 8089 7849 7687 7987 8054 7754 8026 7499 7349 8112 8272 7753 7222 7958 7662 7098 7853 8052 7841 7850 7466 7759 7483 7684 8401 8179 7880 7941 8168 7536 7718 7898 8083 7736 7910 7515 8089 7961 7834 7874 7479 7846 8087 8370 7437 8502 8054 8038 7685 8059 7508 7534 8113 7826 7480 8064 7548 7692 7969 8233 7424 7374 7851 7132 7661 7661 8778 7593 7686 8202 7675 7934 7545 8194 7487 7239 7475 7768 7525 7638 8205 7938 7543 7087 8139 7840 7560 7667 7735 7707 8037 7761 8019 8319 8362 8150 7617 7918 7559 7897 7591 7291 7885 8073 7456 7975 7984 7444 7136 7914 7980 7687 7514 7430 7061 7777 7946 8201 7391 7462 7455 8060 7865 7603 7711 8134 7698 8063 7799 8329 7798 7917 7816 7753 7880 7685 8279 7506 7618 7702 7877 7519 8020 8179 8087 7400 7838 7770 8291 7680 7506 8063 6835 7457 8257 7494 7774 7617 7276 7765 8138 7866 6876 7347 7753 7868 7914 7490 7479 7938 8006 7759 7712 7531 7627 8029 7768 8044 7994 7650 7979 7885 7990 7288 7897 7648 7374 7315 6918 7771 7746 7583 8453 7794 7470 7930 7773 7115 7667 7710 7961 7117 7583 7435 7689 7899 7821 7438 8112 7797 8219 8158 7796 7895 7659 8010 7953 7958 7175 7731 7803 8193 7750 8172 7812 7412 8318 7760 8066 7860 7133 7673 7504 7590 7483 7853 7844 7425 7886 8365 8063 7753 7750 7649 7549 7751 7887 8296 7613 7950 7443 7528 8024 7474 7739 7924 7918 7822 7275 8148 7977 8007 8168 7553 7809 7472 7885 7794 7558 7986 7979 8143 
7423 8380 8692 8278 8433 7992 8762 8238 7980 7619 8174 7997 7420 8596 8588 8264 8590 8495 8038 8209 8439 7946 8154 8203 8361 8031 7609 8312 8300 8437 7998 7627 8127 8587 8230 8352 7923 7998 8210 8023 8218 8436 8173 8288 7998 7914 8422 7884 8314 8187 7870 7818 8476 7950 8669 8350 8014 8679 8650 8119 7795 8751 8061 8158 8287 8250 8204 8084 8464 8102 8614 8347 7663 8657 7928 7808 8435 8182 8312 7694 8075 8223 8350 8220 8298 7916 8310 7965 8042 8181 7795 8019 8327 7825 7840 8458 8294 8698 8647 8380 8011 8484 8009 8768 8023 8503 8634 8129 7913 8082 8155 8148 7748 7462 8816 8103 7828 7751 8162 8474 8174 8073 7688 8036 8108 8723 8270 7797 8480 8637 8214 8562 8204 8216 8152 7766 7487 8377 8605 8261 7864 8422 8215 7520 8313 8488 8281 8619 7999 8355 7795 7893 8654 8423 8068 8154 8077 7786 7715 8221 8582 8230 8243 8166 8338 8372 8569 8253 7936 8185 8707 8592 7613 8877 8137 8285 8241 7977 7988 7941 8500 8211 7907 7758 8113 8402 8621 8605 8510 7525 8105 7480 8199 8457 9111 8154 8587 8932 8244 8316 8104 8297 8252 7717 8029 8291 7853 8272 8572 8726 7914 8006 8626 8207 8140 8148 8248 7809 8341 8212 8323 8848 8821 8485 7980 8481 7822 8417 8480 7827 8331 8437 7704 8140 8308 7602 7824 8769 8417 8468 7843 7895 7911 8324 8197 8973 8124 8151 8384 8310 8566 7559 8347 8619 8149 8174 7924 8329 8115 8255 8200 8015 8228 8249 8497 8033 8084 7768 8454 8123 8352 8492 8272 8073 8169 7746 8658 7941 8441 8423 7592 7998 8274 7504 8109 8236 8251 8285 8475 7871 7796 8037 8271 8016 8516 8481 8316 8350 8546 8440 8082 7635 8101 8760 8452 8120 8471 8156 8419 8406 8445 7879 8386 8134 8099 7969 8028 8125 8254 8191 9031 7944 8078 8333 8112 7830 7801 7824 8555 8217 8013 7976 8321 8335 8435 8186 8578 8161 8758 8618 7896 8456 7840 8626 7921 8400 7799 8254 8292 8644 8085 8112 7991 8056 8376 8224 8565 8104 8103 7938 7641 8045 8185 8388 8173 8004 8300 8412 8700 8351 8196 8297 8121 8401 8153 8463 8453 8344 7351 7850 8261 7983 8360 8152 8406 8134 7731 8155 8556 8495 8793 8087 8540 7929 8170 8488 8149 8299 8754 8833 
7397 8632 8913 8448 8672 8122 9074 8259 8047 7928 8502 8205 7954 8823 8862 8654 8776 8928 8356 8340 9109 8255 8206 8868 9133 8581 8372 8648 8420 8276 8283 7965 8150 8442 8807 9003 8212 8285 8709 8449 8448 8620 8346 8417 8196 8216 9089 7901 8459 8392 8169 8096 8625 8490 9264 8873 8220 8941 8887 8254 8364 8866 8473 8467 8765 8224 8630 8555 8861 8741 8755 8693 8033 8877 8359 7820 8313 8295 8824 8046 8278 8459 8566 8288 8459 8103 8491 8348 8851 8435 8286 8313 8523 8277 8654 8852 8867 8788 8803 8371 8558 9078 8355 9125 8191 8601 9129 8602 7886 8831 8295 8786 7885 8139 9276 8334 8335 7939 8600 8535 8338 8471 8121 8101 8526 8858 8408 8501 8703 9103 8768 8741 8503 8521 8844 8597 8313 8156 9066 8207 8330 8685 8543 7626 8521 8584 8546 8953 8081 8744 8245 8477 9111 8885 8453 8672 8874 8494 8063 8215 8538 8499 8749 8519 8390 8272 8918 8334 8339 8471 8758 9027 8160 9283 8898 8700 8000 8588 8206 8575 8758 8387 8241 8505 8263 8497 8703 8556 8424 7923 8792 8051 8844 8635 9237 8264 8504 9125 8412 8708 8858 8914 8533 7846 8343 8582 8272 8462 8895 8757 8192 8201 8764 8775 8222 8494 8729 8026 8455 8421 8945 9615 9015 8750 8488 8948 8247 8507 8674 8391 8601 8355 8033 8356 8759 7971 8048 8895 8524 8539 8366 7774 7996 8826 8621 8836 8295 8287 8306 8557 9051 8283 8461 8605 8411 8434 8080 8821 8592 8578 8715 8577 8469 8334 8852 8165 8410 8146 8988 8748 8903 8871 8931 8338 8608 8383 8836 8177 8588 8923 7736 8324 9005 8159 8751 8353 8142 8589 8659 8733 7902 8024 8516 8399 8814 8283 8195 8349 9003 8423 8537 8260 8481 8961 8506 8657 8592 8503 8318 8739 8543 7916 8876 8614 8529 8207 8288 8450 8609 8607 8924 8483 8549 8559 8526 7644 8307 8390 8689 8401 8467 8291 8545 8810 8530 8659 8894 8379 9011 9032 8435 8704 8392 8913 8521 8622 7909 8336 8758 8665 8795 8506 8547 8660 8606 8581 9136 8491 8406 8286 8148 8374 8491 8730 8154 8411 8516 8903 8694 8873 8723 7964 8380 8520 8554 8742 8222 8466 7865 8408 8681 8117 8571 8716 8495 8910 8281 8460 8750 9080 8571 8115 8386 8514 8554 8541 8372 8637 8688 8909 
7466 8509 8422 8263 8825 8092 8766 8447 8138 7749 8077 7861 7437 8469 8325 8369 8628 8516 8196 8017 8724 8096 8377 8563 8378 8316 8200 8284 8177 8391 7961 7835 8252 8218 8688 8316 7706 7722 8198 7997 8255 7963 7861 8401 7895 8027 8378 7835 8428 8365 7679 7903 8428 7979 8596 8610 8095 8501 8458 8302 7866 8577 8145 7984 8250 7831 8336 8206 8387 8503 8298 8276 7709 8382 8117 7679 8237 8219 8547 7624 8047 8469 8205 8250 8398 8133 8155 7828 8420 7764 8143 8066 8119 8009 8014 8610 8330 8572 8774 7947 8139 8791 8272 8338 8051 8477 8847 8458 8014 8211 8270 8489 7873 7839 9061 7960 7708 7730 7723 8334 8249 8407 7312 7847 8010 8652 8387 8136 8654 8741 8221 8630 8082 8119 7974 7922 7753 8242 8664 8060 8031 8177 8307 7565 8119 8531 8134 8746 7925 8013 7931 7858 8542 8402 8218 8332 8093 8163 8016 7968 8384 8135 8310 8043 8217 8457 8466 8291 8088 8108 8542 8915 7911 8702 8281 8385 7911 8148 7862 8256 8613 7874 7979 8270 7901 8219 8122 8355 7976 7467 8536 7696 8074 8414 8890 8093 8379 8823 8448 8494 8219 8299 8056 7763 8126 8333 8205 8135 8471 8435 8148 7710 8483 8487 7772 8167 8154 8128 8181 8253 8449 8735 8731 8648 8160 8530 8044 8212 8411 8098 8381 8461 8128 7909 7944 7613 7731 8427 8714 8370 8243 8207 7876 8359 8066 8386 7818 8334 8017 8292 8682 7948 8676 8653 8035 8277 8059 8601 8246 8517 8528 8272 8447 8283 8488 8115 8043 7803 8386 8081 8106 8604 8370 8287 8016 7883 8728 8029 8367 8355 7657 8086 8560 7776 8130 8151 8093 8209 8576 7964 7353 7921 7852 7885 8500 7865 7939 8210 8571 8180 7846 8095 8000 8680 8554 8309 8476 8299 8363 8531 8612 7954 8215 8092 8075 8078 7997 8190 8392 8269 8882 7886 7964 8034 8341 7643 8414 7988 8588 7726 8214 7947 8263 8415 8413 8042 8399 7967 8963 8685 8039 8309 7820 8469 8021 8242 7840 8082 8227 8610 8389 8070 8183 7811 8818 8071 8390 7976 8004 7965 7898 7946 8484 8009 7862 7596 8241 8673 8446 8142 8102 7866 8471 8015 8629 8214 8172 8139 7645 8009 8516 7688 8078 8075 8194 8341 7546 8113 8113 8496 8373 7709 8403 7971 8428 8140 8345 8265 8207 8732 
7110 8138 8410 7781 8446 7817 8573 7934 7519 7316 7831 7676 7384 8168 8322 7985 8608 8095 7850 7878 8298 7637 7735 8239 8429 8341 7847 7999 8045 8293 7656 7422 8048 8273 8112 8216 7298 7605 7962 7889 7903 8192 7702 7781 7661 7560 8319 7630 8205 8034 7839 7974 8037 7732 8444 8336 7624 8368 8411 7927 7430 8263 7713 8007 8146 7550 8040 8150 8160 8252 8390 8437 7332 7947 7629 7270 8200 7737 8338 7343 7948 7780 8000 7965 8070 7847 7885 7287 8110 7869 7668 7986 8203 7324 7958 8317 8160 8321 8384 7739 7822 8665 8058 8414 7628 8231 8476 8052 7595 8255 8063 8123 7557 7576 8487 8072 7189 7437 7693 8285 7927 8369 7334 7791 7718 8662 7669 7866 8023 8306 8125 8048 7713 7562 7628 8095 7622 7738 8022 8044 7734 8144 7911 7438 8149 8235 8044 8466 7351 7999 7373 7851 8349 8261 8043 8412 8250 7940 8052 7901 8088 8138 7886 8023 8052 8109 7982 7834 8065 7868 8310 8371 7405 8270 8297 8068 7723 7808 7607 8043 8465 7556 7953 7629 7826 7947 8130 8415 7992 7563 8283 7295 8072 7927 8589 7825 8419 8121 7866 8177 7978 8207 7990 7168 7714 8166 8155 8083 8226 7990 7508 7569 8292 8116 7839 8059 8338 7918 7938 8253 7888 8674 8525 8056 8062 8405 8044 7925 8196 7563 7583 8317 7878 7910 7843 7410 7612 8262 8316 8339 7702 7921 7652 8060 8176 8065 7894 7894 7762 8527 8173 7940 8163 8320 7881 8281 7875 7996 7868 8055 8123 8055 8153 8322 8067 7577 7918 7869 8031 8036 8200 8336 7939 7982 7875 7399 8181 7722 7911 8242 7323 7836 8434 7829 7763 7865 7457 7671 8108 7907 7471 8196 7917 7979 8089 7632 7915 8136 8605 7933 7763 7619 7912 8362 7880 8020 8091 8006 8045 8293 7841 7319 7957 7737 8005 7567 7574 7927 8222 7776 8548 7875 7643 7949 7585 7342 7450 7691 8428 7416 7818 7770 8216 7938 8021 8079 8091 7617 8370 8478 7666 8083 7411 8452 7948 8271 7762 7698 8055 8149 8103 7842 7782 7785 8372 8008 8470 7752 7644 8126 7610 7838 7902 8035 7699 7512 7800 8507 8430 8303 7727 7787 7918 8023 8208 8289 8094 8150 7531 7633 8085 7600 8117 7701 7805 8001 7284 7828 8344 8243 8180 7744 8037 7612 8099 8023 7987 7565 8173 8378 
7578 8496 8113 8090 8948 8033 8895 8147 7721 8144 8312 8094 7429 8307 8603 8270 8503 8375 7967 8110 8769 8013 8391 8499 8254 8360 7466 8288 8337 8663 7997 7701 8253 7988 8346 8405 7633 7868 8436 7894 8386 8627 7976 8111 7986 8108 8617 8110 8217 8272 7671 8274 8200 8291 8420 8616 7950 8649 8569 8369 7933 8350 8198 8016 8729 8151 8578 8200 8542 8485 8322 8524 7945 8143 7954 7636 8248 8097 8584 7820 8331 8604 8265 8333 8355 8310 8267 8216 7952 8194 7905 8072 8475 7818 8128 8727 8718 8890 8791 8228 8079 8812 8257 8532 8092 8596 8791 8076 7860 7999 8406 8446 8248 7837 8631 8391 7906 8030 8037 8255 8219 7992 7487 7931 8124 8614 8246 7565 8652 8670 8163 8343 8212 8284 7933 8197 7845 8380 8350 8290 8122 8696 8127 7604 8295 8435 8145 8896 7758 8108 7758 7835 8358 8519 8157 8014 8150 8252 7877 8394 8774 8377 8238 8481 8005 8176 8251 8201 8045 8139 8400 8915 7966 8877 8529 8401 8117 8232 7969 8331 8542 8284 7836 8169 8091 8546 8632 8848 8482 7439 8371 7824 8085 8078 8782 8490 8412 9019 8479 8248 8069 8470 7795 7859 8254 8056 7908 8155 8632 8681 7929 7670 8534 8590 8065 8225 8485 7848 8533 7851 7915 9007 8822 8568 7784 8693 7898 8065 8545 7937 8071 8664 7911 8242 8084 7696 7834 8470 8338 8400 8268 8183 7911 8412 8222 8328 7873 8110 7945 8588 8523 8079 8333 8569 8149 8722 8037 8648 8314 8429 8195 8222 8559 7970 8765 8000 8049 7877 8545 7863 8253 8519 8131 8451 8072 7989 8732 8098 7939 8535 7779 8148 8854 7699 8261 8037 7930 8378 8170 7954 7669 8368 8266 8279 8543 7988 8149 8300 8402 8452 8151 7874 8332 8585 8617 8528 8157 8367 8577 8469 8686 7863 8298 8100 8196 7857 7971 8210 8442 8007 8880 8183 8265 8313 8361 7656 8085 8081 8469 8165 8052 8295 8478 8348 8544 8473 8735 8229 8460 8726 8245 8314 8008 8659 8222 8290 7754 8227 8294 8659 8728 8302 8133 8088 8906 8241 8730 8088 8021 8000 7821 8215 8093 8194 7757 7767 8408 8755 8913 8296 8174 7912 8125 8019 8314 8242 8486 8594 7600 8242 8298 7891 8298 8142 8536 8312 7729 8394 8620 8409 8433 8094 8331 8277 8399 8492 8147 8213 8343 8705 
7294 8287 8535 7556 8160 8041 8175 7916 7856 7223 7902 8121 7322 8473 8189 8069 8225 8209 7686 8008 8321 7692 7917 8244 8633 8458 7630 8102 7959 7924 7758 7588 7867 7855 8220 8095 7770 8066 7989 8114 8218 8061 7526 7910 7815 7797 8055 7787 8243 8087 7736 8200 8235 7628 8508 8020 7889 8127 8073 8153 7766 8540 8012 7478 8136 7808 7944 7966 8009 8251 7922 8083 7353 8464 7815 7505 8111 8261 8307 7415 7613 8083 7846 8285 7762 7820 8147 7639 7911 7710 7453 7729 8099 7556 7923 8317 8153 8298 8339 7981 8033 8146 8069 8219 7890 8266 8642 8074 7720 8049 7796 8316 7584 7758 8326 7953 7497 7576 7850 8165 8453 8141 7388 8001 8301 8670 7827 7730 8069 8355 8206 8295 8032 7404 7635 7843 7809 7923 8129 8128 7791 8369 7753 7708 8220 8291 7994 8597 7840 8229 7869 7988 8510 8157 7908 8366 7911 7892 7804 8183 8144 8242 8028 7783 7577 7969 8400 7852 7688 8150 8423 8416 7402 8754 8219 8143 8067 7790 7623 7996 8199 7762 7800 8049 7500 8070 8276 8123 8047 7397 7888 7495 7815 7942 8557 7992 8496 8571 7886 7931 7773 8485 8196 7647 7971 8152 8066 8291 8257 8385 7622 7953 8477 8244 7545 7798 8193 7844 8097 8014 8232 9023 8742 7911 8074 8289 7672 8022 8093 7583 8265 8327 7791 7693 7964 7547 7635 8555 8262 8035 7936 7824 7602 8292 7803 8217 8052 8082 7600 8467 8226 8010 7963 8279 8118 8300 7779 8244 7856 8111 7955 8175 8081 8094 8315 7774 7977 7964 8403 8079 8155 8323 7675 7692 7963 7594 8491 8045 7979 8119 7368 7901 8109 7858 8130 7872 7706 7925 8044 7766 7420 7636 7967 7967 8268 7706 7823 7840 8186 7913 7849 7615 7977 8079 8318 8044 8497 8278 8010 8277 8005 7328 7819 7958 7870 7958 7726 7957 8211 8357 8946 7804 8079 8036 8095 7344 7980 7981 8382 7627 7905 7827 8417 8102 8070 8179 8231 7695 8399 7988 7675 8084 7597 8093 8077 7835 7453 7766 8019 8397 7981 7934 7984 7853 8378 8245 8271 7861 7555 7885 7891 8087 7825 8291 7642 7657 7830 8244 8012 8016 7802 7790 7893 7795 8345 8245 7757 7955 7863 7684 8213 7540 8168 8249 8246 8201 7401 7868 8050 7964 8207 8082 8317 7695 8002 7942 8097 8042 8458 8603 
7662 8723 8500 8036 9145 8348 9250 8335 8184 7993 8336 8696 7880 8844 9011 8477 8922 8357 8072 8256 8582 8331 8334 8872 8911 8832 8072 8579 8146 8692 8030 7601 8156 8181 8420 8501 8082 8024 8303 8313 8503 8799 8132 8201 8395 8025 8607 8107 8591 8697 8073 8273 8569 8013 8943 8409 8283 8599 8968 8175 8012 8844 8078 8241 8932 8309 8929 8619 8760 8524 8570 8839 7931 8765 8057 8098 8606 8590 8629 8133 8249 8602 8334 8506 8643 8312 8658 8241 8423 7884 8130 8380 8420 8123 8295 8846 8585 9000 8610 8347 8308 8808 8297 8728 8171 8577 8814 8346 8233 8451 8595 8408 8375 8003 8811 8441 7605 7665 8127 8612 8282 8520 7825 8373 8335 9242 8281 8149 8574 8736 8402 8398 8394 8212 8386 8211 8006 8504 8627 8408 7854 8550 8276 7597 8092 8593 8465 9131 7747 8543 7944 8367 8859 8864 7977 8507 8186 8177 8433 8542 8524 8507 8379 8009 8058 8563 8436 8324 8539 8366 8534 8831 8145 8747 8629 8555 8319 8370 8187 8649 8678 8409 8304 8261 8226 8369 8460 8780 8445 7642 8706 7810 8490 8318 9155 8410 8773 8888 8553 8378 8434 8603 8157 7938 8071 8707 8340 8321 8654 8450 8124 7924 8829 8809 8076 8306 8631 7944 8589 8329 8422 9164 9220 8473 8226 8597 8368 8213 8665 8315 8210 8719 8391 8234 8485 7830 8187 9027 8282 8275 7934 8052 8180 8837 8422 8577 8353 8380 8156 8486 8721 8350 8524 8938 8420 8282 8336 8916 8326 8498 8477 8303 8563 8593 8637 8099 8449 8132 8371 8361 8553 8624 8417 8411 8506 8062 8722 8171 8466 8519 8046 8437 8493 8061 8288 7899 7925 8578 8426 8342 7852 8193 8525 8247 8846 8176 8074 8944 8886 8152 8087 8308 8187 8747 8858 8469 8452 8257 8567 8735 8555 7603 8456 8045 7993 8274 7835 8505 8492 8472 9031 8142 8211 8171 8307 7745 8426 8133 8930 8222 8201 8339 8394 8349 8649 8403 8555 8400 8759 8612 8360 8517 8001 8782 8135 8272 7925 8500 8567 9054 8686 8441 8181 8132 8843 8544 8902 7895 7877 8089 8163 8039 7898 8932 7902 8098 8595 8669 8724 8545 8455 8297 8466 8294 8589 8440 8543 8695 7681 7894 8401 7948 8530 8473 8430 8593 7573 8342 8453 8424 8342 8182 8364 8240 8467 8433 8293 8492 9080 8952 
7703 8616 8581 8073 8612 8399 8745 8284 7859 8119 8301 8269 7746 8812 8749 8124 8989 8563 8220 8202 8505 8071 7979 8761 8840 8350 7840 8133 8090 8389 8208 7856 8227 8471 8533 8384 7941 8034 8136 8252 8391 8683 8056 8225 8242 8223 8528 8157 8472 8519 8153 8318 8469 8340 8818 8385 8236 8612 9129 8448 7847 8763 8281 8288 8585 8187 8549 8267 8549 8429 8524 8698 7628 8673 7943 8143 8634 8009 8758 7735 8180 8493 8244 8411 8453 8243 8508 8145 8424 8275 8020 8238 8429 7760 8165 8576 8739 9000 8723 8068 8092 8781 8369 8895 8286 8367 8646 8319 8058 8421 8409 8302 8332 7706 8882 8621 8092 8003 8037 8362 8345 8193 7979 8106 8574 9037 8315 7680 8676 8958 8239 8510 8265 8316 8498 8337 8159 8633 8546 8375 7931 8387 8330 7489 8254 8398 8302 8920 8084 8197 7924 8180 9025 8629 8198 8358 8339 8345 7726 8511 8633 8265 8145 8201 8074 8470 8640 8563 8184 8636 8757 8890 7865 8923 8629 8406 8207 8367 8361 7978 8693 8393 7800 8346 8071 8441 8717 8842 8500 7667 8458 8036 8242 8621 8908 8341 8533 9056 8369 8183 8585 8704 8085 7959 8057 8601 7829 8327 8533 8585 8003 7946 8989 8421 7986 8354 8446 8110 8377 8455 8507 9030 8995 8691 8227 8274 8025 7990 8521 8113 8468 8427 8131 8487 8557 8201 7990 8790 8409 8076 8152 8127 8118 8752 8370 8762 8135 8408 7936 8511 8578 8246 8097 8625 8312 8451 8161 8517 8418 8732 8152 8643 8845 8799 8825 8224 8103 8129 8518 7809 8792 8657 8327 8115 8541 8333 8819 8167 8339 8588 7985 8358 8561 7746 8348 7908 8187 8665 8097 8235 7469 7888 8375 8304 9114 8127 8093 8529 8556 8287 8147 8084 8210 8623 8677 8436 8857 8477 8503 8623 8820 8016 8164 8133 8481 8159 8011 8138 8815 8426 9189 8180 8197 8559 8252 7685 8220 8274 9100 7942 8070 8290 8717 8738 8595 8369 8625 8665 9197 8960 8398 8424 8028 8697 8280 8494 8090 8524 8309 8799 8457 8275 8259 8051 8633 8521 8874 8217 8052 8223 7890 8162 8140 8346 8364 7950 8392 8755 8557 8599 8004 8273 8442 8357 8358 8256 8143 8249 7920 7892 8336 7827 8402 8466 8369 8554 7980 8088 8826 8958 8809 8284 8450 8026 8063 8397 8295 8321 8608 9190 
7359 8276 8483 8193 8200 7899 8671 8038 7886 7762 8270 8112 7364 8218 8226 8010 8599 8210 8050 8046 8461 7879 7887 8107 8416 8306 7900 8223 8258 8323 7610 7495 7968 7803 8550 8498 7757 8277 8239 8090 8038 8192 7917 7892 7950 7949 8377 7621 8149 8263 7911 7901 7817 7708 8333 8334 7831 8548 8218 8211 8043 8603 8208 7919 8327 8101 8181 8361 8581 8579 8166 8350 8105 8562 8078 7628 8114 8066 8635 7627 7887 8336 8402 8198 8046 8134 8252 7529 8280 7810 7902 8152 8449 7596 8081 8268 8465 8505 8296 8203 8427 8739 7895 8621 8284 8212 8517 8104 8139 8044 8002 8389 7452 7634 8910 8224 7653 7857 8169 8635 8243 7976 7530 7828 7937 8878 8069 8127 8429 8468 8260 8513 8010 7910 7673 7963 7866 8051 8696 8016 7798 8371 8420 7794 8030 8073 7919 8761 7666 7965 7728 7841 8626 8170 7870 8205 8370 7957 8043 8169 8349 7933 8101 8131 8106 8627 8089 7948 7826 8162 8088 8776 7813 8825 8476 8338 8245 8395 7850 8094 8502 7832 8124 8114 7940 8141 8262 8339 8101 7492 8312 7492 8018 8261 8899 8153 8180 8335 8114 8037 7903 8487 8186 7252 8227 8226 8186 8185 8241 8215 7665 7840 8584 8741 7986 7741 8399 8181 8064 8346 8399 8889 8787 8430 7904 8214 7629 8192 8323 8035 8187 8336 7983 7756 8151 7655 7763 8343 8367 8230 7791 7901 7841 8430 8113 8133 8201 8142 8041 8241 8450 8091 8371 8575 8050 8213 8025 8354 8197 8212 8355 7853 7976 8022 8368 8048 8111 8004 8248 8055 8439 8351 8604 7806 8278 8027 8384 7842 8085 8503 7711 7925 8517 7761 8069 7940 7784 8028 8475 8122 7759 7975 8280 7884 8450 7736 8061 8494 8355 8033 7785 8078 7958 8633 8262 8359 8276 8306 8234 8602 8339 7665 8117 8120 7912 7728 7786 8173 8203 8068 8789 8111 8236 8198 8044 7666 8132 8273 8400 7575 7754 7937 8115 8242 7811 8169 8590 8271 8270 8495 8134 8273 7836 8776 8061 8337 7851 8025 8175 8366 8163 8211 8186 7884 8681 8217 8194 8110 7702 8274 7608 7805 7897 8427 8050 7808 8079 8440 8412 8168 8052 7955 8410 8290 8390 8354 8027 8337 7730 8068 8236 7963 8245 8003 8006 8081 7564 8190 8348 8573 8357 7777 8439 7959 8095 8083 8037 8043 8448 8699 
6824 7330 7436 7131 7504 7171 7796 7139 6971 7001 7402 7222 6700 7760 7368 7233 7449 7607 7060 7497 7634 7015 7299 7883 7735 7309 7069 7476 7452 7823 7357 7082 7397 7435 7362 7478 7163 7084 7471 7331 7681 7633 7448 7374 6972 7044 7776 7311 7652 7104 7055 7382 8069 7051 7700 7726 7262 7712 7756 7212 7115 7555 7503 7543 7883 7429 7521 7520 7532 7844 7546 7499 7205 7723 7155 6892 7460 7334 7680 6834 6891 7589 7332 7576 7349 7133 7290 7321 7751 7222 7174 7561 7904 6919 7343 7693 7587 7751 8069 6981 7516 7970 7089 8026 7502 7663 7872 7881 7222 7415 7104 7418 7196 6894 8211 7065 7121 7320 7350 7645 7687 7635 6938 7268 7351 8089 7368 7182 7657 8051 7490 7621 7262 7174 7281 7469 7160 6974 7649 7357 7087 7562 7358 7038 7526 7639 7389 7903 7092 7406 7257 7340 7929 7698 7682 7440 7416 7473 7115 7275 7219 7290 7401 7431 7070 7384 7460 7371 7525 7322 7748 7672 7070 7961 7693 7650 7275 7510 7139 7375 7886 7282 6959 7500 7071 7597 7654 8099 7342 6717 7508 6827 7439 7280 8320 7488 7769 7826 7530 7339 7245 7777 7362 6777 7323 7296 7385 7525 7761 7555 7296 6962 7565 7847 7214 7229 7373 7206 7644 7153 7421 7939 8001 7887 6841 7784 6898 7487 7141 7044 7609 7517 7201 7236 7100 6942 7004 7627 8022 7679 7205 7492 7346 7953 7308 7158 7328 7426 7344 7578 7686 7401 7589 7534 7535 7610 7152 7798 7131 7432 7412 7403 7647 7213 7904 7274 7214 7231 7439 7116 7509 7826 7887 7255 7403 7345 7900 7231 7393 7278 6711 7037 7693 7074 7324 7382 7162 7552 7418 7085 6941 7135 7637 7319 7413 6993 7136 7418 7871 7463 7189 7187 7324 7914 7780 7461 7589 7629 7735 7650 7568 6882 7521 7256 7462 7081 7226 7595 7452 7358 8252 7535 7414 7226 7587 6835 7350 7402 7852 7280 7546 7351 7370 7750 7301 7578 7773 7653 7657 7818 7538 7512 7273 7754 6967 7733 6959 7549 7266 7890 7608 7380 7379 7262 7829 7457 7984 7240 7113 7371 7229 7342 7477 7584 7414 7484 7329 7358 7502 7302 7485 6952 7575 7405 7577 7458 7266 7600 6869 7605 7424 6924 7432 7412 7432 7624 7042 7409 7518 7581 7690 7217 7507 7151 7140 7163 7481 7827 7423 7837 
7100 7956 8074 7897 8495 7689 8420 7671 7542 7474 7991 7982 7190 8167 8102 7962 8007 8037 7789 7819 8220 8025 7717 8332 8309 8147 7736 7980 7943 7872 7668 7425 7505 7775 8155 8053 7742 7638 7935 7621 7918 8300 7874 7642 7768 7332 8215 8027 8137 7977 7781 7831 8106 7926 8206 8021 7916 8119 8415 7957 7439 8151 7917 7780 8192 7787 8053 8078 8097 8214 8243 8203 7556 8133 7952 7479 8270 7823 8429 7749 7568 8156 7939 8028 8259 7729 7855 7714 8179 7652 7743 7877 8213 7895 7694 8559 8438 8461 8422 7856 8174 8517 7792 8106 7803 8174 8250 8113 7813 8000 8164 8048 7657 7618 8519 7978 7637 7716 7602 8469 8135 7986 7374 7860 8136 8763 7871 7720 8299 8194 8260 8325 7755 7816 7762 8020 7682 8166 8375 8097 7590 8181 7839 7527 7970 8189 7642 8649 7478 7973 7654 7715 8384 8193 7918 7905 8302 7910 7802 8261 8228 8057 7920 7860 7970 7901 8170 8296 8156 8427 8411 8412 7538 8580 8487 8116 7777 8311 7482 7925 8385 8030 7689 7789 7724 7806 8220 8298 8056 7549 8307 7514 7817 8107 8462 8005 8317 8223 8190 7763 7899 8245 7822 7556 7501 8030 7793 7921 8309 8119 7607 7562 8467 8047 7981 8151 8119 7701 8115 7962 8058 8675 8613 8206 7781 8101 7727 7940 8053 7490 7997 8330 7749 7984 8183 7399 7697 8399 8110 8013 7736 7812 7741 8089 7841 8043 7986 7843 7687 8216 8243 7774 8303 8454 8017 8272 7657 8371 7723 8269 8399 7814 7969 8003 8215 7670 7812 7770 8107 7995 8295 8161 8128 7998 8046 7739 8639 7851 8016 7977 7485 7954 8093 7531 7758 7608 7576 7756 8065 7854 7328 7746 7927 7637 8135 7579 7856 8300 8269 7877 7436 7918 8030 8349 8367 8091 8389 8034 8032 8205 8145 7262 7927 7616 8014 7674 7765 8028 8436 7948 8681 7940 8060 8078 8188 7376 7995 7900 8470 7636 7969 7951 8077 7905 7894 7951 8437 7819 8202 8224 8244 8353 7507 8573 7839 8282 7540 7706 7750 8435 8277 7982 7823 7663 8504 8162 8419 7872 7652 7866 7480 8155 8036 8212 7737 7597 7801 8259 8343 7976 7969 7777 7926 7813 7882 8209 7681 8038 7655 7778 8052 7499 8359 8096 8088 8173 7364 8111 8286 8485 7956 7831 8283 7663 7747 8208 7998 7980 8240 8315 
7906 8798 8841 8450 8952 8480 8973 8602 8615 8366 8602 8447 7876 9219 9024 8478 9025 8690 8529 8556 8834 8090 8415 9021 9221 9011 8418 8843 8599 8579 8306 8019 8642 8769 9105 8721 8577 8311 8591 8644 8424 8980 8446 8615 8436 8360 8873 8384 8785 8574 8215 8461 8818 8520 9000 9132 8336 9014 9239 8388 8618 9121 8642 8579 8947 8638 8425 8842 9368 8999 9052 8999 8439 8886 8324 8251 8743 8518 9039 8220 8225 8637 8723 8513 8717 8529 8727 8621 8902 8444 8578 8580 8730 8294 8286 9025 9302 9295 9132 8298 8756 9192 8588 8958 8754 8971 9240 8499 8579 8592 8543 8751 8426 7801 9386 8081 8244 8132 8040 8710 8937 8617 8234 8199 8669 9066 8800 8451 9109 8931 8588 8992 8308 8435 8755 8438 8303 8462 8950 8747 8276 8899 8422 7701 8768 8769 8868 9461 8475 8828 8334 8589 8920 8970 8575 8787 8754 8369 8135 8546 8899 8904 8820 8573 8727 8572 9007 8672 8522 8504 8904 8851 8293 8993 8859 8865 8843 9288 8440 8820 9001 8422 8203 8350 8412 8672 8477 9173 8647 8308 8712 7988 8712 8549 9614 8679 8846 9219 8683 8582 8573 9225 8410 8318 8665 8860 8583 8627 8884 8870 8476 8187 9125 8830 8585 8393 8861 8201 8882 8517 8551 9613 9325 8971 8688 8893 8370 8613 8662 8129 8630 9026 8263 8416 8727 8194 8209 8760 8960 8562 8408 8133 8630 9011 8648 8907 8856 8338 8387 8767 8887 8200 8718 8951 8547 8962 8326 8907 8945 8993 8462 8720 8993 8736 9017 8327 8257 8134 8587 8529 8978 9197 8880 8407 8537 8510 9300 8691 8778 9148 8008 8514 8685 7964 8759 8508 8362 8849 8730 8478 8391 8260 8621 8352 8784 8563 8520 8966 9159 8489 8516 8470 8492 9092 9261 8607 8706 8640 8567 8958 8668 8245 8833 8566 8360 8571 8422 8572 8875 8334 9500 8531 8819 8366 8758 7952 8577 8291 9226 8489 8361 8202 9053 8692 8770 8840 9036 8659 8964 9082 8556 8727 8463 9041 8549 8725 8237 8578 8757 8896 8750 8569 8408 8694 9162 8699 9212 8731 8305 8603 8198 8074 8347 9299 8473 8072 8889 9134 8727 8489 8889 8436 8696 8437 8883 8864 8696 8886 8310 8514 8676 8339 8759 8330 8919 8650 8287 8520 8688 8988 8870 8476 8994 8439 8318 8413 8744 8825 8955 9232 
7497 7806 8284 7943 8751 8104 8642 7928 7747 7889 8218 8053 7847 8370 7792 8060 8477 8139 8117 8145 8418 7596 7961 8321 8662 8490 7780 8481 8063 8723 7891 7451 7871 8427 8237 8207 7742 7770 8255 8127 8348 8329 7878 7820 7962 8232 8248 7950 8250 8259 7995 8015 8098 7908 8244 8341 8003 8274 8824 8195 7711 8548 8001 8036 8260 7973 8240 8553 8496 8672 8567 8652 7651 8407 8165 7635 8560 8141 8442 7931 8026 8247 7784 8142 8355 7937 8690 7941 8148 7985 7762 7989 7985 7667 7654 8318 8642 8540 8522 8138 8295 8649 7960 8966 7677 8148 8421 8684 8033 8217 8244 8512 7860 7740 8600 7904 7438 7824 7621 8363 8415 8188 7416 7841 8221 8827 7925 7724 8168 8432 8234 8204 8080 7770 8298 8250 7985 8301 8229 8376 8040 8493 8210 7474 8288 7954 8302 8598 7865 8175 7820 8176 8617 8431 8081 8321 8115 8114 7770 8177 8418 8555 8034 7980 7809 8308 8390 7940 7949 8402 8323 8760 7936 8711 8107 8407 8450 8472 8151 8191 8522 8143 7822 7794 8151 8325 8650 8438 8431 7419 8148 7508 8420 8111 8726 8112 8427 8775 8118 8219 8051 8251 8398 7751 8163 8039 8244 8460 8266 8069 7866 7854 8588 8388 7834 8286 8296 7997 8261 7920 8197 8526 8883 8112 7871 8469 7651 8272 8181 7748 8043 8706 7988 8009 7837 7637 7614 8614 8414 8465 7840 8387 7781 8580 8152 8247 8105 8121 8067 8637 8561 8399 8496 8429 8199 8620 8193 7961 8112 8198 8260 8280 8480 8092 8315 7756 7956 7819 8529 7950 8502 8300 8502 8035 8184 8119 8835 7963 8298 8701 7857 8286 8466 7509 8013 7626 7786 8481 8149 8027 7751 8153 8237 8159 8565 7980 8151 8495 8499 8211 7616 8082 8189 8430 8542 8193 8473 8313 8358 8432 8243 7574 8624 8130 8160 8015 7910 8011 8616 8375 8647 8207 7943 8073 8338 7954 7952 7945 8718 7691 7953 7657 8025 8524 8196 8631 8271 8196 8144 8432 8050 8287 7983 8642 8089 8557 7628 8114 8228 8657 8782 8066 7933 7916 8854 8605 8522 8387 7676 8081 7430 7755 7899 8419 8148 7930 8178 8476 8345 8110 7890 8030 8141 8078 8517 8410 8035 8393 7827 8024 8172 7760 8096 8006 8061 8260 7523 8486 8238 8201 8355 7947 8331 7848 8185 8342 8062 8239 8872 8554 
7188 8151 8083 7899 8324 7644 8120 7463 7492 7587 7800 7678 7490 8162 8249 7779 7861 8141 7765 7693 7928 7467 7682 8360 8251 8045 7826 7648 7479 7745 7674 7533 7722 7913 8353 8054 7518 7787 7701 7395 7799 7837 7877 7912 7622 7504 8294 7821 7905 7923 7464 7518 8274 7557 8210 8532 7813 8213 8158 7514 7226 8158 7543 7721 8274 7356 8134 7693 8129 8123 8062 8495 7248 8061 7500 7231 7891 7507 8062 7180 7671 7650 8164 7887 7963 7555 8009 7595 8281 7655 7736 7843 7729 7355 7662 8384 8152 8211 8113 7682 7943 8497 7837 8006 7639 8164 8567 8225 7508 8027 7725 8089 7475 7344 8424 7441 7661 7236 7244 8037 7743 7734 7457 7303 8028 8047 7733 8042 8156 8510 7741 7799 7804 7689 8065 7763 7736 7799 8342 7875 7452 8004 8096 7052 8062 7781 7572 8155 7861 7809 7569 7931 8135 8051 7581 8075 8367 8060 7551 7836 8224 7999 7760 7540 7815 8080 8221 7570 7991 7878 8231 8270 7653 8443 8072 7770 7600 8043 7549 7876 7973 7691 7383 7682 7512 7948 8010 8260 7689 7170 7965 7211 8022 7953 8487 7842 7919 8142 7853 7796 7892 8467 7763 7225 7929 8006 7550 7755 8138 8113 7423 7526 8120 8047 7538 7767 8232 7789 7986 7637 8254 8412 8408 8009 7907 7935 7568 7922 8139 7680 7699 8102 7417 7960 7823 7537 7170 8080 8049 8257 7552 7544 7512 8278 7869 7949 7935 7973 7550 8039 8256 8115 7938 8195 7842 8204 7595 8244 7768 8048 8266 7713 8419 7744 8707 7447 7612 7533 7808 7725 8518 8025 8132 8144 7844 7352 8020 7661 7943 8237 7149 7904 8130 7545 7893 7577 7438 7999 7760 7929 7215 7698 7829 7721 7843 7604 7563 7750 8163 7555 7512 7992 7970 8135 8257 7938 8042 8091 7528 8118 8001 7176 7954 8084 7888 7752 7631 7728 8384 7992 8517 7776 7772 7495 7680 7205 7764 7873 8285 7152 7626 7613 8022 7755 7514 8082 8159 7726 8093 8320 7582 8180 7645 8332 7713 7791 7513 7786 8087 8103 8224 7566 8133 7583 8349 7901 8122 7768 7803 7644 7443 7743 7796 7918 7656 7721 7960 8211 8060 8162 7740 7269 8041 7593 7878 7762 7790 7956 7565 7766 7977 7366 8144 7954 8023 8079 7461 7601 7643 8288 7762 7550 7738 7560 8182 7672 8059 8097 8056 8187 
7761 8572 8699 8269 8873 8175 9022 8278 7912 8178 8497 8397 7973 8862 8958 8549 8851 8785 8451 8179 8737 7804 8573 8687 8987 8689 7903 8571 8237 8480 8120 7788 8493 8690 8546 8926 8174 8151 8210 8399 8368 8336 8191 8370 8417 8394 8736 8159 8452 8377 8189 8301 8644 8659 8612 8647 8402 8733 8779 8225 8009 8829 8614 8260 8707 8306 8604 8520 8621 8738 8890 8753 7895 8840 7963 7850 8234 8410 9041 8130 8131 8668 8559 8413 8674 8389 8461 8412 8606 8409 8563 8368 8477 8185 8474 9054 8922 8958 9005 8291 8615 8880 8548 8743 8319 8679 8771 8286 8224 8607 8898 8354 8300 8153 9174 8471 7943 7986 8183 8424 8525 8440 7829 8128 8466 9092 8610 8286 8531 8854 8528 8854 7933 8143 8460 8701 8313 8451 8768 8526 7959 8498 8779 8057 8446 8633 8557 8806 8186 8579 7996 8663 9221 8752 8221 8550 8378 8418 8221 8603 8706 8496 8816 8587 8817 8678 8429 8360 8471 8534 8922 8937 7856 8974 8684 8960 8476 8536 8249 8195 8921 8139 8045 8264 8139 8205 8953 8810 8711 7526 8412 7726 8750 8483 9258 8446 8626 8898 8777 8299 8467 8721 8448 7882 8425 8538 8427 8347 8947 8754 8311 8045 8904 8745 7798 8328 8580 8121 8454 8444 8669 8979 8876 8366 8576 8687 8246 8473 8583 7995 8599 8679 8100 8204 8580 7845 8084 8653 8562 8542 8029 8442 7948 8530 8564 8776 8468 8226 8152 8447 8968 8251 8536 8757 8313 8613 8169 8696 8462 8484 8771 8115 8654 8310 8821 8158 8182 8308 8670 8140 8864 8743 8177 8424 8579 8262 8761 8182 8705 8404 7856 8299 8572 7820 8317 8194 8074 8449 8633 8053 7882 8307 8636 8587 8664 8417 8266 8425 8998 8198 8334 8149 8284 8543 8683 8774 8394 8505 8659 8670 8430 7902 8469 8451 8192 8237 8182 8369 8760 8581 9282 8217 8711 8698 8086 7845 8336 8218 9021 8366 8319 8469 8594 8727 8501 8322 8802 8567 8948 8683 8026 8173 7810 8963 8317 8580 8333 8198 8282 8912 8681 8156 8177 8256 8854 8819 8856 8546 8344 8228 8279 8200 8378 8630 8225 8283 8434 8799 8696 8556 8305 8084 8245 8354 8375 8709 8607 8480 7806 8483 8559 8069 8646 8566 8281 8776 7957 8370 8674 8601 8756 8270 8507 8114 8385 8534 8381 8490 8680 9071 
7604 8425 8259 8151 8559 7949 8813 7975 8028 7757 8391 8017 7863 8825 8599 8314 8577 8629 8233 8495 8556 8017 8091 8664 8666 8439 8020 8558 8087 8526 7674 7872 8068 8664 8703 8186 8112 8050 8910 8528 8284 8588 8538 8262 8216 7983 8466 8100 8700 8514 7954 8082 8591 7836 8623 8782 8283 8691 8984 8241 8213 8687 8048 7942 8643 8236 8546 8343 8775 8533 8530 8809 7850 8719 8128 8037 8658 7962 8751 7979 7904 8860 8436 8304 8339 7755 8340 8068 8512 8145 8118 8205 8575 7813 7770 8655 8689 9178 8787 8177 8336 8939 7994 8614 8172 8536 9019 8431 7880 8143 8289 8523 8248 7727 8771 8292 7769 7926 8000 8493 8296 8494 7704 7912 8419 8904 8266 7835 8494 8733 8413 8668 7796 8224 8290 8101 8005 8364 8797 8445 8085 8514 8220 7563 8475 8539 8260 8774 8043 8181 8131 8354 8840 8199 8064 8414 8545 8137 8372 8203 8280 8503 8196 8194 8425 8250 8802 8275 8433 8444 8346 8918 7925 9136 8585 8324 8388 8577 8258 8292 8759 8262 7856 8214 8034 8384 8581 8513 8352 7630 8594 7683 8271 8291 9075 8274 8467 9082 8244 8260 8149 8596 8337 7982 8007 8475 8226 8622 8464 8762 8010 7908 8620 8504 8026 8025 8365 7974 8401 8236 8321 9058 8992 8509 8209 8635 7871 8354 8254 8126 8067 8515 8089 8349 8188 7621 8028 8608 8683 8177 8045 7988 7852 8616 8227 8857 8134 8223 8402 8869 8665 8355 8467 8919 8404 8202 8163 8577 8441 8462 8498 8229 8559 8133 8818 8046 8155 8399 8273 8127 8777 8480 8424 8375 8402 8242 8803 8333 8210 8475 7487 8010 8537 7750 8170 7753 7954 8498 8447 7962 7562 8265 8286 8108 8580 8158 8337 8496 8776 8368 8106 8352 7953 8653 8456 8550 8480 8245 8450 8531 8599 7869 8088 8369 7935 8001 7995 8432 8487 8302 9000 8341 8330 8244 8357 7505 8195 8112 8541 7767 8191 7983 8539 8692 8503 8387 8753 8303 8728 8762 8376 8452 8100 8612 8125 7998 7837 8539 8406 8764 8484 8219 8214 7841 8598 8697 8684 8158 8235 7888 7924 8133 8482 8611 8210 8289 8197 8525 8559 8283 8290 8183 8269 8149 8366 8376 8046 8380 7701 8408 8533 7980 8227 8251 8329 8698 7962 8413 8437 8707 8663 8147 8191 7791 8038 8326 8266 8538 8816 8863 
6933 8350 8023 7915 8384 7859 8984 7974 7872 7450 8205 7978 7614 8167 8146 8427 8317 8124 7975 8160 8455 7799 8066 8344 8210 8005 7535 8211 8187 7791 8000 7554 8003 7857 8369 8151 8196 7868 8016 7988 7975 7912 8137 7932 7989 7789 8362 7646 8614 8356 7488 7806 8252 7544 8446 8542 7910 8645 8331 7836 7968 8278 7876 7805 8664 7685 7989 8053 8261 8306 8296 8185 7564 8109 8099 7753 8108 8029 8263 7611 7643 8108 8073 8011 8142 7832 8290 8122 8387 7774 7920 8077 8185 7893 7843 8666 8487 8238 8418 7881 7952 8670 7701 8435 7904 8339 8422 8308 7583 8061 8241 8384 7718 7568 8702 8173 7627 7798 7892 8276 8081 7787 7766 7640 8127 8672 8107 7422 8191 8372 7832 8577 8086 7897 7787 8064 8113 8052 8211 7839 7728 8025 8208 7560 8064 8028 7800 8676 7826 8096 7990 7970 8570 8429 8015 8143 8233 8014 7861 8125 8411 8240 8039 7693 8070 8261 8179 7827 7659 7813 8144 8185 7992 8633 8101 8279 7939 8353 7830 8017 8508 8035 7834 8028 7620 8130 8297 8242 7991 7057 8116 7086 7718 8381 8927 8155 8200 8256 8254 8025 8015 8497 7999 7461 7638 8342 7776 7988 8300 8278 7452 7802 8699 8208 7890 7958 8292 7767 8042 7614 8263 8842 8801 8382 7778 8313 7572 7936 8241 7763 7947 8498 7848 7985 8139 7616 7628 8265 7971 8272 7444 7776 7650 8366 7810 8359 7635 8190 7764 7901 8591 7919 7928 8615 7682 8296 7822 8463 7942 8457 7994 7838 8213 7850 8589 7756 7943 7987 7710 7802 8470 8322 8085 7829 8037 7721 8325 7758 8147 8269 7726 7904 8368 7788 8248 7874 7482 7993 8240 8040 7186 7946 7918 8052 8136 7891 7702 7932 8443 7682 8349 7822 7988 7922 8268 8132 8146 8215 7912 8216 8367 7365 8335 7877 8089 7723 7439 7871 8443 8198 8709 8045 8171 8134 8075 7423 8083 7954 8554 7417 8014 8039 8054 8116 8136 8461 8335 8011 8490 8472 7911 8407 7536 8336 7712 8448 7832 8084 8008 8560 7950 7906 7904 7806 8473 7815 8524 7551 7764 7938 7935 7986 8072 8175 7840 7951 8577 8287 8520 8178 7724 7873 8106 8079 7971 8357 8161 8346 7581 7939 7992 7800 8353 7809 8114 8412 7515 7897 8164 8292 8227 7913 8152 7892 8019 8083 8080 8401 8181 8786 
7765 8664 8454 8387 8861 8442 9160 8328 8248 8030 8600 8483 7885 9000 8733 8752 8961 8820 8509 8612 8919 8286 8536 8819 9052 8906 8492 8887 8915 8166 8232 8042 8480 8534 8810 8487 8389 8543 8698 8510 8379 8767 8565 8066 8172 8091 8883 8109 8867 8828 8171 8526 8744 8384 9165 9201 8310 8559 9024 8510 8348 8885 8313 8179 8951 8509 8913 8506 8958 8770 8812 8781 8187 8788 8369 7908 8644 8519 9083 7958 8479 8850 8572 8409 8795 8262 8848 7968 8625 8516 8025 8440 8546 8463 8174 9028 8834 8707 9141 8493 8652 9134 8642 8971 8521 8822 8782 8831 8036 8768 8091 8408 8162 8192 9218 8403 8201 8118 8227 8512 8315 8635 7876 8329 8390 9165 8376 8408 8705 9055 8715 8773 8511 8282 8620 8598 8182 8937 9009 8358 8455 8758 8454 7873 8497 8772 8757 9259 8182 8657 8111 8570 8990 9116 8301 8791 8523 8401 8097 8495 8744 8709 8679 8489 8597 8621 8698 8391 8492 8462 8835 8996 8688 9025 8640 8639 8418 8809 8330 8488 8597 8473 8247 8587 8302 8575 8987 8713 8660 7793 8783 8166 8802 8711 9349 8677 8785 9080 8622 8929 8678 8898 8525 7777 8319 8677 8332 8650 8790 8643 8314 8231 8435 8410 8201 8544 8620 8255 8434 8400 9020 9470 9220 8669 8658 9164 8352 8695 8473 8146 8439 8803 8215 8729 8703 8090 7942 8608 8812 8613 8590 8051 7980 8935 8724 8771 8233 8494 8268 8826 9118 8621 8466 9122 8614 8818 8426 9011 8402 8742 8741 8889 8804 8376 8841 8176 8351 8374 8651 8738 9112 8882 8663 8579 8511 8634 9035 8244 8360 8950 7578 8477 9040 8108 8469 8087 7888 8864 8656 8790 8029 8201 8511 8419 8629 8691 8424 8741 8828 8139 8321 8521 8229 8677 8999 8957 8640 8302 8574 8942 8973 7836 8598 8357 8421 8432 8125 8768 8743 8628 9290 8403 8030 8621 8391 7782 8313 8370 9136 8222 8784 8127 8703 8401 8579 8521 8899 8246 9136 8844 8328 8943 8271 8956 8167 8374 8031 8490 8721 9085 8632 8427 8471 8438 8684 8977 9121 8251 8033 8368 8126 8386 8429 8640 8102 8053 8706 9223 8913 8632 8378 7838 8543 8427 8928 8934 8416 8898 8169 8272 9081 7881 8564 8702 8630 8517 8074 8649 8798 8848 8685 8330 8650 7915 8627 8552 8356 8723 8588 9203 
7643 8428 8526 8248 9002 8190 8698 8247 8051 7884 8604 8314 7707 8834 8798 8642 8982 8600 8085 8203 8698 8001 8256 8894 8983 8605 8005 8437 8318 8659 8406 8024 8299 8646 8163 8713 8087 7981 8622 8624 8581 8517 8283 8555 8272 8080 8657 8074 8398 8795 8312 8416 8754 8284 9094 8787 8412 8689 8797 8623 8065 8915 8251 8264 8570 8239 8527 8483 8627 8754 8916 9067 7971 8694 8473 8246 8724 8176 9155 7945 8026 8634 8834 8105 8664 7906 8434 8302 8514 8367 8134 8401 8470 8205 8217 8937 8886 9185 9049 8355 8379 8656 7995 8789 8413 8668 8846 8457 8417 8328 8288 8537 8159 7921 9161 8276 7668 8168 8185 8674 8539 8547 7505 8109 8349 8984 8079 8282 8812 8659 8234 8573 8060 8252 8370 8466 8170 8323 8793 8515 8494 8774 8433 7826 8227 8587 8558 8778 8214 8770 8258 8050 9042 8522 7867 8570 8521 8265 8339 8540 8846 8253 8503 8259 8268 8635 8620 8393 8178 8757 8498 8766 8351 9086 8441 8561 8097 8448 8340 8168 8879 8562 8322 8173 7999 8656 8658 9040 8465 7884 8759 8013 8462 8342 9115 8798 8673 8900 8350 8219 8124 8846 8117 7509 8208 8415 8475 8577 8745 8674 7945 8259 8682 8406 8293 8604 8249 8264 8552 8049 8753 9443 9146 8292 8248 8423 7949 8710 8130 8276 8071 8558 8109 8304 8224 8007 7861 8676 8631 8731 8170 8141 7999 8674 8524 8452 8836 8382 8298 8828 8811 8689 8540 8998 8412 8754 8462 8593 8554 8493 8306 8411 8421 8452 8967 8083 8122 7972 8587 8428 8487 8801 8507 8276 8580 8060 8634 8140 8433 8481 7669 8225 8479 8086 8025 8002 8382 8441 8448 8226 8012 8130 8529 8332 8727 8473 8499 8341 8759 8222 8101 8572 8318 8734 8785 8388 8743 8468 8261 8910 8606 8208 8593 8483 8371 8105 7750 8494 8992 8369 9075 8286 8169 8635 8620 7751 8095 8722 8931 7860 8617 8134 8853 8073 8255 8739 8922 8571 8852 8816 8302 8597 7843 8914 8463 8545 7935 8426 8577 8939 8692 8318 8577 8169 8422 8799 8909 8322 7942 8316 7882 8109 8376 8704 8264 8333 8660 8825 8660 8418 8209 8130 8477 8187 8533 8501 8433 8685 7972 8176 8229 8206 8452 8387 8568 8333 7977 8434 8571 8858 8595 8008 8562 8328 8387 8354 8424 8369 8838 9046 
7453 8075 8624 8149 8651 7809 8517 8011 8138 7810 8194 8089 7360 8466 8463 7720 8598 8011 7901 7909 8101 7900 7989 8553 8030 8435 8034 8317 8324 7963 7603 7533 7901 8014 8119 8191 7943 7484 8034 7987 8380 8037 8053 8186 7755 7740 8053 7822 8167 8512 7893 8068 8166 8014 8189 8074 7650 8662 8476 8051 7986 8081 7980 8011 8640 8005 8224 7831 8432 8038 8331 8399 7813 8478 8054 7831 8521 8059 8485 7621 7562 8473 7943 8088 8219 7965 8100 7925 8056 8056 8157 8007 8353 7572 8120 8585 8287 8155 8395 7842 7991 8513 7836 8168 7911 8227 8635 8119 7791 7813 8061 8272 7682 7569 8741 7984 7543 7690 7620 8247 7902 7967 7767 7639 7681 8673 8232 8098 8411 8528 8225 8287 7869 8192 7914 8134 7931 8041 8453 7990 8076 8319 7757 7245 7849 8206 8065 8572 7638 8012 7676 8191 8558 7894 8019 7992 8452 7735 7924 7912 8202 8189 8174 7792 8079 8158 8019 7896 8086 8122 8187 8160 7947 8399 7952 8251 7953 8121 7416 8077 8260 8203 7690 7984 7948 8360 8152 8463 8196 7235 8266 7577 7964 8052 8689 8214 8290 8464 8255 7929 7984 8403 8018 7873 8020 8304 7915 8297 8426 8196 7949 7843 8395 8467 8105 8260 8108 7869 8009 7923 7953 8743 8827 8326 8113 8384 7504 8094 8231 8051 7871 8399 7590 7999 8138 7807 7841 8435 8439 8012 7633 8077 7666 8591 8020 8274 7706 7976 8136 8328 8621 7931 8229 8727 8153 8093 7776 7922 8094 8413 8173 8045 8155 8055 8316 7967 7939 7900 8051 8319 8417 8616 8022 8128 8064 7771 8319 7701 8449 8358 7594 7922 8265 7868 7998 7731 8172 8202 8489 7796 7519 7919 8238 7931 8185 7921 8255 8347 8364 7972 7704 7964 7920 8499 8343 8202 8044 8094 8274 8143 7976 7291 8079 7783 7908 7600 7500 8232 8072 8335 8661 8128 7493 7796 7994 7343 7959 8054 8690 7691 7952 7722 7946 8064 8050 7967 8240 8034 8303 8459 8078 8419 7720 8215 7825 8249 7605 7700 8216 8346 8191 7884 8257 7793 8267 8397 8392 8008 7818 8173 7668 7897 7813 8277 7901 7812 7896 8638 8518 8015 8424 7639 8317 7944 8396 7903 7978 8113 7646 7978 8509 7771 8057 8113 8445 8097 7776 7962 8474 8365 8254 7899 8198 7712 7798 8235 8119 8440 8517 8521 
7047 7842 8182 7689 8459 7616 8241 7859 7506 7336 7834 7711 7472 8137 8113 7906 8147 7824 7776 8137 7946 7486 7761 8280 8311 7957 7402 7959 7911 7983 7821 7368 7881 7873 8173 7818 7480 7638 7844 7891 8076 7793 7824 7900 7567 7383 7993 7632 7919 7803 7712 7918 8117 7724 8374 8413 7615 8480 8138 7504 7465 8135 7727 7760 8121 7599 7986 7908 8570 8316 8223 8042 7118 7883 7975 7369 8140 7592 7852 7407 7415 8008 7988 8047 7850 7551 7921 7542 8026 7745 7511 7764 7929 7425 7835 8383 7929 8068 8550 7680 7889 8330 7391 8362 7662 7966 8070 8028 7219 7885 7588 8162 7650 7431 8544 7861 7356 7435 7440 8101 7597 7749 7425 7463 7543 8255 7983 7498 7934 8460 8062 8078 7901 7515 7956 7997 7878 7273 8637 8050 7851 7894 7824 7232 7926 8322 7846 8200 7342 7918 7565 7972 8337 7684 7968 7958 7974 7786 7544 7662 8116 7860 8165 7779 7785 7745 8104 7502 8040 7687 7987 8381 7453 8272 7943 7868 7583 7536 7253 8049 8184 7444 7528 7678 7328 7916 8003 8499 7863 6848 8201 7439 7861 7809 8511 7783 8205 8332 7587 7734 8039 8380 8205 7185 7771 8047 7455 7827 8112 8037 7463 7330 7976 8236 7632 7666 7707 7497 8158 7581 8031 8193 8518 7868 7922 8265 7474 7867 7853 7681 7674 7630 7741 7834 7762 7019 7083 8130 7937 8271 7529 7694 7212 8094 7942 8153 7504 7921 7632 8182 8205 7624 8042 8246 7808 8302 7427 8265 7533 8153 7865 7839 8300 7658 7928 7282 7706 7809 8087 7651 8093 8624 7858 7905 7874 7762 8117 7539 7768 7957 6999 7878 7870 7417 7780 7644 7312 7748 8023 7867 7396 7736 7960 7943 7959 7603 7860 7419 8063 7829 7778 8198 8153 8310 7920 8048 8073 7734 7648 7941 8036 7293 7850 7732 7667 7790 7683 7813 7873 8013 8434 7700 7511 7745 7892 7044 7560 7863 7973 7386 7812 7737 8243 7963 7734 8071 7904 7572 7987 8050 7768 8278 7753 8029 7746 8222 7300 7815 7860 8165 7932 7652 7607 7497 8160 8065 8560 7454 7488 7707 7423 7580 7954 7924 7542 7729 7680 7957 7985 8036 7653 7845 7913 7727 7748 8118 7652 7745 7569 7572 7851 7488 8105 8067 7754 8028 7370 7898 7957 8237 8389 7834 7976 7677 7664 7857 7925 7927 8122 8413 
7796 8368 8722 8445 9183 8143 9115 8406 8307 8107 8385 8423 8038 8873 8615 8570 9174 8704 8631 8527 8915 8128 8525 8731 8734 8323 8381 8657 8461 8552 8439 7941 8275 8617 8746 8578 8312 8349 8513 8528 8417 8813 8505 8448 8223 8069 8756 8496 9009 8345 8490 8612 8526 8301 9168 8928 8548 8864 8853 8477 8316 8894 8605 8382 8470 8648 8573 8737 8882 8777 8927 9324 7964 8818 8277 7992 8499 8591 8828 7899 8283 8866 8683 8656 8671 8264 8831 8313 8670 8379 8423 8375 8805 8278 8617 9052 9125 9004 9048 8463 8546 8921 8305 9049 8462 8804 8865 8761 8385 8504 8670 8731 8209 8110 8781 8516 8015 8009 8541 8758 8489 8488 7836 8493 8455 9129 8204 8426 8826 9076 8441 9021 8474 8598 8512 8518 8287 8416 8855 8403 8129 9027 8603 7467 8566 8663 8382 9504 8376 8688 8109 8514 9138 8576 8455 8811 8637 8426 8251 8709 8812 8779 8506 8798 8677 8550 8763 8545 8203 8426 8859 9123 8689 9176 8855 8517 8272 8377 8425 8412 8939 8349 8100 8225 7923 8774 8678 8617 8407 7969 8593 8255 8635 8480 8978 8656 8726 8923 8703 8646 8426 8859 8642 8266 8312 8740 8561 8847 8757 8706 8469 8185 9265 8565 8528 8282 8328 8326 8426 8561 8831 9515 9188 8972 8218 8628 7937 8532 8542 8209 8167 8975 8318 8315 8340 8139 8208 9053 8746 8774 8246 7994 8249 8773 8490 8739 8247 8327 8429 8359 8429 8461 8725 9122 8613 8778 8524 9025 8596 8752 8349 8436 8578 8382 8549 8135 8392 8398 8730 8375 8840 8759 8648 8344 8534 8540 8781 8636 8611 8919 8031 8464 8941 8139 8195 8133 8145 8608 8788 8631 7915 8497 8812 8774 8915 8454 8558 8751 8750 8777 8482 8310 8480 8956 8489 8358 8685 8633 8923 8730 8562 8142 8355 8660 8409 8133 8110 8516 8750 8366 9250 8502 8680 8617 8611 7436 8018 8523 9116 7800 8667 8505 8614 8840 8454 8715 8970 8484 8772 8572 8498 8589 8285 8614 8559 8774 8307 8560 8578 8862 8780 8345 8438 8685 9080 8908 8900 8255 8251 8467 8428 8734 8432 8443 8453 8128 8302 9011 8866 8884 8674 8235 8333 8252 8554 8604 8726 8701 7856 8426 8299 8350 8604 8603 8940 8766 8136 8257 8778 8753 8845 8169 8901 8306 8533 8391 8391 8632 8946 9383 
7057 7892 8059 7880 8409 7741 8446 8128 7805 7796 7857 7993 7466 8277 8225 7938 8293 8200 7790 7848 8388 7727 7567 8217 8329 8103 7684 8159 8008 7885 7631 7523 8144 8165 8497 8117 7643 7840 7819 7873 7939 8199 8025 7776 7752 7686 8091 7539 8079 7806 7652 7833 7937 7692 8211 8279 7788 8287 8511 7943 7798 8082 8072 7843 8093 7821 8135 7975 8187 8299 8093 8339 7373 8410 8098 7818 7980 7820 8024 7483 7772 8221 8015 8047 8279 8057 8108 7941 8041 7849 7826 7973 8270 7471 7861 8338 8356 8236 8340 7926 8164 8605 7838 8219 7770 8300 8480 7891 7440 8163 8201 8288 7408 7285 8485 7871 7517 7796 7700 8116 7965 7773 7499 7529 7701 8712 7976 7744 8419 8324 8061 8156 7859 8021 7872 7741 7920 8398 8301 8113 7900 8206 7999 7251 7950 7937 7820 8517 7874 7831 7663 8097 8272 8135 8223 8018 8125 7746 7389 8060 8349 7947 7758 7809 7749 7826 7849 7743 7868 8265 8544 8371 7847 8751 7950 7956 7863 7882 7864 7670 8302 8067 7832 7960 7985 8359 8239 8278 7937 7237 8319 7417 7975 7915 8561 8090 8231 8593 7800 8012 7944 8261 7967 7477 8109 8088 7647 7767 8095 8304 7906 7579 8514 8000 7923 8100 8153 7765 8250 8175 8107 8512 8337 8220 7963 8333 7593 8021 8016 7444 7762 8379 7488 7954 8124 7521 7797 8311 8042 8173 7995 7836 7618 7928 7656 8374 7825 7899 7928 8241 8439 7893 8192 8371 7888 8147 7953 8130 8020 7976 8076 8234 8202 8296 8365 7787 7955 8043 8109 7909 8248 8351 8150 7744 7892 7900 8362 7681 8207 8218 7504 7926 8288 7641 7846 7724 7815 7954 8189 8019 7607 7607 8258 7996 7867 8035 7959 7934 8173 7530 7770 7869 7868 8169 8491 8215 8154 7945 8232 8236 7998 7394 8256 8059 7695 7609 7280 7838 8440 7909 8648 7739 7905 7679 7933 7490 7684 7911 8351 7545 7739 7851 8019 7948 7667 8002 8295 8073 8581 8568 7901 8019 7648 8371 7901 7849 7767 7967 7966 8277 8372 8035 7942 7851 8336 8248 8349 7754 7726 7886 7573 8015 7977 8331 7600 7882 7912 8290 8125 8094 8009 7835 7880 7782 8046 8248 7755 7983 7511 7869 7748 7644 8100 7971 8295 8375 7657 8000 8203 8096 8426 7878 8203 7427 7813 7847 7763 7956 8340 8343 
7683 8631 8523 8470 9039 8062 8931 8281 8305 8362 8143 8290 7931 8786 8661 8348 8679 8392 8069 8311 8976 8307 8220 8520 8558 8488 7960 8419 8365 8743 8103 7884 8559 8428 8704 8659 7978 8000 8486 8460 8492 8945 8202 8187 8319 8015 8735 8178 8460 8097 8142 8146 8596 8422 8999 8674 8254 8850 8725 8095 8140 8649 8097 8466 8906 7927 8559 8288 8738 8413 8505 8704 8080 8687 8162 7798 8291 8354 8846 7789 8391 8656 8706 8116 8505 8265 8353 8269 8867 8370 8501 8589 8650 8141 8223 8628 9127 8829 8730 7992 8665 8759 8390 8833 8619 8503 9018 8323 8100 8269 8425 8678 8104 8072 8994 8308 7742 7795 8473 8613 8260 8216 7759 8297 8171 9078 8242 8070 8558 8800 8513 8579 8284 8508 8264 8116 8564 8241 8628 8118 7954 8586 8113 7860 8494 8476 8615 8663 8058 8135 8102 8365 8860 8598 7987 8792 8679 8145 8026 8336 8637 8310 8573 8307 8599 8501 8984 8463 8442 8129 8389 9043 8132 8844 8347 8258 8234 8627 8170 8414 8728 8216 8097 8578 8330 8404 8272 8914 8339 7666 8587 7800 8488 8318 9276 8448 8567 9341 8433 8538 8284 8797 8430 8261 8304 8956 7980 8353 8688 8542 7991 7844 8798 8627 8356 8044 8470 7990 8471 8285 8525 9048 8891 8424 8282 8689 8184 8501 8442 7931 8424 8334 8079 8153 8392 7823 7919 8676 8492 8432 8594 7786 7725 8530 8532 8692 8389 8569 8232 8445 8801 8282 8512 9101 8337 8748 8146 8887 8479 8590 8461 8443 8534 8344 8863 8373 8149 8300 8752 8363 8572 8770 8731 8289 8554 8204 8947 8335 8290 8592 7946 8315 8549 8079 8307 7906 8227 8224 8933 8676 7659 8233 8458 8452 8819 7950 7928 8805 8962 8279 8123 8161 8139 8790 8488 8847 8366 8231 8444 8716 8557 8157 8393 8620 8173 8219 8266 8132 8479 8289 9081 8252 8427 8545 8133 7574 8024 8285 8647 7840 8359 8091 8720 8658 8308 8047 8886 8486 8866 8714 8442 8561 8068 8774 8602 8585 7948 8217 8409 8581 8406 8428 8387 8392 8971 8404 8783 8068 7938 8309 8153 8708 8347 8647 8246 8095 8226 8739 8573 8226 8282 8544 8232 8123 8942 8818 8650 8379 7886 8190 8618 7921 8648 8295 8385 8531 7803 8167 8419 8708 8872 8214 8623 8323 8553 8516 8491 8574 8627 9060 
7809 8210 8560 8324 8649 8009 9063 7861 8025 8021 8586 8249 7666 8958 8705 8127 8555 8710 8063 8246 8925 8109 8540 8763 8582 8531 7859 8612 8421 8353 8247 7975 8103 8405 8618 8846 7968 7909 8312 8259 8377 8529 8378 8263 8197 7849 8778 8010 8613 8248 8092 8204 8773 8110 8582 8569 8211 8566 8515 8186 7712 8699 8140 8253 8723 8249 8783 8549 8681 8648 8554 8644 8021 8544 8431 7841 8186 8442 8517 8018 8120 8845 8365 8335 8655 8108 8585 8017 8462 8180 8064 8378 8410 7954 8364 8769 8681 8803 8727 8056 8348 8376 8445 8828 8247 8391 8714 8592 8548 8629 8116 8521 7983 7810 8997 8494 8064 7874 8197 8630 8375 8424 7950 8463 8315 9281 8421 8137 8673 8727 8245 8418 8162 8425 8118 8285 8360 8457 8653 8375 7905 8762 8314 8098 8321 8684 8301 8788 7998 8420 8091 8347 8712 8702 8252 8499 8490 8378 8265 8541 8476 8488 8569 8177 8228 8867 8628 8257 8407 8038 8863 9084 8095 8997 8727 8661 8185 8570 7979 8716 8975 8130 8383 8236 8077 8705 8643 8936 8299 7571 8809 8030 8352 8175 8991 8679 8478 8661 8381 8152 8246 8738 8521 8007 8555 8528 8230 8155 9051 8743 8078 7918 8646 8469 8391 8397 8463 8142 8454 8142 8221 9154 8855 8548 8266 8893 7796 8405 8310 8048 8315 8477 8060 8477 8201 8118 7808 8726 8764 8530 7848 7871 8062 8825 8517 8457 8152 8460 8071 8533 8826 8409 8604 8698 8730 8291 8099 8833 8308 8222 8487 8570 8664 8239 8761 8317 8134 7684 8556 8449 8574 8564 8662 8506 8242 8213 8974 8355 8428 8563 7829 8225 8722 7843 8361 8178 7961 8458 8559 8285 7642 8275 8579 8268 8635 8100 8254 8472 8797 8324 8303 8159 8349 8969 8530 8699 8300 8544 8550 8478 8688 7881 8423 8307 8369 8258 8117 8478 8543 8360 8872 8416 8362 8167 8134 7828 8387 8195 9244 8090 8051 8350 8352 8503 8358 8465 8768 8203 8700 8719 8384 8456 7932 8926 8192 8557 7972 8306 8374 8715 8636 7987 8418 8216 8883 8408 8734 8019 8268 8233 7990 8295 8424 8606 7999 8209 8339 8725 8671 8355 8478 7937 8296 8373 8350 8557 8223 8524 7992 8381 8658 7731 8582 8516 8192 8547 7583 8443 8534 8663 8346 8291 8784 7982 8465 8287 8326 8451 8433 8877 
7278 8070 7715 7641 8118 7748 8275 7600 7473 7424 7821 7817 7452 8367 8188 7658 8260 7701 7577 7814 8149 7437 7686 8342 8108 7886 7552 8197 7929 7992 7377 7578 7885 7830 8288 7904 7213 7872 8075 7660 7805 8017 7946 7887 7528 7961 8099 7692 7672 8121 7474 7798 8111 7614 8036 8199 7498 8369 8149 7607 7348 8396 7966 7646 7965 7626 8189 8102 8583 8114 8091 7912 7695 8364 7578 7313 7915 7833 8111 7279 7871 8363 7802 7877 7884 7760 7834 7606 7935 7701 7683 7840 8099 7832 7576 8642 8428 8084 8324 7631 7799 8476 7733 8363 7527 7895 8297 8021 7860 7545 7973 7844 7588 6831 8549 7540 7390 7531 7257 7852 7888 7776 7433 7530 7870 8349 8131 7409 8038 8338 8196 7810 7930 7431 8067 7766 7813 7897 7621 7988 7688 8052 7797 7119 7660 8191 7774 8289 7542 7866 7521 7906 8219 8306 7602 8055 7720 7634 7472 7972 8233 7916 8122 7747 7992 7864 8099 7722 7832 7823 8060 8439 7626 8237 8107 8101 7945 7848 7416 7728 8368 7827 7666 7834 7646 7871 7764 8065 7923 7088 8181 7631 7734 7842 8519 7777 7897 8316 8073 7781 7850 8309 7847 7235 8060 8146 7687 7777 8011 8097 7669 7638 8133 8044 7628 7662 7725 7574 7974 7430 7924 8403 8395 8199 7659 8040 7491 7870 7986 7654 7869 8132 7767 7791 7670 7526 7060 8424 8549 7952 8105 7597 7585 8078 7996 8328 7713 7893 7778 8231 8353 7983 7951 8017 7948 8015 7782 8221 7861 7940 7917 7750 8238 8095 8231 7710 7963 7972 8166 7986 8248 8102 8125 7992 8098 7551 8178 7485 8082 8136 7378 7508 8360 7914 7977 7471 7416 8023 8228 7968 7420 7637 8149 7710 7854 7707 7722 8167 8292 7612 7703 7776 8010 8109 8033 7889 7947 7882 7816 8024 7809 7439 7969 7715 7343 8063 7448 7864 7692 7784 8494 7999 7717 7772 7864 7329 7898 7788 8295 7189 7660 7516 7921 7927 7724 8309 7916 7955 8133 8233 7979 7845 7600 8211 7410 8447 7400 8030 7794 8357 8085 7956 7607 7623 8175 7753 7857 7649 7385 7930 7517 7824 7797 8249 7671 7669 7800 8300 8188 7736 8027 7961 8109 7874 8236 7771 7893 7874 7300 7665 7877 7366 8170 7571 7927 8130 6971 7750 7719 8240 8176 7627 7972 7699 8135 7880 7971 8222 8313 8228 
6917 8318 8368 7795 8461 7687 8448 7871 7819 7440 7575 7720 7325 8151 8121 7962 8156 7966 7610 7843 8382 7525 7618 8256 8266 8123 7560 7952 8003 8332 7846 7322 7978 7653 8042 7982 7534 7730 8021 8136 7870 8247 8048 7777 7473 7663 8189 7621 7732 7941 7554 7807 7940 7812 8552 8017 7862 8546 8182 7807 7919 7909 7820 8182 8173 7512 7776 8182 8305 8054 7854 7980 7405 8071 7734 7477 8155 8163 8098 7468 7452 8162 7886 8210 8123 7890 7709 7676 8662 7507 7496 7880 8306 7726 7786 8337 8209 8258 8415 7950 7913 8587 8081 8457 7850 7886 8752 8030 7233 8052 7687 8123 7565 7664 8552 7762 7431 7474 7690 7766 7739 7930 7057 7841 7803 8601 7559 7485 8070 8405 7885 7999 7809 7704 7764 7677 7593 7687 8152 7659 7699 7896 7659 7106 7907 8258 8054 8510 8042 7960 7735 8028 8309 8144 7576 8100 8215 7877 7730 8127 7894 8018 7803 7500 7712 7750 8275 7748 7667 7890 7868 8260 7957 8352 8097 7809 7575 8191 7470 8049 7832 7785 7542 7743 7747 7984 8253 8219 8172 7508 8147 7256 7946 7979 8586 7639 7996 8515 7624 8013 7973 8235 7708 7390 7748 8049 7652 8012 8126 7863 7562 7575 8203 8315 7783 7817 7891 7500 7686 7789 8219 8606 8677 8060 7835 8219 7827 7856 8098 7469 8127 7801 7536 7775 7691 7426 7501 8132 7953 7648 7755 7790 7273 8011 7856 8019 7663 7783 7754 8147 7895 7512 7839 8231 8095 8212 7636 7992 8102 8062 7930 8003 7954 7953 8022 7522 7760 7611 8182 7840 8176 8433 7902 7888 8055 7740 8234 7928 7783 8313 7130 7516 8043 7482 7870 7591 7577 8246 7863 7966 7162 7679 7893 8176 8334 7725 7425 7936 8239 7560 8079 7751 8020 8249 8275 8111 8187 7869 8048 8121 8049 7018 7872 8015 7691 7703 7585 7908 8087 8153 8633 7955 8131 7684 7983 7128 7941 7988 8215 7584 7571 7913 7991 7917 7975 7737 8034 7821 8223 8307 8108 8257 7564 8253 8000 8067 7749 7857 8069 8035 8176 7985 7928 7618 8226 8035 8200 7840 7731 7885 7512 7416 7879 8203 7541 7879 7624 7998 8219 8087 7954 7642 7947 7608 8167 8114 7910 7934 7174 7748 8268 7564 8021 8011 8278 8068 7664 7859 7905 8273 8228 7702 8106 7436 7752 7610 7909 7875 8235 8226 
7400 7996 8125 7724 8546 7561 8513 8107 7942 7870 8026 8025 7609 7972 8351 8132 8553 7978 8025 8052 7925 7887 8033 8571 8743 8426 7749 8365 8007 8531 8025 7642 8134 8169 8424 8301 7835 8082 8203 7998 8352 8409 7704 7926 8084 7740 8313 7953 8335 7884 8005 7926 8462 8104 8108 8118 7924 8360 8492 8121 7833 8221 7986 8013 8259 7945 8304 8286 8160 8331 8087 8571 7571 8639 8067 7568 8324 7863 8225 7489 7949 8231 8482 8160 8106 7862 8408 7852 8295 7962 8017 8008 8256 7791 8006 8704 8337 8541 8740 7892 8153 8496 8049 8432 8244 8426 8658 8212 8010 8205 8299 8356 7509 7734 8878 7590 7663 7639 7659 8190 8259 8130 7492 7731 8017 8676 8248 7918 8314 8353 8198 8297 8333 7751 8047 8185 8003 8006 8480 8172 7768 8229 8052 7503 8301 8317 8076 8737 7772 8239 7689 7898 8398 8528 7815 8150 8247 7908 7742 8181 8265 8039 8321 7759 8028 8176 8136 8022 8119 8214 8582 8217 7554 8722 8329 8244 7782 8340 7781 7798 8559 8098 7678 8297 7902 8000 8542 8500 7763 7312 8427 7615 8302 8061 8928 8050 8661 8425 8411 8205 7927 8395 8095 7477 8284 8285 7909 8022 8496 8630 7758 7691 8723 8495 8085 7924 8098 7864 8331 7962 8358 8823 8423 8249 7951 8293 7732 7946 8128 7792 8084 8171 7542 8001 7956 7464 7702 8412 8112 8263 8056 8032 7515 8186 8411 8405 7908 7832 7802 8450 8036 8123 8430 8452 8194 8360 8228 8357 8152 8249 8121 8096 7956 8056 8650 7513 7753 7993 8137 7876 8451 8488 8245 7940 7956 7895 8449 7927 8155 8279 7475 7947 8258 7738 7891 7759 7724 8094 8117 8060 7973 7716 8199 8043 8306 8174 7972 8140 8685 8135 7906 7777 7837 8597 8325 7955 8622 8192 7993 8153 8280 7448 8044 7659 8013 7840 7881 7894 8140 8099 8727 8014 8172 7928 7938 7593 7775 7793 8388 7765 7969 7845 8202 8234 7825 8342 8049 8122 8673 8199 8332 8010 7963 8865 7934 7965 7386 8211 7835 8281 8496 7872 8171 7718 8798 8401 8674 8215 7652 8072 7630 8262 7983 8213 7841 7888 7912 8417 8438 8038 8160 7760 7962 7845 8396 8550 7959 7883 7404 8033 8105 7626 8378 8140 8163 8277 8024 8044 8016 8280 8156 7826 8274 7877 8119 8148 8278 8143 8367 8761 
7083 7890 8008 7506 8186 7793 8476 8068 7883 7327 7599 7395 7190 8151 7971 7922 8098 8012 7796 7822 8089 7037 7866 8167 8403 8119 7498 8385 8264 8071 7755 7210 7678 8243 8240 8311 7940 7837 8192 7876 7806 7702 7705 8210 7777 7469 8112 7826 8093 7748 7413 7649 8228 7777 8252 8535 7521 8276 8404 7836 7619 8095 7940 7547 8322 7932 7948 7965 8260 8222 8055 8370 7588 8161 7556 7602 8150 7672 8296 7543 7771 8253 7649 7999 7909 7739 7968 7818 7936 7735 7592 7968 7916 7567 7733 8283 8485 8350 8195 7903 7903 8344 7588 8145 7944 8210 8334 8252 7617 8026 7752 8031 7381 7585 8564 7787 7587 7422 7370 7893 7632 7994 7402 7495 7662 8368 7798 7669 8282 8508 7808 8047 7972 7716 7961 8045 7707 8122 8423 7886 7501 8031 7751 7328 8218 8243 7705 8853 7491 7999 7681 8103 8345 7810 7731 7719 8027 8072 7564 8029 8004 8154 8098 7967 7877 7722 7986 8244 7891 8016 8258 8265 7810 8396 8318 8005 7932 7845 7791 7792 8354 7806 7559 7865 7640 8160 8411 8518 7979 7310 7976 7558 7750 8144 8765 8032 8369 8598 8178 7945 7721 8043 7768 7501 8324 7810 7802 8134 8364 8104 7502 7612 8342 8023 7440 7944 7999 7826 7940 8104 7695 8489 8689 8143 7927 8139 7580 7831 7678 7766 7834 8195 7635 7731 7636 7490 7540 8170 8043 7803 7890 7857 7506 8342 7689 8149 7670 7738 7829 8153 8417 7663 8108 8273 7784 8101 7571 8147 7849 7765 8527 7973 8361 8211 8244 7630 7655 7504 7916 7634 8432 8192 8194 8241 7661 7718 8454 7532 7772 8181 7426 7581 8345 7517 7843 7541 7679 7755 7965 7820 7172 7834 7656 7673 8183 7936 7855 7642 8258 7790 7780 7859 7874 8708 8100 7989 8031 8233 8020 8015 8154 7372 7742 7674 7523 7888 7854 7989 7799 8001 8562 7728 7931 8020 8068 7512 7913 7808 8304 7521 7931 7582 7601 7990 7944 8436 8094 7884 8285 8299 7683 8043 7597 8255 7643 8312 7488 7786 8144 7926 8260 7897 7693 7730 8354 8028 8419 7627 7603 7816 7881 7956 7950 8275 7503 7611 7886 8200 8040 8291 8066 7637 7771 7847 8371 8068 7717 7918 7460 8098 8262 7398 7982 8027 8195 8242 7434 7713 8338 8252 8113 7571 7874 7580 7911 8026 7930 8255 8023 8454 
7415 8161 8628 8423 8612 8326 9042 8291 8192 8134 8363 7974 8038 8835 8620 8059 8685 8447 7988 8248 8810 8002 8345 8755 8691 8411 8058 8747 7945 8628 7952 7586 8380 8155 8627 8459 7895 7947 8207 8204 8283 8658 8099 8293 8109 8171 8460 8376 8441 8557 7835 8485 8569 7975 8745 8782 8159 8742 8709 8000 7958 8466 8005 8264 8745 8280 8539 8222 8652 8788 8658 8817 7629 8748 8393 7772 8628 8044 9154 7925 8221 8676 8551 8341 8394 7811 8242 8144 8416 7929 7931 8440 8459 8055 8048 8752 8446 8655 8741 8228 8364 8920 8038 8811 8367 8257 8687 8478 8032 8470 8653 8665 7888 7932 9018 8279 7984 8095 8021 8486 8015 8194 7777 7895 8227 8686 8563 8088 8698 9041 8739 8591 8347 7922 8368 8539 8004 8320 8324 8560 8064 8526 8397 7797 8522 8653 7995 8813 8110 8219 8049 8147 8347 8738 8286 8360 8673 8330 7951 8287 8335 8398 8474 8526 8145 8591 8606 8151 8308 8502 8542 8828 8141 9040 8410 8593 8171 8613 8013 8593 8757 7865 7851 8326 7801 8344 8600 8761 8472 7516 8335 7692 8518 8351 8942 8540 8872 8856 8356 8701 8164 8950 8382 7906 8124 8244 8204 8104 8340 8469 8027 8025 8748 8548 7989 7989 8377 8209 8518 8279 8533 9033 8811 8316 8257 8772 8040 8234 8186 8220 8437 8399 8139 8030 8111 7635 8155 8597 8859 8296 8322 8321 7975 8521 8393 8463 8105 8379 7903 8753 8736 8151 8598 8880 8586 8254 8099 8524 8037 8834 8370 8404 8802 8289 8680 8266 8290 8182 8162 7817 8349 8730 8454 8102 8395 8383 8871 8090 8470 8396 7860 8243 8425 7926 8326 7846 7887 8477 8650 8239 7743 8361 8610 8059 8632 8255 8304 8626 8783 8257 8220 8448 8083 8508 8677 8495 8378 8458 8333 8623 8386 7713 8249 8242 8389 8108 8174 8198 8280 8341 9122 8331 8140 8111 8314 7461 8064 8225 8824 7696 7875 8068 8353 8602 8234 8659 8430 8306 8560 8437 8499 8452 8169 8730 8191 8467 7606 8546 8521 8884 8597 7794 8344 8312 8597 8439 8797 8008 8314 8145 8064 8234 8247 8232 8024 7904 8509 8699 8570 8430 8291 8020 8352 8493 8280 8471 8270 8399 7773 8406 8428 7860 8976 8470 8086 8435 7696 8361 8767 8570 8412 8182 8562 7569 8663 8572 8377 8554 8245 9090 
7072 7985 8208 7670 8226 7542 8453 7702 7753 7904 8019 7528 7568 8329 8309 7898 7985 8036 8058 7671 8289 7365 7842 8097 8241 8304 7834 7748 7992 8060 7791 7446 7808 7854 8116 8028 7743 7590 7901 7927 8023 8213 7961 8054 7496 7816 8360 8131 8078 7962 7824 7713 8109 7608 8445 8146 7548 8378 8340 7832 7684 8108 7946 7886 8123 7994 8102 8034 7872 7988 8264 8211 7407 8307 7798 7593 8086 7794 8307 7345 7850 8252 7960 7984 8127 7644 8123 8010 8098 7682 7977 7935 7911 7852 7959 8471 8324 8326 8381 7611 8017 8356 7643 8187 7860 8284 8523 7570 7609 7912 7961 7989 7862 7435 8567 7790 7207 7740 7657 8224 7500 8019 7396 7571 7767 8330 8039 7889 8250 8284 8154 8133 8061 7801 8064 8027 7859 8083 7989 7835 7831 7922 8076 7182 7866 8159 7785 8500 7724 8067 7592 8032 8058 7822 7952 8090 8165 7742 7624 7989 8443 8004 7902 7958 7656 8177 7984 8029 7902 7903 8397 8439 7716 8593 8169 7879 8018 8256 7889 7907 8230 8076 7907 7755 7830 8296 8131 8581 7825 7423 8324 7367 7835 7891 8481 7823 8544 8439 8283 8035 7611 7946 7575 7493 8045 8130 7851 7594 8282 7862 7758 7788 7969 8324 7685 8046 8003 7455 7932 8049 8278 8599 8426 8285 8135 8170 7765 7755 7985 7818 7949 7877 7590 7619 7767 7518 7637 8394 8030 8035 8099 7724 7795 7963 8004 8250 7818 7807 7741 8312 8327 7933 8143 8491 8018 8203 7908 8184 8118 8295 8013 7889 7930 7997 8128 8078 7798 7745 8257 7919 8115 8363 8118 8127 8007 7732 8323 7457 8232 8090 7486 7351 8176 7433 8009 7702 7749 8072 8120 8083 7512 7675 8169 7884 8584 7767 7816 8027 8425 8031 7971 7827 7720 8270 8037 7944 8157 7936 8035 8369 7986 7166 7823 7839 7604 7579 7775 8092 8162 7796 8379 7673 7846 7939 8253 7314 7510 7970 8386 7725 7883 7992 8153 7983 7909 7986 8182 7879 8295 8199 8089 7721 7559 8448 7957 8044 7671 7935 8018 8161 8523 8062 7768 7911 8374 7955 8394 7863 7861 8013 7734 7756 8173 8171 7781 7615 7938 8352 8150 8233 7876 7777 7738 8028 8224 8024 7796 7888 7367 7719 8165 7736 7978 8225 7897 8053 7614 7843 8211 8437 8218 7469 7945 7345 7857 7958 7650 7859 8287 8601 
7206 7682 7956 7831 8503 7545 8455 7838 7667 7577 7879 7724 7475 7942 8051 7886 8009 8180 7616 7612 8275 7589 7427 8215 8380 8363 7588 8050 7685 7709 7281 7055 7706 7824 8108 8062 7539 7994 8050 7735 7737 8039 8063 7744 7515 7497 8109 7578 8125 7740 7746 7793 7940 7680 8516 8069 7511 8281 8049 7709 7821 8073 7567 7559 8305 7851 8090 7877 8010 8316 8154 8169 7482 8003 7785 7423 8317 7736 8422 7304 7622 8164 8129 8021 7931 7636 8152 7685 8057 7673 7841 7876 7981 7567 7821 8012 8220 8430 8059 7743 7962 8482 7906 8035 7796 8115 8495 8274 7146 7829 7750 8032 7420 7514 8323 7861 7189 7527 7660 8162 7987 7969 7576 7471 7629 8411 7757 7662 8093 8503 7621 8133 7663 7546 7661 7899 7800 7677 8248 7811 7627 8023 7820 7076 7953 8124 7401 8341 7695 7878 7692 7536 8256 7921 8057 7942 7941 7752 7950 8039 8245 7918 7771 7795 7586 7794 8003 7823 7942 7997 8018 8228 7418 8219 8160 7966 7716 7833 7858 8230 8188 8028 7522 7930 7676 8077 7966 8380 7944 7429 8157 7187 8101 7785 8389 7824 7887 8447 8057 8182 7603 8339 7729 7836 7561 8138 7750 7823 8271 8124 7567 7470 8170 8201 7737 7648 8088 7751 7687 8057 8058 8415 8589 8237 8115 8272 7578 7809 7941 7743 7798 7977 7774 8082 7762 7349 7702 8238 8223 7764 7743 7691 7523 8254 8035 8032 7765 7460 7713 8248 8075 7818 8283 8396 8017 8034 7770 8027 7866 8375 7808 7887 8063 8072 8084 7854 7755 7954 7864 7763 7874 8509 7873 7800 7940 7756 8186 7997 7752 7947 7138 7740 7865 7600 7759 7673 7506 8063 7918 7896 7331 7806 7916 8011 7880 7506 7947 8408 8194 8037 7919 7752 7633 8042 8154 8089 8295 7697 7975 8133 7918 7013 7914 7359 7787 7492 7556 7960 8264 7689 8766 8118 7693 8038 7776 6977 7338 7981 8495 7693 7649 7964 7954 7990 7995 7753 8220 7739 8339 8438 8024 8159 7520 8219 7786 7873 7270 7778 8071 8365 8072 7978 7800 7841 8223 8047 8045 7784 7735 7850 7576 7876 7741 7885 7705 7669 7980 8034 8344 8089 7850 7591 7996 7729 8009 8105 7875 7807 7404 8123 8095 7663 7995 7888 8135 8322 7537 7948 8215 8171 8179 7786 7711 7412 7910 7823 7874 7716 8301 8300 
7442 7779 8224 7889 8153 7631 8421 7918 7731 7503 7787 7750 7158 8253 7658 7824 8259 8002 7925 7803 8031 7479 7811 8176 8153 7752 7464 7760 7917 8365 7756 7212 7627 7746 8052 7847 7735 7572 7820 7954 7629 8079 7573 8006 7956 7475 8248 7605 8368 8168 7509 7785 7828 7635 8153 7909 7542 8302 8215 8003 7740 8019 8037 7859 8508 7507 8078 7871 8264 8292 7738 8257 7098 8184 7930 7318 8255 7810 8017 7672 8039 8003 8113 8008 8046 7609 7916 7754 8184 7689 7754 7933 8089 7673 7639 8152 8112 8462 8363 7719 7659 8219 7968 8451 7800 7996 8345 8045 7553 7749 7703 8013 7413 7561 8113 7957 7323 7627 7654 8225 7771 7650 7150 7629 7758 8404 7732 7616 8080 8272 7807 8160 7588 7848 7612 7529 7565 7822 7973 8022 7378 8395 7702 7378 7701 8196 7869 8175 7608 7835 7267 7687 8253 7708 7747 8414 7963 7774 7699 7782 7941 8029 7925 7833 8105 7798 8240 7711 7711 7870 8549 8107 7422 8499 7680 8101 7954 7998 7512 7687 8337 7430 7376 7604 7718 8017 8079 8280 7845 6968 7720 6983 8075 8160 8380 8007 7979 8300 8054 7912 7663 8086 7788 7433 7553 8136 7685 7875 8093 7923 7674 7366 8399 8278 7574 7978 8074 7654 7779 8003 7941 8459 8584 7886 7726 7887 7504 8037 8158 7744 7616 7691 7505 7769 7461 7439 7566 8425 8135 7907 7662 7501 7569 8221 7911 7892 7892 7616 7393 8031 8346 7704 8111 8277 7723 8119 7750 8012 7897 7968 7830 7570 8321 8155 8305 7624 7757 7793 7618 7576 8386 7960 8022 7591 8014 7390 8228 7950 7813 8094 7338 7616 8176 7370 7873 7640 7485 7893 7688 7671 7392 7742 7881 7881 8079 7798 7596 8195 8290 7770 7621 7800 7765 8288 7990 8276 7989 7898 8143 8202 8069 7441 7668 8000 7883 7477 7507 7859 8213 7916 8436 8002 7942 8208 8006 7060 7897 7862 8295 7645 7678 7731 7771 7925 7953 7906 8085 8054 8018 8088 8124 8031 7836 8226 7739 7809 7410 7868 7818 8414 8138 7753 7841 7886 8276 8271 8256 7698 7671 7720 7720 7477 7961 7999 7582 7746 7729 8423 8658 7968 8230 7704 8331 7701 7813 8033 7875 8464 7366 7671 8161 7646 8149 8043 7822 7803 7403 7984 8102 7990 8183 7695 8288 7667 7788 7804 7889 7961 8278 8295 
7427 8338 8449 8055 8566 7921 8811 8066 7863 7796 8186 8120 7402 8579 8697 8356 8588 8309 7960 7955 8825 7759 8066 8577 8842 8211 8028 8398 8368 8274 7873 7607 7961 7837 8752 7995 7934 8170 8161 7965 8107 8437 8263 8310 7811 7981 8808 7886 8537 8372 8311 8090 8499 8160 8649 8311 8021 8658 8210 7936 8066 8761 8104 7978 8322 8352 8475 8161 8273 8319 8754 8759 7729 8438 8052 7773 8439 8239 8498 7611 8065 8252 8139 7995 8134 7856 8296 8216 8491 7871 7897 8239 8463 7823 7835 8437 8527 8872 8665 8065 8377 8643 7955 8643 8430 8443 8808 8233 7966 8189 8148 8123 7769 7951 8970 7850 7623 7847 7741 8165 8474 8321 7784 7728 8311 8704 8219 8083 8888 8435 7929 8491 8008 8222 8058 7944 7893 8331 8625 7997 7914 8152 8443 7572 8153 8561 7721 8350 7855 8235 7631 7958 8436 8465 8256 7992 8359 8133 7836 8070 8367 8530 8422 8378 7973 8114 8490 8380 7967 7802 8763 8618 7992 8715 8610 8486 8001 8287 7846 8478 8679 8319 7869 8194 8099 8241 8424 8650 8359 7629 8329 7912 8254 8223 9178 8247 8247 8789 8515 8273 7985 8127 7876 7721 7985 8249 8129 8004 8556 8448 7859 7770 8851 8102 8334 8236 8078 7919 8476 8230 8475 9118 8610 8522 8310 8306 7892 8018 8320 7870 8305 8696 8134 8340 8188 7784 7791 8606 8461 8400 8229 7767 7945 8066 8009 8351 7831 8130 8153 8119 8469 8282 8287 8584 8264 8328 8017 8725 8414 8489 8108 8365 8002 8060 8709 7924 8215 7983 8347 8293 8583 8678 8545 8227 8316 8079 8583 7974 8325 8432 7876 7893 8521 7706 8278 7564 7951 8490 8466 8091 7517 8229 8244 7868 8497 8395 8121 8509 8487 8218 8161 8077 8309 8782 8348 8523 8676 8455 8435 8195 8067 8028 8039 8000 8237 7920 7793 8424 8542 8056 8675 8003 8218 8354 8501 7484 7929 7995 8942 7841 7768 7499 8621 8202 8237 8277 8298 8282 8568 8705 8671 8360 7825 8651 7835 8508 7648 8045 8299 8525 8515 8215 8034 7670 8621 8366 8629 8175 8177 8220 7749 8188 7941 8441 8137 7835 8320 8665 8470 8211 8323 8134 8239 8232 8202 7923 8252 8290 7646 8543 8462 7730 8472 8233 8319 8509 7348 8463 8296 8675 8332 8090 8463 7580 8346 8506 7994 8198 8536 8579 
7483 8396 8615 8234 8624 8239 8814 8095 7925 8130 8040 7746 7710 8837 8620 8500 8667 8723 8331 8291 8651 7703 8329 8564 8651 8631 8042 8552 8367 8768 8150 7813 8547 8103 8936 8436 8031 7873 8181 7929 8124 8679 8029 8678 7680 8238 8690 7890 8596 8371 8094 8109 8709 7985 8775 8731 8209 8443 8508 8431 8185 8730 8231 8118 8568 8228 8675 8321 8995 8490 8494 8777 7749 8510 8010 7659 8528 7823 8532 7994 8043 8376 8243 8372 8279 7980 8234 8121 8639 8081 7935 8283 8502 7865 8032 8961 8615 8565 8736 8225 8207 9006 8452 8591 7974 8558 8845 8363 7866 8380 8112 8446 7961 7726 9108 8182 8027 7736 7938 8509 8367 8555 7745 7841 7994 8507 8090 7968 8681 8730 8311 8747 7990 7996 8151 8339 7932 8718 8742 8333 7907 8508 8308 7651 8216 8592 8189 8872 8186 8287 7832 8287 8577 8438 8346 8725 8399 8436 8176 8202 8615 8747 8164 8312 8232 8329 8528 8235 8199 8466 8746 8769 8113 8877 8513 8510 8080 8438 8193 8684 8686 8355 8179 8242 8041 8478 8491 8358 8222 7307 8660 7992 8710 8205 9086 8318 8250 9087 8329 8501 8471 8723 8329 7573 8293 8460 8163 8132 8496 8849 7884 7949 8503 8382 8022 8443 8230 8496 8241 8204 8483 8905 8664 8660 8397 8717 8002 8040 8443 7761 8383 8437 8200 8214 8095 7634 7668 8898 8608 8330 8315 8294 7695 8621 8403 8724 7747 8358 8249 8316 8514 8155 8596 8846 8344 8545 8396 8742 8092 8449 7879 8409 8806 8203 8570 8362 8282 8009 8532 8176 8751 8723 8648 8301 8222 8204 8679 8193 8098 8657 7668 8011 8207 7991 8241 8041 7753 8542 8438 8199 7860 8243 8667 8071 8209 8422 8262 8513 8676 8417 8435 8487 8330 8681 8626 8454 8771 8468 8435 8171 8387 7618 8395 8159 8143 8331 8099 8251 8350 8169 8945 8214 8248 8322 8377 7649 8102 8237 8739 8237 8209 8196 8514 8221 8223 8511 8642 7988 8768 8458 8401 8171 7921 8431 8383 8459 8095 8152 8427 8810 8684 8180 8057 7953 8480 8467 8870 8351 8024 8426 7938 8280 8364 8265 8126 7974 8057 8424 8658 8593 8227 7684 8089 7984 8343 8291 8152 8243 7974 8271 8437 8106 8237 8305 8214 8782 7492 8458 8477 8702 8613 8012 8637 7690 8539 8086 8071 8522 8636 8967 
7056 7990 8267 8205 8346 7842 8815 7751 7915 7540 7430 7887 7459 8308 8090 8294 8470 8119 7954 7872 8500 7663 8077 8281 8495 8142 7658 8008 8106 8104 7427 7628 8012 7945 8316 8294 7588 7828 8110 8363 8086 8305 7853 7993 7892 7803 8084 7985 8293 8097 7760 7909 8253 7852 8722 8178 8121 8471 8044 7629 7595 8231 8026 7889 8346 7694 8229 8098 8391 8052 7974 8137 7695 8080 7862 7881 7896 7883 8372 7546 7994 8158 8020 8324 7962 7834 8293 7865 8229 7591 7686 8215 8171 7635 8035 8427 8373 8375 8274 7778 7977 8409 7826 8298 8082 8244 8502 8382 7770 7926 8172 8080 7769 7713 8707 8024 7530 7512 8059 8258 8248 8194 7456 7487 7806 8705 8208 7749 8386 8344 7939 8224 8192 7823 8161 8072 7832 7942 8555 8125 7459 8354 8099 7492 8077 7992 7914 8358 7715 7891 7780 7744 8381 8074 8205 8115 8072 7780 7919 8070 8284 8596 8001 8103 7667 7984 8088 8080 8191 7954 8116 8849 7926 8477 8355 8305 8104 7924 7711 8003 8083 7965 7512 7865 7616 7917 7932 8575 8220 7436 8130 7381 7831 8100 8630 8173 8275 8473 8274 8174 7718 8193 7994 7651 8368 8081 7826 7750 8157 8383 7620 7625 8288 8217 8151 7750 7956 7836 8411 8233 8294 8906 8624 8163 7799 8423 8005 8026 8341 7722 8158 8111 8178 8192 7799 7625 7800 8278 8075 8005 7656 7845 7738 8429 8089 8188 7925 8097 7887 8158 8370 8042 8220 8474 8127 8315 7822 8138 8093 8062 8007 8072 8385 7974 8412 7792 8059 7621 8381 7910 8395 8486 8134 7694 7840 7835 8402 7996 7928 8420 7419 7822 8569 7542 7883 7829 7588 7918 8262 8322 7576 7789 8104 7961 8113 8050 7913 8341 8598 7808 8140 7981 7513 8230 8008 8210 8353 8061 8209 8436 8178 7784 8307 7715 7940 7755 7721 8144 8247 7940 8521 7852 7890 8058 7912 7340 8008 8142 8749 7639 8019 7921 8128 8110 8254 8586 8062 8084 8581 8548 7912 8310 7641 8141 8385 8475 7559 7691 8262 8450 8046 7913 7863 8010 8221 8144 8273 7707 7773 8255 7813 8302 7994 8139 7800 7787 8342 8541 8252 8283 8308 7930 8062 7941 7846 8407 8145 8111 7535 7930 8023 7778 8293 7884 8078 8499 7353 7914 7968 8327 8206 7921 8208 7852 7798 8241 7871 8308 8386 8258 
7107 8543 8393 8087 8579 7684 8827 7855 8043 7762 7922 8429 7683 8370 8364 8260 8444 8467 7888 7810 8348 7703 8033 8035 8722 8369 7940 8046 7845 8267 8114 7396 8121 8307 8446 8076 7745 8058 8312 8161 8089 8287 7880 8167 7933 7948 8256 8141 8148 7679 7850 7915 8626 8086 8591 8349 7976 8784 8307 8029 7869 8307 8080 8122 8483 8114 7958 8346 8367 8556 8634 8502 7599 8290 7724 7671 8186 8066 8777 7345 8151 8236 8223 8318 7922 7718 8360 7637 8123 7919 7909 8213 8459 7722 8036 8273 8619 8509 8581 7940 8244 8307 7848 8452 8426 8254 8577 8318 7868 8444 8193 8456 7453 7809 8783 7918 7547 7811 7988 8315 8265 8205 7796 7687 8059 8988 8296 7536 8466 8818 8260 8462 8199 7673 8168 8038 8034 8074 8230 8179 7852 8279 8220 7645 8386 8441 8225 8609 8093 7679 7935 8452 8459 8172 8184 7973 8283 8102 7704 8111 8496 8279 8186 8139 7963 8013 8370 8364 8356 8066 8476 8807 7760 8796 8569 8195 8051 7978 7701 8380 8373 8089 7865 8095 7771 8080 8135 8510 8115 7477 8224 7888 8146 8118 9045 8211 8240 8546 8372 8159 8125 8289 8234 7426 7847 8340 8027 8377 8479 8484 7804 7708 8334 8173 7972 7870 8100 8061 8188 8375 8140 8832 8738 8323 8186 8178 7682 7970 8310 7865 8029 8069 7867 8122 7928 7268 7789 8329 8347 7986 8238 8130 7690 8290 7789 8042 7972 8073 7794 8338 8554 8256 8024 8361 8232 8414 7716 8371 8101 8511 8108 8263 8458 8069 8528 7969 7632 8301 8492 8153 8292 8680 8356 8078 8193 8141 8601 7923 7880 8423 7640 7739 8493 7708 7931 8003 7936 8275 8534 8025 7434 7845 8103 8027 8444 7910 8034 8179 8473 8125 7943 8283 8213 8604 8685 8310 8340 8393 8391 8342 8047 7807 8018 8478 8095 8276 7718 8325 8545 8041 8946 8266 8212 8154 8229 7183 8162 8072 8748 7868 7894 8183 8612 7984 8111 8287 8503 8000 8534 8348 8299 8100 7970 8436 8062 8551 7639 8377 8087 8457 8254 7906 8055 8203 8378 8446 8430 7882 7874 8060 7660 8260 7983 8389 7925 7940 8156 8491 8265 8315 7599 8151 8188 8182 8193 8159 8382 8356 7430 8103 8388 7699 7936 8069 8441 8368 7609 8313 8089 8584 8247 8117 8219 8079 7998 8216 8063 8055 8453 8534 
7525 8743 8684 8456 9137 8218 9018 7986 8433 8382 8640 8244 8007 8782 8823 8515 8838 8748 8461 8343 8333 8103 8758 8660 8833 8480 8218 8723 8188 8740 8353 8040 8205 8546 8471 8577 8228 8192 8571 8440 9020 8814 8294 8637 8602 8313 8893 8350 8762 8465 8112 8400 9026 8195 8954 8753 8113 8708 8987 8568 8228 8730 8477 8542 9148 8642 8783 8778 8795 8719 8488 8896 8249 8663 8182 8113 8762 8540 8833 7835 8125 8693 8336 8561 8522 8400 8648 8343 8930 8649 8431 8451 8793 8115 8440 8989 8936 8955 8762 8275 8377 9041 8169 8662 8672 8714 8957 8639 8383 8769 8698 8519 8487 8143 9393 8299 7852 8588 8016 8899 8350 8300 7965 8497 8445 9093 8383 8279 8734 8790 8886 8956 8342 8274 8362 8751 8456 8487 8803 8634 8303 8789 8552 7893 8534 8687 8439 9035 8263 8545 8310 8517 8879 8945 8566 8707 8792 8583 8338 8515 8863 8256 8440 8385 8604 8449 8494 8448 8495 8458 8721 9053 7997 9284 8403 8824 8611 8982 8379 8330 8823 8548 8308 8573 8379 8367 8225 9135 8889 7640 8777 8022 8299 8661 9341 8759 8865 9453 8863 8680 8431 9098 8374 8047 8320 8634 8549 8982 9079 8656 7953 8059 8801 8968 8246 8323 8456 8299 8924 8531 8627 9251 9243 8577 8367 8454 8246 8332 8485 7943 8401 8805 8146 8202 8461 7701 7923 8974 8740 8492 8460 8595 8226 8864 8327 8542 8274 8491 8593 8764 8931 8536 8859 8928 8408 8666 8414 8874 8302 8664 8481 8411 9266 8394 8599 8160 8399 8572 8319 8132 8664 8964 8593 8747 8697 8154 8783 8247 8352 8495 8308 8226 8691 8128 8418 8351 8353 8167 8477 8419 7878 8608 8648 8473 9024 8273 8166 8411 8781 8411 8296 8505 8494 8644 8700 8504 8439 8655 8851 8579 8767 7877 8477 8558 8487 8314 8443 8715 8527 8808 9383 8612 8378 8278 8571 7994 8310 8103 8820 8171 8525 8293 8590 8448 8395 8531 8890 8728 9054 8917 8421 8667 8192 9037 8100 8738 7983 8577 8449 9081 8826 8293 8282 8236 9021 8817 8676 8443 8154 8266 8001 8421 8370 8661 8161 8541 8392 8839 8914 8427 8472 8273 8697 8601 8604 8700 8351 8438 7860 8277 9026 8216 8459 8234 8480 8711 7987 8430 8773 8684 8761 8353 8362 8517 8339 8637 8622 8697 8899 9063 
7863 8420 8711 8367 8775 8203 9143 8267 8213 8327 8704 8085 7798 8688 8946 8782 9176 8609 8357 7926 8795 8293 8394 8941 8601 8299 7973 8298 8267 8691 7676 7866 8675 8402 8513 8474 8152 8062 8564 8265 8516 8827 8595 8256 8001 8197 9040 8026 8629 8675 8219 8246 8711 8003 9417 8593 8218 8887 8548 8428 8237 9116 8520 8352 8539 8451 8863 8434 8646 8724 8643 8887 8078 8738 8555 8074 8840 8410 9067 8166 8137 8747 8332 8489 8319 7941 8457 8294 8666 8293 8286 8409 8676 8239 8405 8825 9043 8955 8744 8161 8548 8794 8208 9014 8480 8478 8743 8616 8098 8315 8390 8300 7919 7803 9402 8203 7923 8015 8223 8664 8340 8555 8276 7924 8330 9444 8170 8355 8702 8836 8655 8637 8222 8327 8233 8631 8158 8905 8862 8468 8279 8658 8630 7617 8261 8716 8046 8767 8221 8550 8218 8334 8675 8995 8083 8685 8889 8174 8292 8536 8784 8578 8626 8517 8271 8723 8831 8102 8409 8346 8621 9248 8320 9174 8710 8708 8361 8759 8362 8689 8914 8513 7935 8048 8362 8414 8725 8695 8716 8079 8573 7948 8559 8344 9033 8023 8505 9037 8363 8956 8924 8607 8390 7666 8287 8465 8335 8315 8632 8788 7919 7870 8843 8500 7991 8453 8365 8396 8791 8269 8763 9221 8916 8740 8341 8524 8144 8343 8718 7880 8589 8895 8277 8427 8446 8178 7980 8812 8483 8365 7991 8359 7911 8531 8226 8650 8531 8791 8407 8783 8660 8160 8519 8650 8380 8637 8395 8781 8408 8565 8787 8732 8519 8608 8727 8175 8316 8196 8597 8491 8616 8558 8703 8529 8463 8159 8898 7894 8642 8932 7813 8479 8724 8222 8360 8145 8228 8854 8810 8692 7604 8171 8647 8597 9022 8285 8382 8692 8841 8432 8398 8475 8281 8661 8532 8659 8861 8324 8656 8780 8403 8119 8708 8014 8470 8068 8053 8523 8769 8256 9270 8458 8348 8500 8147 8093 8298 8401 9024 8154 8554 8392 8521 8587 8608 8787 8570 8152 8784 8846 8376 8533 8025 9031 8361 8818 8106 8472 8465 8767 8545 8435 8177 7974 9094 8858 8793 8412 8033 8647 7962 8114 8129 8629 8422 8536 8407 8685 8684 8404 8336 8089 8567 8465 8481 8544 8488 8591 8084 8319 8567 8127 8284 8476 8648 8421 7921 8394 8380 8727 8572 8391 8627 8103 8326 8784 8229 8555 8659 9264 
6859 7452 7468 7212 7732 7226 7839 6785 7381 6987 7281 7046 6905 7955 7606 7406 7542 7814 7067 7445 8013 7339 7212 8065 7787 7506 7219 7704 7673 7466 7378 7122 7199 7518 7934 7469 7198 7336 7351 7260 7533 7540 7599 7111 7418 7254 7509 7187 7534 7453 6895 7308 7696 7220 7906 7588 7397 7727 8024 7405 7196 7533 7218 7272 7648 7562 7541 7469 7707 7604 7819 7733 7172 7582 7438 6756 7551 7559 7455 7013 6995 7551 7492 7449 7469 7511 7690 7220 7490 7404 7139 7460 7759 7111 7357 7699 7835 7581 8038 7275 7781 7736 7264 7689 7452 7657 7969 7436 7267 7439 7530 7648 6891 7099 7809 7508 7143 7136 7156 7396 7560 7246 7290 7374 7409 7847 7293 7090 7524 8139 7658 7736 7354 7180 7330 7631 7227 7095 7691 7294 7369 7756 7281 7023 7518 7807 7178 8016 7296 7382 7541 7483 7827 7269 7340 7509 7526 7389 6830 7475 7893 7457 7390 7264 7481 7348 7734 7464 7527 7380 7596 7619 7169 7964 7520 7743 7309 7600 7161 7489 7661 7422 6996 7432 7197 7695 7657 7596 7443 6859 7334 7105 7300 7762 8209 7469 7686 7981 7297 7470 7492 7818 7635 7086 7493 7426 7190 7369 7565 7607 7200 7143 7682 7473 7396 7307 7941 7086 7525 7168 7584 8276 7983 7529 7417 8073 7280 7584 7519 7042 7110 7757 7062 7354 7513 7076 7088 7642 7761 7632 7223 7178 7034 7580 7512 7569 7014 7298 7220 7632 7842 7409 7884 7821 7558 7542 6868 7579 7436 7650 7680 7255 7568 7435 7706 7042 7294 7581 7578 7441 7445 7965 7563 7417 7400 7216 7764 6960 7527 7580 6651 7464 7630 7125 7403 7029 6902 7664 7508 7164 6843 6930 7580 7494 7464 7166 7421 7330 7748 7374 7322 7246 7498 7831 7658 7428 7732 7648 7557 7359 7730 6724 7496 7453 7402 7175 7370 7581 7616 7510 7746 7643 7332 7437 7410 6675 7338 7368 7719 7045 7631 7229 7475 7475 7390 7426 7769 7306 7367 7857 7122 7507 7138 7877 7268 7735 7092 7115 7412 7860 7511 7392 7322 7451 7708 7675 7700 7243 7061 7262 7057 7593 7304 7735 7286 7490 7353 7773 7771 7445 7541 7059 7395 7533 7568 7435 7222 7390 6674 7250 7561 7058 7694 7407 7477 7625 7076 7194 7825 7871 7567 7558 7417 7234 7522 7269 7209 7586 7322 7998 
7465 8402 8082 7820 8459 7836 8576 7772 7689 7675 8139 7720 7423 8150 8611 8068 8487 8309 8184 8085 7990 7711 8221 8506 8482 8264 7947 8117 7841 8322 7577 7432 8035 7935 8125 8321 7786 7733 8041 8147 7878 8064 8009 7919 7798 7817 8364 7918 8409 8004 7940 8176 8452 8013 8214 8271 7822 8641 8567 8100 7869 8544 8124 7892 8273 8173 8199 7970 8281 8193 8373 8159 7213 8506 7892 7623 8199 7887 8415 7696 8031 8246 7859 7950 8278 7819 7968 7885 8282 8059 8103 8478 8507 7545 7737 8368 8421 8777 8468 8021 8182 8699 7846 8482 8137 8449 8359 7929 7889 8003 8149 8077 7960 8032 8414 8003 7465 7625 7766 8317 8053 7991 7455 7519 8254 8607 8032 7903 8321 8412 8263 7756 7695 7885 8089 7977 8095 8115 8399 8339 7774 8252 7869 7522 7983 7972 8017 8691 7638 8231 7577 8069 8562 8239 7856 8278 8260 7934 7923 8257 8356 8193 8292 7964 8052 8205 8152 8036 7862 7826 8301 8485 7835 8596 8298 8348 8150 8412 8189 8123 8442 8054 7829 8007 7553 8019 8117 8354 8156 7724 7926 7389 7923 7969 8642 8091 7968 8271 7992 8122 8370 8277 7964 7646 8320 8213 8270 8119 8511 8241 7805 7687 8408 8159 7918 8081 8087 7925 8216 8042 8056 8884 8696 8166 8078 8370 7750 8212 8026 7478 7934 8024 8135 8186 8021 7637 7906 8326 8209 8274 7990 7692 7964 7992 8019 8309 8168 7793 7905 8422 8358 7600 8219 8604 7866 8032 7877 8348 8281 8143 8353 8074 8117 8329 8498 7843 7905 7740 8336 7994 8211 8613 8387 8081 8211 7730 8627 7732 7980 8529 7339 8057 8303 8038 7987 7592 7541 8157 8221 7989 7302 8066 8227 7828 7948 7965 8168 8424 8564 7972 7992 7926 7618 8474 8126 8502 8317 8170 8540 8049 8191 7494 7928 7944 7851 7771 7616 8571 8407 7812 8573 7993 8165 8217 8018 7386 7788 8053 8602 7581 8087 8033 8190 8251 7985 8179 8331 7869 8561 8379 8087 8139 7567 8698 7670 8397 7691 8087 8094 8166 8413 7931 8100 7887 8727 8244 8512 7741 8021 7971 7775 7750 7830 8109 7983 7886 8336 8543 8682 8014 8062 7846 7700 7836 8413 8388 8203 8233 7640 8287 8554 7710 8168 7839 8125 8412 7663 8088 8227 8444 8389 7380 7847 7737 7768 8275 7920 7984 8347 8588 
7553 8626 8591 8249 8672 8203 8866 8084 8116 7990 8244 8212 7572 8588 8430 7811 8737 8493 8255 8449 8568 8086 8027 8368 8531 8307 7808 8353 8616 8297 8001 7699 7787 8371 8746 8338 8190 7937 8248 8205 8308 8556 8026 8227 7833 7918 8353 8018 8588 8375 7880 8094 8426 8060 8795 8479 8179 8796 8428 8219 8144 8534 7929 8198 8778 8092 8516 8112 8569 8615 8444 8569 8098 8317 8083 8057 8502 8657 8965 7945 7949 8431 7979 8372 8374 8132 8360 8061 8670 8352 8297 8062 8569 7859 8292 8888 8390 8618 8716 8246 8181 8582 8089 8604 8226 8237 8844 8463 7889 8181 8490 8527 8080 7921 9335 8246 7688 7776 8305 8594 8491 8382 7825 7998 8300 8991 8209 8140 8678 8786 8207 8757 7992 7906 8277 8231 7916 8132 8380 8605 7809 8925 8340 7338 8354 8682 8329 8582 8245 8186 8176 8340 8857 8538 7713 8371 8552 8271 7940 8193 8737 8194 8097 8071 8199 8256 8526 8266 8483 8347 8396 8793 8017 9010 8606 8802 8563 8521 8183 8357 8507 8125 7963 8523 7934 8414 8245 8615 8309 7966 8239 7786 7818 8373 9081 8359 8418 8616 8624 8545 8182 8524 8027 7784 8411 8135 7945 8143 8722 8525 8056 7719 8503 8406 8126 8146 8382 8158 8530 8330 8475 8820 9046 8390 8125 8580 8076 8377 8247 7921 8271 8383 8091 8065 8333 7773 7849 8394 8373 8315 8175 8335 7952 8581 8354 8504 8144 8449 8046 8405 8722 8216 8591 8523 8495 8617 7850 8782 8355 8296 8334 8287 8229 8215 8493 8313 7724 8219 8504 8016 8541 8455 8490 8308 8272 8054 8976 8139 8355 8232 7604 8255 8428 7944 8015 8146 8042 8139 8586 8077 7592 8022 8433 8154 8606 7715 7868 8386 8484 8297 8474 8260 8568 8451 8781 8410 8767 8259 8180 8676 8455 7713 8328 8291 7969 7990 8001 8320 8450 8549 8893 8259 8223 8239 8300 7573 7896 7834 8625 7857 7909 8073 8488 8194 8488 8530 8530 8585 8622 8654 7890 8309 7928 9071 8088 8393 7873 8284 8487 8874 8276 8380 8392 8216 8705 8356 8641 8272 8077 8182 7915 8230 7972 8408 8075 8149 8403 8440 8591 8325 8446 8005 8338 8414 8201 8406 8346 8338 7926 8068 8467 7750 8468 8351 8433 8841 7790 8276 8436 8457 8404 7928 8573 7968 8184 8331 8335 8516 8713 8621 
7685 8337 8365 8397 8888 7917 8384 8108 8430 7515 7979 8012 7741 8602 8332 8177 8418 7993 7974 7832 8237 7569 7958 8133 8438 8142 7363 8170 8187 8149 7753 7321 7922 8259 8261 8547 8113 7731 8039 8198 8239 8217 7985 7879 7913 7450 8320 7784 8002 8296 7982 7837 8354 8155 8353 7961 7817 8418 7927 7912 7616 8694 8169 7849 8312 8081 8374 8125 8365 8044 8282 8421 7685 8566 7801 7947 8223 8054 8517 7773 7741 8324 8259 8317 8290 7873 8408 8135 8032 8032 7723 8146 8491 7454 8135 8228 8290 8663 8444 8051 8349 8353 7950 8717 7876 8504 8244 8069 7683 7905 8069 8121 7744 7622 8557 8101 7620 7569 7795 8275 8342 7935 7571 7658 7582 8724 8319 7871 8379 8311 7947 8242 7918 7989 7856 7981 7974 8585 8587 8020 7841 8480 7908 7758 8411 8458 8087 8807 7842 7986 7474 7977 8611 8172 7902 8292 8114 8171 7961 8190 8372 8205 8222 7867 8139 8278 7873 8326 8181 8138 8175 8600 8197 8514 8194 8438 7986 8469 7858 8063 8497 8238 7719 8114 8062 8341 8242 8667 8131 7219 8198 7631 8349 8125 8729 8269 8547 8762 8111 8362 7956 8801 8067 7481 7858 8381 8250 8104 8610 8266 7811 7706 8501 8228 8140 8041 8289 7846 8086 7720 8189 8712 8676 8250 8194 8130 7947 8048 8300 7556 8388 8318 7930 8010 7920 7762 7606 8563 8280 8043 7692 7759 7612 8361 8101 8374 7993 8055 7991 8350 8501 7980 7964 8438 8166 8491 7963 8451 8106 8504 7685 7941 8289 8324 8479 7994 8263 7794 8216 8253 8323 8755 8184 7973 7709 7557 8376 8102 8035 8205 7679 7690 8043 7317 8077 7834 7835 8046 8029 7864 7686 7865 8161 8110 8163 8060 8052 8288 8681 8140 8117 8055 7770 8450 8450 8260 8187 8063 8288 8437 8453 7706 8439 7980 7997 8034 7864 8261 8097 7983 8735 8007 8027 8240 7972 7590 8241 7956 8754 7592 8055 8247 8563 8128 8144 8160 8461 8208 8889 8521 8045 8107 7639 8274 7675 8384 7704 7900 8358 8637 8234 8101 8028 7849 8559 8382 8612 7841 7753 7577 7800 7812 7973 8337 7600 7600 7987 8340 8768 8189 7987 8013 8011 7641 8640 8193 8072 7832 7678 7676 8336 7695 8213 7984 8529 8210 7707 8072 8169 8482 8162 7753 8342 7848 7929 8378 8022 8284 8308 8802 
7252 7999 8180 7790 8260 8033 8605 8004 7745 7713 7912 8046 7655 8250 8541 8262 8254 8236 8166 7787 8559 7592 7754 8423 8440 8330 7361 8006 8130 8415 7752 7803 7849 7925 8626 8115 7791 7971 8374 8245 8225 8451 8419 8197 7844 8093 8644 7879 8184 8061 7972 7921 8319 7669 8491 8730 7976 8468 8363 8090 7848 8586 7951 7992 8325 8293 8081 8498 8256 8283 8316 8404 7574 8064 7785 7642 8069 7965 8625 7568 8073 8185 8359 7954 8204 7936 8404 7867 8458 8005 7868 8103 8220 7688 7874 8354 8691 8779 8540 7949 8020 8445 7880 8311 8163 8390 8761 8149 7914 8419 8275 8298 7616 7702 8699 7930 7592 7753 7663 8305 7956 8046 7585 7586 7835 8683 8162 7539 8336 8718 8230 8160 8001 7850 8076 8053 7922 8265 8444 7900 7741 8569 7829 7600 7856 8512 7877 8372 8079 7758 7968 8088 8379 8186 8025 8077 8013 8233 7916 8336 8322 8428 8110 8271 8130 7806 8190 8031 7964 8070 8433 8635 7884 8719 8546 8435 8084 8602 7670 8224 8325 7990 8010 7825 7612 7892 7994 8434 8168 7676 8312 7836 8051 8066 8593 8005 8136 8689 8192 8254 7846 8441 7903 7730 7957 8320 8309 7736 8331 8345 7781 7838 8492 8231 8036 7930 8150 7925 8409 8118 8201 8710 8425 8394 8201 8215 8011 8381 8153 7960 8097 8212 7937 8230 8132 7869 7761 8427 8333 8291 7818 7795 7638 8293 7998 8392 8227 8007 7854 8486 8328 8128 8107 8272 8124 8043 7852 8418 8114 8191 8032 8123 8159 8042 8548 7956 7941 8062 8435 8128 8528 8557 8314 7791 7798 8230 8416 7864 7836 8333 7266 7694 8721 7688 8204 7989 7672 8288 8184 8012 7338 8225 8090 8061 8306 8269 8221 8415 8564 7719 7839 7845 7992 8281 8362 7998 8257 8228 8062 8157 8133 7794 8287 8018 7882 8022 7643 8107 8409 7844 8844 8106 7976 8251 8168 7389 7812 8204 8542 7740 8086 7760 8335 8015 8406 8321 8635 7952 8279 8652 8195 8259 7585 8620 8207 8202 8001 7940 8296 8428 8350 8253 8091 8332 8329 8259 8514 7775 7839 8121 7838 8091 7915 8349 7746 7672 8159 8381 8594 8176 8179 7855 8107 7814 8253 8182 7703 8138 7569 8349 8060 7764 8293 7933 8056 8482 7417 7938 8139 8337 8053 7927 8471 7654 8144 8174 7832 8176 8388 8521 
7516 8523 8382 8359 9114 7887 9108 8121 8199 7856 8427 8310 8007 8521 8816 8269 8773 8225 8547 8292 8797 8233 8266 8660 8883 8715 8302 8431 8122 8558 8233 7965 8499 8271 8676 8605 8089 8090 8306 8350 8285 8711 8366 8285 8245 8111 8884 8077 8507 8418 8254 8373 8544 8188 8504 8549 8147 9008 8948 8259 8068 8594 8265 8323 8665 8322 8338 8376 8825 8634 8773 8742 7759 8740 8055 8253 8471 8460 8707 7822 8344 8293 8480 8557 8645 8234 8442 7986 8537 8128 8106 8555 8619 8053 8013 8696 8724 8797 8631 8390 8506 8889 8107 8726 8425 8522 8776 8376 8007 8264 8484 8735 7898 8041 9079 8444 7864 7874 8153 8427 8247 8506 7875 7947 8337 9127 8230 8107 8741 8780 8323 8683 8217 8500 8296 8472 7970 8711 8493 8115 8025 8658 8439 7431 8499 8768 8655 8932 8188 8361 8062 8080 8880 8572 8145 8703 8772 8358 8177 8436 8805 8274 8525 8003 8534 8491 8753 8348 8359 8546 8643 8661 8115 9136 8453 8372 8176 8376 7762 8377 8860 8483 8236 8679 8140 8333 8519 8717 8317 7524 8582 7503 8278 8102 9310 8373 8411 8804 8481 8663 8314 8818 8536 7633 8319 8557 8410 8396 8432 8689 8069 7693 8792 8407 8433 8317 8500 7951 8398 8579 8631 9090 8829 8296 8332 8494 8197 8099 8711 8539 8178 8245 8166 8193 8480 7801 7765 8521 8548 8259 8468 8303 8135 8433 8430 8764 8252 8099 8214 8664 8661 8236 8521 8815 8512 8512 7859 8643 8734 8394 8036 8361 8126 8538 9070 7941 8324 8212 8561 8297 8848 8814 8943 8052 8311 8142 8607 8395 8321 8653 7963 8220 8481 8278 8030 8130 7825 8578 8615 8406 7712 8061 8501 8223 8746 8142 8001 8557 8654 8236 8349 8171 8177 8909 8807 8507 8455 8189 8260 8448 8616 7981 8288 8598 8138 7936 8475 8192 8821 8110 8936 8220 8041 8543 8203 7401 8255 8205 8552 7798 8300 8039 8738 8447 7995 8568 8659 8502 8734 8687 8612 8477 8019 8649 8155 8408 8043 8337 8394 8540 8685 8204 8555 7995 8892 8425 8758 8103 7966 8124 7766 8154 8061 8276 7711 8219 8395 8833 8685 8319 8443 8309 8385 8204 8556 8484 8048 8528 7953 8394 8443 8287 8571 8251 8609 8799 7761 8333 8222 8883 8552 8160 8538 8266 8380 8023 8296 8580 8842 8871 
7531 8641 8700 8397 8631 8127 9090 8321 7957 8348 8405 8270 7586 8842 8956 8242 9030 8862 8243 8114 8690 7912 8405 8882 8857 8528 8401 8528 8591 8529 8161 7953 8224 8400 8535 8446 8345 7931 8427 8307 8533 8813 8342 8430 8143 7963 8928 8190 8400 8307 8287 8331 8692 8196 8619 8672 8267 8715 8802 8390 8154 9062 8486 8261 8733 8373 8788 8356 8928 8547 8636 8783 8036 8649 7996 7996 8458 8336 8751 7876 8040 8633 8576 8238 8499 8406 8587 8430 8765 8204 8023 8211 8698 8009 8272 8800 8906 8911 8846 7982 8431 9111 8673 8878 8108 8425 8909 8489 7869 8532 8385 8411 7753 7889 9266 8426 7626 8204 7770 8729 8566 8446 7983 7900 8359 8938 8179 8306 8909 9279 8523 8588 8624 7939 8323 8477 8281 8169 8695 8453 8180 8333 8405 7928 8663 8719 8157 9007 8227 8574 8143 8239 8793 8766 8123 8488 8373 8500 8245 8629 8626 8459 8710 8183 8246 8399 8371 8469 8471 8367 8639 8598 8092 8859 8624 8477 8458 8474 8257 8408 8782 8499 7983 8291 8266 8715 8515 8877 8304 7960 8649 7901 8487 8527 8926 8710 8621 8756 8409 8692 8374 8613 8523 7979 8441 8278 8368 8575 8904 8628 7931 8118 8755 8501 8425 8487 8468 8084 8761 8283 8315 9251 9080 8572 8562 8536 8187 8442 8645 8022 8331 8554 8009 8563 8544 8224 7859 8863 8686 8409 8278 8201 7988 8530 8360 8572 8334 8620 8098 8786 8692 8460 8527 8768 8273 8393 8416 8532 8332 8762 8505 8362 8714 8582 8765 8354 7931 8192 8431 8424 8528 8882 8932 8458 8413 8184 8914 8101 8488 8568 7674 8141 8580 8035 8303 8378 8360 8491 8730 8241 8071 8457 8709 8179 8539 8243 8109 8375 8683 8118 8272 8258 8412 8886 8616 8597 8583 8543 8458 8188 8579 7880 8675 8331 8063 8076 8233 8490 8878 8778 9024 8378 8404 8391 8146 7589 8307 8471 9152 7975 8263 8158 8302 8479 8464 8499 8553 8512 8910 8757 8578 8498 8097 8865 8497 8662 8131 8690 8446 8902 8893 8319 8255 8255 8909 8609 8997 8446 8118 8319 8403 8238 8188 8538 8267 8358 8669 8622 8827 8588 8283 8086 8405 8211 8686 8687 8405 8744 7692 8351 8683 8276 8589 8088 8386 8718 8053 8372 8485 8545 8352 7982 8707 8104 8194 8483 8503 8575 8730 9093 
6813 7736 7933 7528 8001 7686 8290 7812 7658 7628 7733 7613 7315 7710 7844 7615 7901 7830 7645 7494 8036 7322 7760 8173 7903 7706 7493 7462 7274 7813 7368 7278 7583 7645 7739 7769 7655 7242 7579 7581 7457 8001 7639 7732 7632 7279 8289 7683 8048 7745 7538 7833 8194 7349 8251 8037 7516 8204 8043 7305 7457 7936 7879 7808 7930 7495 7725 7743 7890 8006 7898 8127 7075 7958 7465 7606 7951 7680 8125 7063 7466 7828 7691 7801 7524 7284 7708 7864 7993 7560 7702 8141 8260 7436 7978 8187 8154 8426 8179 7527 7721 8214 7549 8473 7845 7996 7881 7913 7416 7711 7689 7978 7301 7393 8460 7622 7250 7290 7597 8152 7816 7558 7202 7336 7623 8171 7758 7549 7942 8380 7611 8099 7850 7560 7685 7542 7229 7552 7845 7742 7504 8042 7834 7335 7853 8032 7538 8202 7490 7770 7379 7802 7946 8233 7823 7941 7963 8001 7333 7895 7746 7733 7971 7654 7717 7588 7698 7757 7686 7499 7967 8115 7607 8406 7690 8174 7539 7885 7417 7841 8135 7756 7271 7645 7356 7784 7994 8222 7844 6928 7823 7377 8043 7929 8472 8045 8134 8372 7891 7961 7620 7633 7827 7392 7810 7503 7525 7689 7739 8022 7766 7244 8058 7776 7849 7296 7654 7068 7897 7376 7674 8628 8088 7780 7450 8005 7469 7877 7757 7488 7663 7773 7243 7819 7619 7211 7205 7819 7919 7537 7440 7462 7709 8031 7490 8033 7535 7594 7507 8058 8125 7598 7774 7935 7345 7914 7705 7974 7378 7928 7830 7407 7752 7575 8124 7600 7712 7684 7720 7584 7736 7979 7839 7826 7727 7453 8220 7921 7857 8215 7566 7580 8014 7449 8057 7576 7398 7896 7870 7835 6869 7562 7990 7733 8088 7781 7423 7932 7762 7306 7606 7514 7641 8246 7967 8010 7812 7812 8250 8098 7629 7074 7627 7662 7443 7615 7552 7686 8107 7848 8345 7901 8073 7791 7719 7174 7820 7335 8263 7368 7489 7349 7697 7831 7876 7543 8256 7982 7861 7946 7615 7708 7417 8189 7384 7992 7297 7582 7691 8307 7846 7583 7473 7586 8108 7974 8187 7206 7388 7673 7115 7566 7633 8022 7622 7588 7804 8184 8208 7926 7709 7636 7710 7426 8109 7579 7502 7685 7127 7672 8083 7382 7876 7780 7814 7575 7242 7978 7843 7816 7677 7589 7841 7514 7588 7704 7754 7580 8242 7940 
7811 8699 8663 8234 9035 8335 8804 8150 7929 7924 8729 8266 7899 8729 8816 8322 8993 8564 8133 8298 8970 8118 8394 9091 8679 8516 7968 8451 8248 8684 8135 8041 8593 8293 8641 8503 8191 8095 8391 8721 8910 8914 8358 8370 8202 7982 8828 8108 8696 8572 8295 8426 8645 8432 8662 8745 8327 8999 8685 8454 8413 8789 8394 8577 8892 8472 8695 8370 9074 8707 8469 8894 7853 8764 8208 7822 8708 8484 8928 8325 8145 8156 8541 8251 8506 8455 8881 8367 8477 8354 8299 8443 8604 7992 8569 8777 8851 8729 8980 8234 8225 8662 8287 8863 8330 8716 8997 8614 8198 8671 8430 8459 8235 7992 9299 8552 8030 8074 8231 8520 8542 8204 8040 8203 8429 9124 8384 8169 8814 8954 8382 8575 8082 8531 8348 8120 8533 8272 8820 8308 7919 8759 8130 8003 8232 8466 8300 8731 8142 8282 7975 8337 9253 8753 8091 8779 8549 8527 8194 8773 8787 8645 8460 7948 8363 8300 9040 8263 8498 8808 8679 8800 8049 9044 8421 8793 8465 8566 8030 8468 8927 8272 8326 8420 8129 8526 8386 8791 8787 7915 8563 8090 8390 8402 8997 8331 8529 9117 8560 8445 8252 8672 8544 7908 8355 8541 8237 8211 8567 8802 7992 8120 9168 8451 8072 8315 8593 8519 8626 8252 8384 9154 9225 8661 8392 8526 8101 8225 8444 8363 8839 8672 8120 8522 8413 8092 7939 8822 8502 8679 8164 8512 7820 8871 8518 8601 8398 8443 8352 8754 8861 8154 8639 8528 8605 8437 8327 8710 8515 8816 8315 8582 8903 8511 9087 8229 8190 8236 8907 8284 8791 8897 8526 8360 8491 8347 8825 8396 8392 8779 7798 8112 8447 7865 8637 8210 8455 8431 8483 8198 7436 8339 8733 8182 9045 7912 8433 8342 8748 8535 8676 8215 8404 8908 8625 8719 8824 8594 8434 8705 8521 7950 8642 8417 8418 8141 8102 8594 8584 8504 9303 8303 8305 8460 8454 7629 8257 8412 8845 8092 8491 8312 8815 8529 8826 8366 8793 8539 8881 9195 8561 8561 8308 8963 8345 8627 8452 8385 8393 8929 8625 8445 7995 8154 8664 8583 9054 8107 8069 8352 8250 8138 8471 8441 8534 8042 8299 8654 8688 8403 8447 8638 8693 8342 8851 8761 8337 8626 7996 8581 8566 7899 8539 8538 8519 8880 7903 8309 8504 8640 8598 8362 8634 8182 8346 8268 8323 8485 8616 8836 
7467 8463 8651 8060 8728 7908 8901 8035 8269 7933 8350 8345 7432 8478 8619 8353 8753 8569 7848 8187 8838 8032 8505 8465 8483 8286 7810 8433 7963 8341 7773 7580 8374 8045 8307 8413 7838 7928 8352 8366 8226 8715 8098 8321 8164 8081 8568 7909 8475 8298 8387 8030 8410 8108 8510 8690 7745 8666 8984 8018 7880 8287 8259 7821 8260 8500 8361 7892 8736 8485 8584 8544 7840 8157 8278 7652 8199 8434 8557 8002 7763 8438 8670 8037 8222 8144 8150 8037 8415 8338 7929 8284 8156 7922 8239 8596 8780 8844 8607 7906 8437 8661 8064 8500 8298 8328 8580 8117 8080 8236 8152 8155 7815 7557 8861 8052 7655 7837 7845 8542 8024 8149 7798 8242 8291 8885 8036 8074 8545 8550 8403 8198 8100 8480 7868 8246 7982 8400 8897 8216 7980 8487 8100 7545 8199 8180 8424 8707 8189 8109 7841 8098 8848 8647 8041 8218 8259 8308 7959 8316 8673 8236 8462 8131 8114 8403 8694 7957 8123 8260 8298 8755 7934 8828 8528 8718 8141 8182 8004 8417 8689 7997 8070 7952 7944 8251 8363 8487 8577 7508 8296 7578 8210 8339 9088 8168 8083 8968 8378 8357 8244 8602 8669 7651 8329 8232 8080 8685 8447 8499 8095 8282 8609 8326 7906 8227 8132 8134 8417 8041 8406 9032 8718 8339 8055 8251 8006 8143 8336 7974 8202 8530 7892 8116 8087 7534 7651 8429 8476 8281 8162 8144 7770 8428 8197 8346 8168 8412 7861 8424 8739 8013 8597 8886 8546 8320 8062 8364 8293 8071 8221 8151 8443 8079 8414 7887 7904 8227 8471 8098 8508 8642 8429 8414 8094 8041 8819 8167 8296 8637 7838 8094 8572 8103 8450 8059 7849 8405 8384 8205 7781 8211 8489 8323 8648 8268 8365 8285 8682 8578 8217 8122 8202 8788 8439 8532 8244 8215 8357 8573 8054 7823 7809 8312 7946 7776 7993 8375 8192 8220 8957 8118 8030 8327 8302 7473 8086 7963 8663 7506 8090 7918 8822 8383 8106 8328 8732 7908 8693 8332 8509 8249 7949 8667 8522 8331 7788 8249 8473 8363 8477 7908 8386 8101 8438 8158 8370 7924 8341 8054 7999 8181 8294 8494 8164 8087 8608 8625 8428 8384 8302 8162 8020 8245 8172 8280 8526 8946 7864 8391 8339 8066 8318 8041 8575 8327 7943 8281 8352 8648 8425 8297 8493 7990 8386 8124 8022 8377 8522 8789 
7489 8231 8063 7684 8621 7960 8563 7786 7712 7550 7668 7533 7529 8260 7903 7649 8538 7984 8052 8074 8181 7601 7655 8100 8551 8172 7754 8097 7764 8102 7608 7616 8191 7973 8221 8029 7716 8084 8094 8100 8029 8237 7656 7603 7803 7936 8458 7850 8144 8054 7720 7923 8462 7823 8326 8324 7946 8464 8364 7907 7598 8216 7836 7791 8337 8032 8467 7958 8248 8794 8423 8474 7419 8149 7794 7371 8615 7779 8506 7808 7825 8135 8144 8155 8223 7871 8109 7842 8105 7526 8066 7810 7959 7563 7833 8639 8287 8319 8288 8047 8120 8412 8071 8578 7931 8031 8294 8041 7666 7638 8078 8297 7855 7633 8499 7819 7467 7632 7698 8343 8126 8233 7535 7612 7697 8805 7859 7799 8318 8126 8136 8122 8297 7923 7959 8112 7603 8227 8167 8245 7611 8480 7807 7565 8405 8072 8169 8731 7748 8011 7491 7991 8422 8367 7963 8298 8276 8156 7782 8100 8349 7767 8230 7886 8154 8339 8004 7977 8000 8209 8334 8450 7663 8747 8267 8197 8015 7941 7847 7974 8522 7837 7699 7979 7691 8235 8476 8163 7865 7303 8278 7830 8352 7881 8580 8071 8700 8407 8119 7869 8017 8178 7985 7765 7899 8425 7721 8028 8232 8266 7864 7665 8767 8311 7892 8296 8350 7873 8106 8024 8226 8516 8471 8019 7818 8622 7510 7800 8042 7804 8017 8572 7810 7821 8039 7447 7740 8049 8161 7843 8035 8084 7641 8047 8126 8478 7702 7931 7789 8323 8240 8278 8164 8510 8176 8413 7768 7957 7855 8256 8028 7843 8463 8372 8418 7769 7982 7785 8076 8020 8438 8621 8281 7828 8071 7800 8372 7700 7922 8385 7507 8147 8241 7850 7662 7800 7586 8000 8207 7955 7389 7757 8161 8203 8185 7645 8147 8209 8345 7879 7677 7880 8083 8307 8087 8130 8244 8023 8159 8083 8184 7494 8253 8101 7915 7878 7452 7809 8155 7743 8521 7919 8023 8036 7949 7623 7942 7895 8322 7448 8152 7897 8162 8151 7858 8023 8532 7927 8650 8558 8061 8210 7982 8434 8005 8231 7652 8054 7909 8495 8277 8057 7864 8054 8779 7991 8194 7856 7676 7936 7680 8077 8138 8258 7615 7719 8112 8214 8384 8245 8215 7822 8141 7822 8038 8221 8091 8113 7755 7602 7917 7904 8186 8053 8064 8357 7411 8507 8217 8203 8444 7766 8209 7721 8212 7989 8082 8516 8385 8377 
7490 8139 8573 8005 9148 8029 8724 8372 8323 8052 8557 8263 7709 8576 8564 8861 8471 8443 8056 8001 8784 8044 8246 8475 8992 8507 7941 8268 8313 8186 7982 7633 8066 8284 8551 8747 8048 8365 8208 8290 8271 8293 8291 8340 8260 8005 8547 8502 8831 8631 8157 8203 8385 8180 8491 8353 8120 8948 8501 8179 7902 8594 8232 8522 8814 8291 8559 8161 8674 8424 8613 8278 7960 8444 8184 7478 8434 8455 8775 7652 8072 8336 8357 8296 8452 8433 8809 8273 8133 8286 7967 8363 8566 7787 8344 8871 8829 8791 8658 8479 8336 8628 8164 8679 8593 8426 8924 8759 8146 8593 8369 8638 8081 7973 8702 8303 7840 8108 7979 8366 8256 8387 8143 8184 8197 8993 7955 8205 8528 8934 7995 9004 8259 7983 8114 8636 8119 8409 8791 8313 7733 8159 8204 7377 8384 8700 8225 8782 8139 8209 7888 8469 9007 8573 8356 8463 8312 8316 8168 8320 8690 8282 8210 8245 8038 8437 8615 8143 8458 8321 8684 8921 8180 8750 8568 8468 8277 8687 7691 8582 8670 8257 7689 8445 7942 8664 8826 8846 8447 7854 8563 7808 8473 8476 9123 8529 8368 8717 8355 8648 8164 8663 8673 7798 8346 8522 8176 8339 8735 8541 8195 7946 8747 8509 8055 8523 8659 8273 8164 8130 8635 9285 8946 8392 8108 8499 7861 8570 8308 7840 8418 8549 8142 8464 8360 7551 8143 8807 8547 8524 7902 8115 7953 8863 8395 8409 8220 8200 8175 8700 8442 8441 8292 8791 8346 8545 8009 8690 8289 8791 8239 8237 8295 8364 8727 7998 7783 8214 8372 8019 8424 8808 8444 8407 8273 8189 8614 8365 8403 8686 7687 7987 8562 7757 8524 8108 8180 8577 8324 8133 7810 8274 8518 8279 8513 8305 8345 8468 8921 8551 8397 8410 8262 8706 8318 8507 8864 8492 8433 8525 8480 7697 8441 8177 8390 8276 8053 8201 8644 8186 9118 8467 8299 8691 8205 7408 8289 8495 9204 7948 8680 8155 8517 8487 8520 8437 8687 8081 8520 8818 8227 8497 7852 8745 7886 8572 7682 8333 8308 9036 8717 8461 8368 7974 8768 8825 8544 8436 7868 8292 8142 7874 8538 8901 8355 8302 8388 8799 8883 8615 8026 8201 8342 8309 8551 8643 8176 8304 7772 8560 8168 7979 8660 8171 8536 8589 7808 8258 8470 8626 8425 8034 8305 8174 8462 8410 8311 8276 8801 8740 
6906 7817 8115 7892 7911 7451 8099 7711 7310 7618 7523 7645 7323 8384 7815 7822 8146 8021 7278 7413 8035 7304 7702 7961 8054 7707 7487 7438 7757 8047 7444 7503 7771 7661 7955 7819 7545 7327 7686 7595 7925 8031 7446 7709 7670 7422 8034 7424 7790 7636 7714 7621 7970 7784 8098 7952 7452 8196 8159 7582 7370 8370 7599 7848 7929 7426 7980 7881 8350 7917 7930 7718 7147 7790 7224 7111 7880 7589 8081 7022 7652 7497 7671 7972 7825 7671 7749 7275 7803 7766 7140 7741 7742 7267 8102 8084 7831 8117 7893 7444 7361 8049 7732 8320 7418 7922 7989 7564 7210 7887 7444 8145 7478 7465 8471 7750 7326 7303 7325 7909 7848 7719 7356 7532 7540 8182 7585 7376 7930 8632 7791 7897 7642 7455 7672 7939 7238 7436 7536 7908 7545 8119 7562 7254 7756 7956 7600 8151 7262 7720 7240 7423 7873 7832 8266 7804 7727 7670 7386 7629 7924 7744 7739 7775 7464 7755 7686 7876 7459 7829 7802 8145 7297 8100 7712 7634 7347 7745 7380 7735 8120 7730 7335 7462 7746 8010 7805 8027 7779 7203 7891 7162 7610 7660 8131 7780 8101 8055 7754 7683 7666 8250 7832 7319 8241 8060 7692 7583 7847 7998 7404 7379 7833 8002 7619 7565 7558 7214 7993 7874 7493 8616 8127 7755 7850 8102 7287 7744 7952 7468 7505 8009 7615 7583 7730 7277 7217 8045 8035 8124 7867 7504 7343 8162 7676 7804 7330 7955 7586 8210 8219 7537 7757 7976 7773 8193 7561 7866 7493 7950 7725 7705 7898 7704 7833 7414 7705 7619 8035 7937 7720 8114 8281 7707 7400 7344 8225 7611 7620 8116 7155 7353 8213 7255 7647 7364 7537 7705 7560 7489 7151 7619 7732 7769 8080 7504 7609 7712 8198 7484 7350 7479 7743 7906 7761 7877 7900 7993 7827 8015 7658 7473 7671 7330 7502 7525 7651 7560 7998 7659 8242 7604 7657 7747 7652 7037 7528 7709 8106 7141 7501 7542 7664 7611 7950 7572 8237 7712 8105 8258 7505 8118 7482 7740 7563 8026 7460 7875 7795 8210 7854 7363 7541 7541 8143 8019 8013 7568 7298 7800 7159 7662 7673 7819 7763 7532 7894 7907 7827 8007 7801 7331 7727 7679 7941 7679 7583 7503 7201 7584 7973 7367 7801 7582 7720 7816 7252 7507 7755 8240 7844 7414 7664 7590 7740 7448 7602 7755 8179 8258 
7252 7821 7764 7642 7924 7219 8046 7518 7394 7327 7764 7325 7265 7925 7621 7664 7863 7722 7584 7324 7923 7487 7427 7679 7980 7549 7228 7204 7414 7598 7496 7237 7469 7569 7902 7669 7373 7250 7680 7625 7406 7561 7315 7741 7276 7200 8013 7361 7901 7453 7465 7288 8215 7285 7765 7748 7579 8321 7942 7222 7231 8114 7327 7241 7733 7730 7805 7692 8259 7778 8089 7883 7192 8108 7274 7115 7580 7541 7972 7133 7529 7882 7698 7457 7766 7243 7705 7497 7600 7273 7583 7549 7485 7295 7633 7772 7864 8315 7886 7221 7643 8062 7400 7721 7591 8003 7942 7686 7749 7642 7152 7433 7075 6983 8011 7364 7297 7223 7282 7707 7479 7669 7042 7476 7403 8357 7620 7424 8135 7745 7468 7858 7368 7511 7540 7405 7365 7611 7873 7450 7244 8191 7589 7068 7593 7520 7777 8108 7134 7234 7415 7247 8015 7801 7373 7967 7729 7753 7402 7588 7894 7444 7919 7330 7473 7627 7791 7804 7697 7516 7770 8280 7368 8055 7839 7552 7738 7970 7351 7827 8127 7611 7330 7409 7556 7642 8051 7799 7377 7077 7796 7079 7587 7608 8080 7712 7655 7994 7695 7446 7436 7872 7622 7004 7396 7834 7551 7771 7834 7523 7320 7219 8068 7630 7594 7254 7320 6994 7880 7570 7533 8094 7853 8025 7394 7516 7271 7539 7633 7493 7638 7774 7510 7401 7647 7318 7148 7996 8187 7540 7451 6928 7121 7826 7626 7694 7627 7468 7090 7614 8068 7488 7781 8244 7751 7646 7404 7767 7499 7939 7488 7834 7431 7281 7856 7711 7518 7237 7534 7779 7706 7860 7802 7526 7196 7460 8133 7614 7171 7727 7004 7419 7433 7018 7575 7399 7096 7592 7481 7350 6950 7357 7385 7401 7846 7573 7166 7839 7850 7406 7499 7698 7588 8079 7798 7340 7458 7821 7411 7633 7306 7132 7807 7695 7304 7630 7261 7614 7741 7393 7939 7667 7700 7743 7637 6870 7670 7498 8200 7083 7569 7674 7758 7442 7561 7561 8031 7697 8173 7816 7870 7687 7320 8005 7728 7681 7062 7357 7539 7679 7592 7206 7484 7472 8035 7650 7682 7031 7101 7603 7456 7291 7576 7685 7367 7306 7656 7746 7617 7660 7586 7278 7747 7384 7467 7789 7790 7821 7153 7356 7593 7382 7739 7721 7748 7926 7073 7641 7790 7838 7615 7212 7805 7372 7617 7676 7558 7868 8157 7845 
7415 8349 8534 8015 8723 7805 8978 8164 8425 7942 8360 8098 7981 8645 8364 8232 8861 8500 8082 8345 8597 7921 8182 8392 8601 8188 7725 8028 8221 8454 8119 7799 8407 8377 8589 8457 8209 7712 8220 8032 8496 8498 8143 8338 8283 8007 8564 8217 8294 8437 7957 8278 8506 7864 8806 8398 8010 8741 8621 8243 8014 8320 8257 8367 8739 7934 8225 8440 8490 8151 8568 8445 7536 8593 7935 8016 8356 8407 8856 7896 8330 8329 8011 8423 8417 8091 8327 7984 8283 7982 7919 8309 8367 8086 8041 8674 8421 8544 8411 8161 7997 8505 8001 8615 8369 8551 8619 8235 8140 8192 8173 8638 7987 7855 8540 8377 7615 7970 8108 8540 8265 8339 7784 8070 8228 9102 8056 7921 8317 8734 8002 8467 8418 7715 8182 8251 7926 8505 8510 8381 7545 8621 8047 7564 8452 8606 8144 8996 7780 8448 8062 8238 8649 8690 8123 8092 8548 8141 8045 8177 8509 8324 8159 8290 8259 8462 8730 8115 8271 8181 8405 8930 8254 8738 8428 8345 8204 8222 8107 8584 8796 7992 7981 8183 8428 8790 8542 8730 8147 7580 8292 7706 8066 8166 8833 8413 8616 8987 8331 8314 8286 8356 8250 7739 8561 8449 8224 8394 8591 8427 8233 7972 8657 8332 8227 8297 8465 7930 8432 8304 8435 8995 8839 8417 8198 8679 8184 8387 8383 8038 8070 8357 8185 8284 8359 7522 7762 8643 8474 8386 8148 8153 7942 8310 8320 8511 7994 8124 8088 8605 8388 8178 8192 8837 8308 8514 8148 8429 8343 8615 8287 8548 8378 8480 8623 7931 8184 8146 8379 8241 8370 8752 8365 8201 8081 8100 8525 8167 8348 8514 7794 8097 8652 7856 8094 8052 7810 8732 8112 8357 7520 8018 8214 8436 8582 8202 8141 8299 8511 8394 8074 8200 7841 8765 8724 8326 8440 8183 8603 8632 8283 7754 8250 8478 7930 7944 7699 8143 8183 8106 8786 8130 8235 8257 8082 7480 8398 8309 8653 7681 8215 8053 8302 8171 8417 8520 8526 8136 8910 8698 8127 8133 8152 8569 7851 8296 8140 8298 8381 8866 8547 8124 7788 8075 9042 8382 8572 8310 7782 8381 7726 8225 8338 8441 8124 7836 8376 8726 8504 8564 8282 7883 7931 8311 8247 8578 8449 8344 7700 8276 8448 8031 8582 8342 8332 8418 7639 8230 8297 8464 8377 8122 8269 7947 8372 8191 8189 8535 8753 8650 
7450 8477 8169 8179 8601 8240 8497 8061 7990 7751 8174 8331 7780 8852 8343 8389 8623 8270 8325 7943 8572 8166 7923 8467 8817 8804 8103 8210 8176 8451 7742 7757 8029 8399 8768 8527 7796 8118 8269 8238 8436 8181 8089 8126 7805 7955 8428 8000 8535 8478 7902 7982 8577 8035 8694 8308 8129 8660 8755 8128 8020 8717 8354 8070 8180 8223 8302 8425 8481 8566 8719 8510 7756 8586 8122 7856 8267 8222 8581 7543 7920 8322 8179 8345 8237 8049 8450 7889 8287 7906 8150 8215 8397 7765 8006 8917 8669 8673 8571 8118 8528 8671 8349 8551 8070 8560 8536 8317 8205 8318 8459 8462 7920 7777 9127 7823 8032 7632 7850 8144 8478 8128 7716 7346 8138 8797 8383 8030 8453 8612 8443 8006 8309 8034 8169 8243 8243 8293 8783 8434 7969 8481 8033 7435 8162 8408 8293 8624 8051 8284 8196 8395 8706 8394 8209 8507 8314 8213 7958 8248 8320 8329 8387 7908 8152 8286 8446 8128 8285 8242 8512 8938 7798 9015 8885 8103 8450 8251 7998 8050 8308 8169 7922 8171 7885 8300 8426 8657 7999 7603 8561 7812 8255 8170 8838 8200 8753 8620 8071 8328 8031 8541 8191 7880 8395 8445 8094 8237 8518 8145 7738 7963 8740 8612 8210 8421 8314 8205 8043 8164 8602 9022 8541 8347 8379 8457 7623 8223 8466 7555 8324 8430 7938 7886 7988 7949 7940 8697 8251 8063 8119 8113 7781 8398 8203 8532 8182 8387 8213 8528 8475 8523 8645 8480 8357 8248 8276 8675 8110 8280 8528 8437 8480 8259 8770 8202 8231 8023 8668 8238 8329 8386 8243 8018 8200 8343 8718 7663 8173 8628 7738 8140 8563 7883 8145 8048 8054 8464 8324 8198 7640 7807 8477 8423 8560 8222 8128 8466 8828 8227 7830 8073 8187 8762 8083 8421 8558 8378 8309 8256 8630 7945 8471 7819 8016 8020 7948 8276 8384 8313 8726 7871 8016 8235 8399 7706 7762 8076 8478 8007 8281 8057 8294 8250 8049 8411 8619 8098 8177 8303 8357 8539 7827 8547 8089 8430 7956 8184 8094 8689 8343 8240 8153 7896 8567 8554 8517 8201 7614 8316 7941 8107 8074 8807 8206 8120 8135 8574 8465 8161 8177 8124 8022 8195 8668 8465 8015 8331 7572 8122 8378 7925 8252 8321 8195 8510 7603 8355 8111 8634 8505 8075 8371 7957 8342 8390 8230 8265 8633 8953 
6884 7708 7459 7773 8261 7748 8232 7670 7498 7410 7710 7463 6989 7822 8058 7634 8351 7912 7830 7608 8313 7746 7751 8033 8374 8045 7308 7962 7838 7546 7392 7064 7773 7868 7866 7830 7644 7528 7700 7734 7949 8081 7672 7489 7658 7292 8062 7401 8182 7797 7375 7487 7725 7587 8546 8079 7620 7812 8183 7961 7513 8154 7685 7362 8010 7565 7773 7982 8100 7979 8098 8415 7109 7976 7823 7625 8090 7683 8434 7178 7486 7781 7800 7710 7975 7615 7911 7443 8193 7764 7590 7438 7855 7355 7427 8124 8019 8568 8091 7870 7825 8337 7576 8167 7674 7983 7987 7730 7384 7630 7661 8051 7627 7570 8261 7630 7183 7321 7449 7742 7707 8028 7403 7479 7669 8098 7449 7477 7831 8086 7634 7937 7759 7753 7671 7840 7343 7911 7870 7570 7514 7899 7697 7340 7581 7768 7713 8267 7678 8111 7441 7991 8004 8086 7819 7882 7731 7502 7292 7934 8177 7916 7465 8002 7821 7789 8031 7763 7529 7628 8055 8256 7565 8044 8331 7829 7505 7541 7550 7732 8337 7743 7512 7702 7683 8152 7971 8272 7914 7306 8056 7300 8090 7765 8447 7753 8219 7905 7742 7965 8242 8027 7820 7494 7480 8023 7763 8051 7981 7896 7533 7515 8208 7942 7686 7911 8222 7538 7830 7879 8096 8497 8229 8048 7739 7980 7531 7700 7611 7607 7587 8108 7580 7466 7841 7415 7379 7880 7781 7889 7737 7463 7418 7990 7760 7973 7891 7827 7627 7930 7984 7500 7865 8065 7601 8040 7519 7933 7747 8239 7775 7702 7942 7687 7834 7188 7622 7584 7751 7678 8121 8136 7704 7456 7698 7733 8382 7368 7581 8108 7258 7657 8079 7325 7793 7495 7539 7755 7466 7450 7354 7600 7636 7815 7936 7830 7483 7716 8041 7892 7994 7463 7481 8050 7902 8041 7750 7763 7595 8188 7773 7246 7639 7516 7401 7483 7566 7747 7801 7865 8532 7604 7570 8007 7871 7200 7362 7417 8024 7299 7960 7646 7920 7832 7777 7878 7936 7485 8167 7952 7828 7695 7655 8109 7629 8045 7439 7653 7792 7690 8174 7723 7869 7589 8380 7917 8168 7451 7489 7589 7337 7522 7708 7906 7633 7694 7721 7924 8060 7791 7770 7579 7594 7445 7896 7923 7586 8065 7611 7922 7975 7479 8037 7849 7827 7879 7228 7976 8028 7835 7931 7562 7888 7589 7804 7593 8158 7534 7966 8435 
7833 8299 8571 8109 9036 8046 8760 8407 8112 8245 8545 7960 7809 8737 8715 8538 8335 8545 8246 8163 8721 7575 8141 8547 8901 9039 8141 8164 8635 8459 8130 7757 8328 8282 8429 8535 8075 7969 8283 8161 8545 8597 8246 8222 8309 7940 8816 8099 8609 8457 8000 8358 8437 8316 8816 8638 8074 8853 8615 8316 7989 8820 8460 8280 8859 8166 8613 8371 8704 8443 8449 8752 7918 8823 8285 7882 8423 8628 8822 7884 8236 8643 8197 8260 8559 7903 8551 8145 8645 8215 7935 8442 8531 8033 8074 8630 8792 8813 8678 7973 8416 9087 8562 8772 8368 8474 8793 8331 8238 8695 8363 8445 8195 8055 8672 8560 7985 8000 8313 8495 8401 8203 7466 8088 8501 8970 8350 8274 8706 8917 8521 8822 8556 7854 8355 8636 8111 8343 8299 8446 7927 8598 8419 7952 8581 8690 8041 9143 7921 8410 8047 8425 8657 8782 8545 8423 8587 8314 8060 8344 8510 8825 8454 8695 8050 8441 8626 8340 8404 8352 8595 8746 8379 8796 8363 8599 8597 8641 8222 8498 8876 8417 8271 8468 8166 8469 8504 8994 8300 7680 8383 7794 8371 8165 8907 8483 8680 9128 8468 8528 8331 8694 8463 7665 8004 8461 8558 8337 8785 8519 7931 8106 8926 8234 8063 8434 8556 8013 8604 8328 8306 9020 9167 8598 8345 8869 8132 8519 8333 8260 8263 8605 8127 8015 8328 7733 7942 8685 8683 8578 8006 8313 7978 8614 8483 8736 8253 8248 7933 8804 8936 8308 8603 8649 8190 8546 8401 8662 8304 8813 8087 8368 8840 8281 8348 8417 8411 8220 8468 7969 8671 8893 8362 8496 8407 7991 8903 8301 8154 8746 7961 8175 8671 8180 8553 7886 8168 8558 8490 8286 7534 8540 8529 8268 8819 8104 8187 8465 8767 8200 8117 8185 8018 8726 8694 8433 8520 8190 8523 8382 8727 7738 8578 8278 8278 8109 8265 8425 8758 8592 8953 8489 8375 8168 8400 7659 8403 8355 8887 8101 8012 8097 8662 8507 8311 8485 8714 8060 8773 8758 8396 8347 8271 8600 8246 8460 7792 8678 8604 8722 8521 8259 8386 8184 8896 8453 8722 8169 7919 8281 8222 8499 8461 8681 8206 8093 8459 8856 8604 8413 8201 8299 8277 8147 8471 8307 8508 8259 7912 8097 8731 7785 8732 8424 8523 8436 7899 8163 8963 8579 8648 8014 8361 8003 8570 8743 8208 8560 8599 8910 
7331 8279 8013 8001 8465 7848 8686 8004 7746 7888 7921 8132 7658 8201 8416 8240 8233 8130 7647 8057 7952 7540 8030 8202 8537 8357 7632 7943 7959 8068 7775 7346 7730 8018 8384 8305 7446 7803 8172 7875 8120 8046 7848 7904 8059 7900 8356 7818 8210 8023 7563 7809 7921 7856 8174 8291 7456 8335 8693 7788 7580 8176 7717 8160 8377 7749 8334 8128 8133 8104 7995 8188 7036 8234 8021 7736 8034 7955 8366 7183 7901 8347 7998 8008 8124 7602 8172 7471 8200 7940 7858 7874 8032 7742 8026 8520 8377 8509 8334 7843 8072 8891 8264 8533 7840 7894 8392 8078 7706 7897 7984 8501 7740 7238 8865 7940 7609 7663 7790 8223 7762 7930 7173 7703 7827 8470 7935 7671 8078 8347 8099 8136 7921 7697 7983 8062 7885 7906 8075 8123 7917 8028 7873 7253 7799 8258 7862 8555 7806 7890 7602 7711 8122 8156 7845 8188 8224 7762 7564 7878 8035 7792 8310 7565 7966 8296 8196 7549 7952 8009 8209 8442 7655 8561 8019 7825 7970 8264 7594 7815 7938 7954 7594 8111 7910 7825 8436 8637 7559 7388 8538 7128 7932 7827 8507 7952 8245 8313 7912 8237 7874 8237 8359 7251 8198 8316 7777 7981 8329 8156 7805 7859 8088 8218 7472 7828 8280 7594 8034 7806 7968 8757 8208 8073 7906 8106 7654 7987 8230 7646 8032 7931 7506 7809 8234 7393 7508 8320 7725 7867 8016 7679 7405 8231 8215 8442 7553 8053 7946 8408 8383 7837 7938 8500 7975 8318 7983 8358 7731 8057 8045 7725 8136 7654 8477 7454 7902 7747 8278 8016 8503 8271 8192 7833 7819 7439 8241 7560 8248 8210 7666 8013 8421 7409 7828 7850 7740 7955 8122 7844 7532 7717 8089 7552 8113 7772 7567 8168 8236 7992 7908 7914 7902 8436 8157 8426 8221 8015 7802 8294 8242 7368 8187 7836 7986 7852 7398 7831 8581 8146 8607 7762 7676 7912 8040 7410 7773 7865 8334 7437 8069 7696 8265 8293 7925 7875 8234 7961 8277 8285 7995 8351 7700 8518 7735 7796 7611 8098 8012 8489 8185 7843 7816 7376 8423 7869 8546 7654 7829 7800 7581 7948 8007 8226 7559 7915 8124 8428 8430 7890 7746 8013 8236 8091 8143 7926 7713 8000 7413 7823 8008 7681 8015 7875 7960 8089 7697 8151 7565 8541 8335 7722 7848 7664 7939 7901 8149 8326 8389 8567 
7083 8338 8248 8166 8849 8225 8854 8131 7730 7800 8095 8153 7415 8505 8716 8075 8690 8240 8139 7654 8674 7659 8001 8629 8544 8239 7477 7971 8092 7960 7886 7402 8032 8145 8672 8061 7828 7937 8233 8153 7946 8595 7991 7891 7629 7968 8371 7907 8195 8278 7716 7850 8240 7815 8676 8491 8012 8353 8444 8138 8034 8538 8212 8055 8168 7798 8318 8136 8498 8549 8366 8665 7362 8396 7958 7600 7990 8139 8549 7676 8286 8532 8191 8096 8066 8155 8312 8028 8498 7904 7829 7998 7999 7902 8216 8715 8297 8849 8679 8097 8073 8789 7944 8478 7925 8463 8732 8510 7638 8095 8256 8277 7617 7906 8755 7853 7831 7640 7803 8096 8076 8171 7714 8020 8207 8585 7814 8014 8302 8691 8034 8423 7829 8002 8164 7957 8010 8422 8140 8495 7853 8386 7924 7603 8198 8264 8107 8763 7837 8172 7633 8250 8529 8279 7739 8136 8699 8095 8161 8016 8271 8085 8417 8289 8255 8289 8282 7866 7747 7877 8063 8662 7840 8725 8293 8331 7771 8254 7872 8332 8351 8147 8122 7626 7850 8569 8373 8453 8229 7539 8605 7634 8309 8092 8783 8301 8578 8669 7955 8451 7954 8545 7968 7613 8021 8435 8110 8086 8068 8342 7903 7768 8984 8442 7789 8067 8524 7943 8012 8055 8479 8914 8671 8235 8094 8549 7572 8163 8354 7845 8150 8282 7986 8131 8225 7956 7861 8667 8342 8222 8282 8118 7645 8303 8214 8563 8185 8121 8226 8541 8623 8281 8232 8669 8082 8224 8288 8345 8152 8352 8519 8077 8234 8488 8408 8176 8154 7672 8164 8107 8428 8449 8052 8138 8015 7708 8668 8091 8213 8733 7604 8170 8332 7845 8077 8021 7901 8404 8244 8287 7388 8153 8249 7969 8400 7638 7891 8105 8368 8279 7864 8032 8125 8522 8613 8322 8323 8114 8326 8377 8387 7635 8169 8090 7627 7841 7768 8027 8420 8450 8808 7864 8373 7892 8221 7280 7935 7835 8533 7573 8207 7760 8412 8479 8507 8354 8538 7978 8418 8406 8036 8229 7829 8480 8046 8466 7862 7872 8446 8321 8263 8178 8074 8046 8987 8059 8828 8066 7672 7958 8105 7957 8357 8334 7960 7881 8287 8160 8417 8029 8115 8076 7959 7917 8366 8069 8051 7930 7277 8127 8169 7598 8325 8003 8359 8181 7528 8066 8190 8371 8369 8321 8120 7702 8085 8117 8248 8011 8558 8780 
7661 8850 8923 8755 9080 8426 9448 8577 8746 8321 8555 8540 8428 9305 8955 8618 9070 9151 8689 8687 9062 8431 8419 9169 9347 9024 8163 8584 8878 8860 8436 8206 8907 9079 8913 8764 8494 8459 8746 8667 8715 9073 8778 8788 8227 8539 8937 8594 8834 8830 8302 8463 8904 8793 9373 9067 8612 9220 9405 8469 8046 9190 8837 8657 8688 8803 8797 9102 9172 8910 9309 9241 8336 8941 8170 8071 8963 8871 9260 8283 8685 8780 9109 8911 8930 8714 8770 8393 8946 8654 8428 8727 8743 8022 8575 8947 8895 9302 9055 8656 8555 9123 8887 9183 8212 9183 9378 8713 8452 8906 8865 9056 8295 8550 9372 8688 7990 8408 8748 8793 8740 8770 8493 8365 8531 9451 9063 8631 9078 9264 8902 8853 8684 8555 8210 8602 8501 8865 8824 8907 8552 9034 8692 8162 9183 8761 8777 9415 8333 8803 8210 8692 8942 8995 8799 8939 9004 8981 8303 8667 9083 8754 9034 8861 8866 9043 8930 8499 8953 8575 8727 9506 8209 9126 9138 9025 8778 8948 8727 8960 9140 8773 8686 8509 8978 9171 9168 8981 8749 8075 8888 8248 8872 8691 9257 8486 9032 9300 9196 8579 9165 9159 9105 8281 8797 9172 8605 8862 8887 9092 8344 8376 9158 8812 8626 8871 8907 8134 8917 8617 8748 9376 9183 9083 8707 9006 8507 8590 9052 8510 8697 8948 8520 8623 8788 8394 8376 9278 8903 8733 8694 8576 8248 8817 8834 8876 8490 8331 8519 9042 9030 8529 8776 9152 8635 8916 8413 8976 8752 9249 8732 9061 8961 8980 9093 8533 8571 8261 8957 8505 8904 9320 9042 8977 8760 8339 9239 8444 8721 9127 8264 8722 9188 8317 8520 8738 8431 9007 8594 8504 8052 8532 8750 8721 8968 8736 8652 8611 9269 8799 8640 8456 8734 9366 9082 8795 8975 9114 8840 8915 8828 8114 8947 8914 8668 8562 8268 8791 8868 8692 9304 8522 8815 8839 8600 7983 8569 8504 9200 8125 8646 8576 8938 8854 8853 8998 9128 8938 9081 9398 8722 9093 8662 9205 8568 8866 8501 8703 8686 9125 9110 8722 8657 8694 9079 8862 9054 8768 8532 8912 8295 8765 8981 8916 8573 8559 9011 8915 9161 9046 8730 8318 8562 8791 8999 8884 8576 8879 8181 8556 8725 8277 8994 8371 9028 8819 8210 8843 8846 9391 8858 8760 8850 8514 8892 8903 8915 8742 9030 9198 
7203 7881 8159 8250 8519 7783 8581 7532 7907 7538 7873 7707 7371 8375 8258 8245 8483 8333 7938 7889 8518 8010 8204 8566 8475 8097 7972 8480 8126 8103 7834 7553 7943 7901 8208 8244 7692 8001 8081 8218 8122 8343 7737 8287 7647 7677 8087 7961 8313 8261 7637 7895 8392 7649 8362 8438 8152 8562 8393 7980 7619 8413 8043 7766 8289 7777 8147 8392 8491 8460 7892 8324 7829 8453 7957 7657 8212 7746 8394 7616 7787 8146 8151 8156 8515 7946 7982 7855 8676 7742 7853 7874 8351 7930 7523 8269 8347 8639 8281 7872 8112 8596 8222 8570 8055 8248 8509 8474 7705 8014 7886 8296 7503 7912 8440 8079 7382 7729 7578 8353 7912 7975 7396 7690 8070 8592 8129 7904 8503 8528 8379 8059 8271 7866 7991 8102 7705 7914 8196 8027 8087 8143 7748 7651 8023 8363 8011 8419 7854 7973 7971 8116 8465 7982 8118 8117 8353 7860 7842 7888 8168 8260 7901 8151 7969 8050 8400 8035 7789 8063 8046 8651 7937 8580 8354 8066 7850 7982 7810 8051 8637 7856 7726 8111 7946 7937 8240 8279 7727 7651 8309 7341 8292 8027 8534 8125 8519 8396 8273 8274 8008 8279 8417 7748 7935 8265 7586 8032 8360 8296 7798 7868 8265 8340 8001 8161 8033 7984 8035 8397 8375 9176 8510 8329 8208 8354 7474 8067 8180 7941 8079 8230 7674 7880 7686 7558 7822 8446 8481 7983 8223 7920 7931 8234 8104 8028 7826 8446 7687 8450 8315 8294 8264 8496 7987 8258 7754 8307 8142 8585 8332 7986 8345 8105 8169 8213 8072 7623 8080 8085 8341 8583 8176 8106 7938 7929 8597 7955 8071 8366 7534 8044 8251 7705 7685 7828 7583 7880 8047 8175 7411 7884 8177 8099 8382 8139 7932 8198 8784 8051 7870 8129 8069 8607 8067 8210 8566 8358 8410 8477 8327 7319 7974 8209 7812 7851 7681 8048 7999 7755 8499 8063 8328 7996 7935 7227 7611 7941 8430 7478 8045 8163 8059 8257 8108 8225 8444 7636 8389 8606 8399 8227 8033 8248 8313 8254 7622 7974 7989 8471 8419 8080 8160 8043 8373 8295 8315 7820 7868 7805 7825 8030 8180 8145 7813 8073 7996 8135 8363 8044 8362 7849 7869 8062 8342 7888 8001 8207 7592 7912 8142 7702 8315 8057 8323 8335 7602 8020 7976 8574 8187 7773 8145 7772 8329 8102 8330 8302 8248 8581 
6935 7892 8215 7582 8231 7543 8487 7842 7494 7818 7606 7827 7549 8184 8427 7429 8210 7944 7906 7694 8079 7386 7852 7833 8382 8045 7550 7827 8205 7981 7866 7202 7811 7800 8349 8187 7443 7711 8188 7778 7851 8147 7715 7954 7509 7546 7968 7686 8217 7759 7669 8012 8163 7681 7966 8099 7561 8228 8269 7684 7344 8205 7717 8007 8146 7659 8308 7858 8064 7816 8133 8045 7294 8071 7524 7543 7753 7656 7912 7246 7621 7880 8008 7954 8166 7448 8100 7671 8289 7514 7896 7985 7927 7580 8101 8136 8111 8222 8011 7569 7882 8395 7681 8382 7798 8136 8222 8134 7355 8131 7779 7906 7792 7502 8484 7750 7766 7551 7516 7849 7899 7701 7188 7469 7936 8317 8162 7837 8085 8191 7817 7955 7637 7865 8266 7929 7694 8010 8210 7848 7545 8127 7796 7131 7749 8155 7583 8438 7556 8062 7542 7594 8196 7943 8053 7985 8221 7875 7634 7856 8163 7834 8047 7807 7874 7737 7837 7753 8065 7649 8189 8138 7484 8211 8112 7879 7801 8214 7797 8095 8221 8118 7615 7844 7709 8157 8228 8486 8160 7402 8337 7328 8039 7518 8353 7978 8014 8231 8238 7844 7780 8329 7705 7443 7864 7811 7599 7637 8073 8311 7523 7430 8203 8068 7871 7595 7571 7411 7900 7935 7904 8487 8592 8068 7866 8005 7523 8232 7916 7767 8001 7983 7520 8054 8093 7486 7576 8358 8209 7663 8066 7389 7462 8285 8071 8687 7458 7808 7811 8045 8309 7728 7803 8168 7751 8077 7582 8180 7830 8112 7704 7861 8255 7782 8406 7876 7568 8055 7849 7668 8091 8092 8073 7964 7853 7573 8206 7816 7970 8079 7375 7975 7875 7395 7685 7412 7716 7925 8003 7955 7175 7657 7967 7789 8170 7702 7696 8026 8147 7635 7641 7596 7754 8197 7932 8096 8260 7859 7766 8037 8138 7383 7633 7769 7762 7280 7596 7933 8125 7768 8304 7813 7959 8056 7803 7164 7519 7940 8229 7608 7955 7685 8065 8300 7785 8128 8469 8206 8494 8365 7890 8033 7642 8245 7669 8142 7778 8111 7872 8157 7970 7951 7937 7457 8295 8179 8102 8103 7471 7703 7456 7927 7847 8244 7599 7355 7910 8424 8363 8033 7757 7883 8226 7704 7965 8276 7687 7867 7515 7909 8074 7630 8214 7866 7823 8375 7554 7882 8194 8263 8269 7763 7737 7330 7711 7872 7845 8079 8354 8672 
7982 8742 8851 8294 8815 8097 9062 8423 8316 8370 8443 8534 7777 9028 8918 8526 8785 8840 8292 8406 8826 8254 8385 8522 8756 8795 8155 8406 8695 8758 8088 8010 8565 8500 8612 8520 8276 8263 8415 8413 8723 8607 8333 8443 8415 8028 8815 8158 8771 8635 8334 8397 8983 8476 8952 8506 8226 9208 8835 8549 8357 9104 8342 8473 8814 8202 8754 8563 9031 8812 8850 8864 7905 8784 8298 8330 8590 8813 9058 8043 8303 8582 8490 8730 8462 8312 8579 8365 8770 8715 8288 8729 8691 8025 8446 8991 9139 9073 8836 8539 8482 9058 8522 9181 8655 8618 8712 8763 8076 8631 8443 8587 8286 8020 9172 8404 8033 7892 8365 8452 8676 8788 7927 8195 8617 9067 8873 8500 8774 8923 8461 8758 8419 8136 8540 8497 8122 8508 8770 8678 7775 9043 8587 7688 8315 8777 8416 8940 8548 8549 7816 8261 9020 8597 8391 8981 8682 8228 8037 8434 8916 8490 8153 8282 8493 8545 8756 8410 8499 8668 8879 8909 8310 9351 8822 8802 8544 8585 8320 8787 8947 8341 8146 8382 8271 8307 8537 8763 8561 7937 8529 7628 8387 8691 9094 8539 8786 9335 8685 8684 8293 8656 8637 8124 8197 8600 8416 8464 8832 8603 8578 8350 8841 8667 8364 8679 8649 8271 8516 8058 8612 9197 9103 9022 8656 8446 8088 8332 8354 8388 8775 8685 8232 8529 8359 8214 8033 9067 8503 8310 8326 8369 8156 8857 8462 8849 8585 8457 8350 8809 8907 8280 8640 8772 8596 8540 8596 8858 8562 8729 8526 8261 8765 8635 9047 8141 8516 8625 8644 8253 8571 9077 8654 8452 8649 8231 8975 8564 8661 8674 8100 8190 8771 7903 8701 8484 8113 8693 8464 8221 7899 8388 8630 8463 9204 8491 8382 8738 8910 8349 8559 8585 8670 8611 9001 8979 8872 8644 8459 9097 8514 8024 8140 8551 8590 8291 8386 8558 8901 8505 9643 8540 8672 8447 8702 7902 8103 8311 9008 8202 8249 8495 9005 8529 8684 8550 8922 8514 8718 8898 8359 8836 8172 9035 8346 8606 8172 8492 8706 8774 8829 8347 8628 8145 8878 8932 8829 8366 8384 8386 8135 8226 8288 8539 8380 8431 8492 9169 9056 8307 8387 8356 8473 8518 8575 8715 8507 8397 7830 8288 8446 8177 8672 8527 8493 8900 8093 8604 8615 9113 8997 8506 8809 8091 8407 8661 8369 8528 8920 9240 
7352 8091 7921 8139 8250 7807 8316 7919 7833 7495 7826 7722 7668 8600 8219 7781 7986 8148 7850 7638 8477 7489 7766 8348 8232 8165 7849 7923 7754 7896 7508 7337 7701 7996 7967 8290 7623 7921 8106 7951 7793 7808 7988 8002 8019 7700 8143 7847 8169 8199 7643 8114 8213 7656 8274 8225 7840 8557 8110 7886 7543 8405 8063 7764 8168 7921 8171 7818 8620 8475 8221 8553 7484 8254 7702 7424 7958 7727 8269 7526 7527 8076 7918 8266 8013 7825 8277 7718 8084 7465 7438 7871 8145 7510 7957 8346 8372 8391 8260 8046 8185 8524 7824 8404 8161 8313 8637 8221 7457 7832 7611 7835 7515 7529 8632 8128 7567 7626 7531 8097 7930 7933 7641 7572 7846 8631 7928 7785 8234 8400 7668 8215 7893 7861 7749 7864 7933 8130 8017 8011 7518 8137 7914 7601 7747 8244 7650 8758 7739 7806 7725 7928 8183 7918 7734 7853 8286 7969 7626 8009 7970 7977 7975 7771 7975 7976 8098 7845 7900 8220 8263 8345 7498 8317 7852 7947 8065 7904 7529 7859 8250 7812 7472 7668 7678 8232 8213 8354 8153 7187 8149 7523 8195 7947 8511 8024 8319 8266 8139 8221 7832 8373 7997 7166 8061 8338 7691 7966 8367 8162 7607 7740 8422 8285 7709 8153 8371 7757 7924 7618 8182 8739 8469 8038 8189 8277 7314 7958 7997 7725 7961 8152 7763 8078 8025 7756 7687 8370 8089 7776 7579 7627 7672 8387 7784 8053 7556 7701 7844 8245 8402 8111 7951 8453 7933 8203 7818 8364 7671 8209 7857 7955 8377 8016 8385 7968 7775 7816 7719 8135 8149 8413 8189 8042 8014 7292 8185 7589 7658 7963 7459 7675 8142 7417 8085 7635 7844 8317 8120 7822 7192 7686 8131 7842 8071 7655 7962 8428 8165 8011 7815 8095 8143 8304 8397 8148 8182 7956 7925 8151 8324 7365 7858 7889 7970 7905 7900 8008 8021 7981 8356 8207 8061 7889 8182 7301 7565 8072 8314 7651 7926 7837 8213 8147 7988 8000 8346 7859 8399 8407 8088 8294 7476 8406 8076 8029 7403 7904 7962 8343 8121 7619 7998 7861 8377 8101 8458 7548 7491 7823 7792 7851 7909 8065 7659 7792 8180 8229 8301 8138 7961 7754 8100 7689 8178 8046 7831 8081 7313 7926 7964 7784 8071 7948 7940 7787 7531 7825 8151 8358 8170 8026 7616 7614 7688 7953 7611 7958 7946 8631 
7405 8048 8409 8025 8142 7714 8223 7875 7855 7422 7796 7460 7370 8281 8262 7646 8451 7887 7696 8055 8110 7720 7990 8131 8103 8026 7736 7963 7752 8085 7258 7440 7934 7795 8134 8159 7526 7681 7813 7840 8049 8364 7645 8074 7829 7523 8093 7591 7955 8245 7794 7643 8005 7748 8062 8240 7507 8441 8452 7718 7522 8106 7888 7742 8250 7535 7874 8047 8285 8179 8183 8246 7053 8322 7603 7398 8064 7514 8313 7664 7664 8036 7673 7850 7823 7768 7828 7483 8051 7462 7777 7972 7995 7503 7718 8135 7858 8241 8148 7716 7908 8356 7699 8297 7675 7950 8631 7759 7630 7490 7609 8192 7570 7133 8762 7556 7378 7467 7630 7983 7810 7692 7479 7898 8081 8459 8097 7820 8183 8645 8092 8029 7896 7667 7675 7403 7561 7902 8147 8149 7652 7966 7628 7160 7900 8038 7920 8170 7653 7761 7504 7740 8177 7783 7605 7958 8150 8082 7759 7600 7909 8121 8097 7666 8036 7803 8094 7907 7798 7978 8012 8235 7637 8598 7921 7946 7964 7953 7761 7968 8051 7647 7673 7885 7850 7860 7839 8138 7952 7216 7806 7189 7928 7835 8348 7673 8128 8569 8100 7754 7742 8402 8336 7436 7780 7844 7845 7974 8073 8025 7374 7912 8305 8064 7643 7679 8361 7428 7938 8117 8091 8604 8427 7903 8152 8077 7519 8014 7851 7621 8007 7848 7617 7825 7885 7173 7296 8315 7974 7635 7699 7819 7506 8080 8044 8195 7814 7995 7656 8310 8325 7801 8020 8257 7861 8047 7637 8117 7996 7802 7891 7698 8030 7865 8253 7935 7905 7642 7720 7952 8150 8106 8141 7610 7939 7683 8046 7942 7810 8114 7485 7716 7874 7375 8044 7832 7854 7728 8020 7781 7532 7861 8059 7801 8012 7714 7714 8094 8283 7789 7618 7661 7934 8434 7711 8229 8074 8148 7997 7979 7799 7464 7814 7821 7786 7808 7478 7947 7929 7814 8548 7703 7942 7767 7656 7058 7588 7803 8372 7385 7375 7428 8080 8086 7713 8044 8244 7759 8152 8278 8012 8130 7544 8122 7830 8107 7567 7552 7889 8062 8037 7678 7682 7664 8214 8182 7950 7814 7734 7796 7556 7765 7898 8012 7707 7757 7890 8131 8198 8065 7894 7972 8323 7639 8163 7740 7872 7893 7391 7739 8070 7396 7763 7865 8108 7770 7056 7583 7652 8282 8189 7950 8144 7471 7770 8197 7751 7970 8282 7964 
7553 8533 8519 8168 8945 8219 8957 8535 8260 8055 8135 8055 7880 8678 8922 8539 8818 8602 8439 8290 8613 8121 8464 8471 8925 8753 7844 8403 8268 8487 8221 7908 8328 8074 8615 8248 8129 8261 8245 8242 8154 8703 8183 8319 8323 8005 8894 8264 8849 8614 8181 8205 8461 7840 8866 8980 8242 8762 8940 8523 8103 8743 8576 8144 8535 8317 8545 8589 8786 8729 8609 8744 8328 8634 7835 7839 8541 8340 8596 8214 8521 8597 8415 8394 8503 8266 8773 8387 8840 8284 8406 7871 8229 8262 8254 8890 8774 8783 8678 8199 8696 9093 8455 8617 8194 8599 9084 8527 8008 8429 8388 8693 8127 7964 9040 8414 7637 7974 8270 8532 8594 8204 7924 8057 7985 9059 8231 8210 8488 8883 8625 8786 8525 8515 8344 8213 7877 8635 8608 8277 8004 8659 8329 7700 8589 8350 8147 8907 8299 8467 7862 8768 9044 8758 8325 8666 8733 8313 8133 8373 8724 8763 8526 8142 8404 8227 8722 8637 8163 8168 8491 8745 8191 8798 8673 8510 8341 8483 8223 8318 8770 8469 7873 8319 8272 8403 8841 8708 8550 7740 8473 8104 8499 8249 9420 8541 8511 9021 8213 8726 8202 8335 8226 8098 8376 8495 8242 8258 8660 8672 8477 7852 8852 8429 8288 8224 8736 8273 8381 8577 8589 8986 8550 8549 8390 8652 8138 8431 8545 8029 8577 8914 7933 8735 8450 8119 8134 8468 8519 8438 8357 8389 8101 8386 8230 8743 8151 8426 7814 8383 8661 7864 8674 8724 8493 8887 8192 8884 8372 8692 8594 8660 8570 8367 8845 7983 8216 8060 8675 8837 8938 8717 8403 8279 8389 8402 9174 8364 8169 8720 8105 8446 9000 8231 8209 8371 8018 8516 8450 8386 7603 8177 8223 8453 8509 8294 8290 8815 8756 8561 8314 8550 8301 8505 8508 8629 8673 8069 8608 8687 9130 7850 8598 8501 8209 8571 8230 8335 8573 8407 9304 8429 8382 8366 8541 7488 8370 8250 8671 8084 8435 8382 8713 8448 8484 8655 8664 8184 8958 8892 8497 8605 8311 8675 8299 8555 8009 8390 8600 8663 8544 8151 8523 8202 8941 8656 8984 8226 7899 8475 8141 8365 8182 8674 8401 8197 8766 8766 8572 8306 8298 8276 8543 8404 8399 8654 8636 8696 7845 8303 8695 8245 8551 8159 8885 8708 7662 8591 8637 8601 8655 8149 8574 8286 8268 8319 8239 8412 8655 8696 
7450 8205 8780 8278 8687 8061 9024 8098 8050 7898 8104 8047 7731 8234 8680 8213 8584 8558 8338 8329 8845 8261 8326 8476 8917 8719 8022 8390 8129 8446 8092 7609 8041 8138 8358 8241 8062 8340 8409 8531 8366 8405 8005 8222 8066 7704 8606 8041 8729 8393 7895 8245 8561 7906 8749 8609 8041 8580 8774 8420 8014 8218 8335 8160 8571 8212 8117 8357 8576 8694 8644 8480 7991 8688 8217 8160 8539 8211 8739 7963 7996 8372 8124 8251 8670 8014 8466 8029 8962 8064 8353 8156 8304 7929 8151 8557 8536 8790 8695 8124 8246 8808 8000 8715 8166 8536 8648 8503 7906 8365 8345 8665 8216 7860 8902 7992 7857 7847 8163 8710 8306 8446 8000 8224 8423 8747 8018 8162 8571 8660 8411 8731 8295 8264 8209 8472 8006 8505 8617 8264 7926 8528 8020 7536 8110 8522 8187 8911 7900 8475 8201 8388 8843 8334 8086 8516 8610 7925 7947 8264 8436 8310 8068 8001 8401 8065 8494 8363 8342 8468 8672 8642 8045 8860 8506 8569 8337 8372 8331 8236 8628 8413 8049 8133 7961 8534 8348 8984 8338 7662 8201 7785 8377 8344 8813 8414 8929 8853 8209 8521 8468 8525 8226 8036 8053 8453 8268 8129 8636 8714 8162 7912 8660 8628 7936 8358 8405 8595 8203 8307 8319 8997 8570 8557 8255 8693 8214 8032 8165 7830 8241 8557 7922 8213 8175 8085 8126 8335 8578 8469 8088 8420 7931 8644 8536 8199 8336 8282 8300 8477 8499 8017 8490 8549 8439 8521 8182 8692 8393 8442 8573 8438 8412 8536 8587 8021 7959 8407 8634 7994 8560 8660 8159 7997 8373 7980 8733 8076 8527 8379 8030 8254 8478 7963 8200 7841 8072 8595 8282 8240 7839 8171 8325 8198 8535 8247 8320 8103 8640 8395 8419 8423 8320 8405 8660 8522 8777 8367 8316 8419 8767 7906 8451 8303 8181 7952 8017 8467 8388 8534 9037 7973 8245 8285 8228 7633 8037 8402 8731 8044 8239 7902 8496 8450 8381 8570 8736 8383 8664 8736 8436 8499 8070 8832 8139 8363 7869 8166 8319 9039 8692 8551 8295 7971 8720 8771 8625 8335 8179 7957 8011 7912 8181 8435 8376 8250 8315 8496 8622 8345 8569 8181 8236 8297 8558 8544 8173 8367 7884 8429 8614 7826 8119 8372 8441 8597 7950 8302 8688 8714 8675 8115 8313 8088 8053 8197 8098 8538 8592 8686 
7845 8724 8492 8470 8843 8368 8822 8135 8302 8342 8299 8351 8007 9068 8739 8358 9161 8554 8036 8495 8916 8303 8373 8746 9075 8533 8038 8660 8348 8437 8129 7878 8434 8408 8806 8698 8365 8370 8566 8284 8744 8482 8387 8281 8185 8320 8952 8244 8762 8527 8231 8284 8569 8330 8907 8589 8237 9073 9189 8437 8195 8878 8699 8206 8648 8443 8668 8542 8879 8589 8830 8680 7937 8367 8307 7978 8615 8265 8671 8019 8134 8644 8472 8462 8745 8388 8527 8190 8793 8298 8249 8292 8390 8222 8145 8867 9109 8859 8422 8361 8594 9004 8341 8854 8500 8712 8937 8334 8501 8743 8224 8598 8354 7981 9362 8574 8142 8199 8145 8704 8543 8684 8063 8421 8370 8749 8528 8397 8643 8834 8719 8652 8528 8174 8776 8907 8376 8670 8891 8351 8155 8741 8387 7900 8464 8775 8512 9155 7884 8793 8258 8288 8924 8582 8361 8338 8644 8334 8035 8404 8747 8440 8524 8465 8488 8166 8563 8345 8554 8644 8878 8961 8283 8987 8845 8699 8370 8615 8329 8506 9038 8314 8302 8261 8159 8802 8637 8977 8578 7846 8766 8150 8348 8199 9053 8455 8823 8835 8488 8587 8713 8709 8577 8102 8537 8890 8431 8686 8840 9012 8377 8202 8959 8761 8221 8400 8709 8134 8721 8529 8537 9151 9195 8823 8266 8651 8032 8568 8567 8050 8236 8712 8126 8049 8553 8169 7974 8958 8640 8456 8407 8312 7897 8563 8820 8876 8434 8249 8117 9086 8636 8320 8757 8755 8715 8433 8267 8780 8476 8473 8698 8408 8787 8388 8683 8253 8339 8424 8496 8526 8941 8874 8739 8536 8117 8563 8976 8458 8546 8676 7903 8406 8643 8150 8476 8042 8084 8415 8364 8450 8293 8248 8520 8316 8813 8225 8735 8465 8588 8483 8395 8319 8494 9032 8694 8703 8638 8542 8422 8849 8794 8031 8511 8221 8006 8287 8283 8523 8524 8380 9037 8443 8409 8612 8307 7725 8154 8555 8582 7922 8476 8371 8739 8809 8497 8496 8813 8394 9023 8867 8293 8596 8582 8989 8354 8670 8060 8481 8418 8818 8753 8387 8420 8224 8841 8632 9109 8271 8236 8269 7952 8290 8388 8720 8175 8359 8589 8732 8558 8653 8432 8154 8506 8579 8386 8597 8425 8620 8087 8374 8620 8055 8821 8612 8750 8765 7984 8608 8734 8687 8959 8412 8470 8400 8678 8554 8666 8932 8860 9231 
7437 8714 8392 8444 8863 8114 8743 8305 8078 7967 8206 7974 7503 8648 8743 8441 8846 8365 8069 8198 8399 8152 8314 8409 8494 8645 7738 8371 8131 8536 7754 7630 8229 8524 8431 8301 7859 8043 8444 8102 8210 8168 8204 8249 8305 7937 8570 8199 8644 8311 7925 8207 8111 7883 8763 8578 8362 8639 8922 8152 7686 8703 8284 8271 8134 8213 8645 8448 8601 8443 8240 8701 7673 8818 8311 7895 8206 8298 8478 7912 8082 8398 8561 8360 8319 8209 8303 8088 8709 8037 8046 8410 8320 7824 8009 8824 8849 8857 8415 8331 8315 8670 8346 8401 8442 8062 8677 8241 8102 8349 8184 8443 7808 7982 8791 8146 7861 7637 8024 8399 8092 8203 7557 8222 8271 8880 8236 8110 8618 8557 8123 8662 7894 8042 8364 8247 7716 8242 8634 8231 7760 8234 7965 7705 8459 8557 8109 8785 7970 8540 7884 8330 8663 8431 8058 8416 8477 7888 8178 8344 8525 8469 8290 8071 8201 8476 8450 8008 8543 8344 8506 8778 8115 8819 8338 8650 8220 8232 7948 8529 8636 8262 8297 8359 8204 8260 8441 8671 8234 7394 8884 7607 8381 8471 9312 8246 8341 8587 8354 8575 8090 8436 8131 7795 8236 8630 8260 8355 8407 8557 8345 7950 8867 8429 8028 8248 8322 8101 8266 8153 8675 8906 8311 8554 8192 8584 8006 8064 8569 7758 8030 8729 8022 8199 8435 7604 7882 8686 8463 8365 7654 8197 8035 8313 8465 8739 8056 8390 8309 8637 8575 8252 8413 8887 8410 8468 8075 8235 8372 8414 8084 8243 8317 8043 8738 8059 8322 8243 8414 8159 8591 8394 8302 8094 8018 8119 8527 8040 8355 8526 7787 7907 8623 8059 8057 8069 7977 8450 8680 8488 7587 8128 8566 8396 8414 8306 8329 8630 8783 8355 8078 8116 7944 8840 8345 8698 8573 8408 8213 8566 8338 7937 8358 7985 8001 7831 8008 8391 8479 8136 8821 8091 8111 8317 8240 7437 8193 8257 8877 7736 7980 8016 8232 8609 8524 8340 8410 8204 8773 8465 8200 8203 7970 8706 8215 8395 7953 8245 8301 8449 8453 8046 7941 8210 8750 8471 8639 8046 7958 8249 7979 8338 8346 8275 7918 8143 8202 8676 8319 8093 8318 7953 8195 8083 8147 8537 8230 8612 7593 8156 8511 8012 8391 8107 8304 8362 7562 8451 8470 8571 8262 8040 8558 8023 8087 8153 8060 8337 8591 8815 
7807 8327 8713 8321 8197 8151 8947 8147 8126 8167 8479 8562 7773 8815 8674 8571 8883 8783 8345 8630 8678 8045 8298 8767 8887 8594 8257 8602 8147 8589 7908 7984 8665 8407 8472 8488 7980 8198 8261 8457 8376 8582 8199 8428 8023 8028 8760 8294 9077 8788 8239 8328 8645 8240 8971 8541 8238 8781 8775 8357 8075 8855 8179 8555 8670 8299 8652 8513 8868 8911 8262 8849 7844 8503 8255 8130 8464 8329 8886 7947 7994 8623 8382 8497 8483 8389 8559 8312 8636 8513 8081 8283 8726 7797 8504 8836 8710 9081 8710 8442 8393 8947 7889 8896 8466 8730 8895 8752 8083 8324 8244 8263 8172 8233 9201 8227 7974 7886 8217 8499 8317 8673 7875 7934 8369 8915 8551 7809 8770 9188 8594 8873 8306 8214 8506 8317 8052 8515 8513 8107 7836 8387 8345 7911 8329 8287 8208 8646 8030 8231 8106 8376 8861 8496 8190 8604 8428 8360 8474 8267 8377 8453 8750 8346 8304 8346 8600 8109 8373 8750 8423 8678 8126 9008 8699 8719 8484 8466 8415 8480 8663 8181 8033 8235 8290 8386 8614 9058 8067 7698 8633 7852 8459 8563 9095 8461 8709 9018 8559 8543 8205 8627 8245 7796 8533 8686 7976 8703 8908 8764 8172 8280 8867 8606 8099 8449 8503 8202 8322 8048 8520 9255 9143 8685 8475 8941 7848 8472 8437 8159 8326 8376 8208 8456 8307 7990 8243 8986 8589 8222 8035 8236 8069 8849 8730 8638 8302 8433 8328 8622 8556 8620 8688 8952 8380 8612 8158 8713 8101 8892 8380 8454 8767 8585 8692 8223 8238 8054 8007 8513 8959 8654 8675 8290 8693 8374 9139 8138 8376 8650 7696 8382 8603 7942 8298 8143 7907 8642 8375 8320 7966 8107 8529 8513 8852 8117 8382 8331 8865 8322 8349 8233 8260 8654 8835 8755 9040 8549 8305 8830 8413 7616 8579 8406 8287 8123 7965 8341 8676 8533 9058 8799 8327 8302 8334 7511 8147 8479 9039 8043 8497 8369 8506 8668 8540 8461 8833 8188 8857 8796 8257 8485 8243 8827 8075 8566 7861 8474 8704 9086 8620 8405 8463 8353 8780 8598 8900 8189 8203 8150 8095 8175 8216 8590 8437 8520 8614 8942 8965 8404 8491 7876 8428 8149 8426 8409 8295 8477 7894 8499 8283 7915 8773 8572 8505 8770 7849 8521 8529 8827 8552 8123 8526 7858 8243 8582 8238 8658 8555 9110 
7086 7597 8053 7760 8075 7568 8025 7720 7130 7322 7769 7806 7202 8278 8182 7584 8255 7889 7639 7867 8000 7530 7515 8308 7957 7938 7359 7877 7616 7778 7509 7208 7925 7540 7790 8139 7209 7578 7644 7976 7467 8013 7611 7741 7085 7391 8094 7281 8058 7892 7655 7621 7718 7629 8199 8265 7524 8187 7946 7537 7386 8249 7649 7664 8294 7626 8257 7616 7950 7789 8027 7990 7414 8010 7777 7485 8136 7342 7972 7401 7511 8304 7892 8005 7705 7407 7752 7673 7959 7870 7735 7559 7678 7782 7970 8078 7830 8399 7867 7408 7948 8209 7599 8158 7723 7879 8168 7647 7175 7443 7552 7823 7566 7370 8295 7138 7086 7508 7282 8023 7793 7644 7245 7353 7744 8291 7892 7537 7970 8195 7897 8140 7724 7871 7547 7886 7450 7895 7763 7908 7313 8086 7788 7056 7825 7857 7499 8291 7480 8101 7451 7450 8234 8238 7723 7749 8043 7645 7705 7973 7949 7467 7810 7460 7633 7952 7889 7655 7635 8005 7667 8452 7516 8306 7956 7880 7550 7991 7511 7619 8329 7910 7538 7420 7436 7854 7911 8299 8095 6972 7839 7311 7867 7678 8611 7816 7953 8339 8006 7556 7734 7989 7349 7220 7891 7926 7640 8034 7719 7724 7565 7525 8221 7887 7671 7694 7838 7697 7694 7896 7946 8301 8211 7745 7993 8073 7284 7889 7503 7367 8112 8102 7759 7602 7707 7333 7442 8134 8238 7770 7818 7399 7585 7982 7846 8153 7414 7746 7605 8093 8039 7633 7880 8163 7873 7873 7656 8116 7571 8179 7855 7690 7842 7919 8080 7727 7573 7571 7843 7954 7890 7797 7950 7751 7850 7433 8289 7546 7951 7951 7433 7689 8230 7167 7898 7486 7445 7602 7543 7741 7343 7631 7745 7683 8001 7696 7509 8202 8060 7690 7643 7815 7983 8093 8007 8195 8062 7561 8131 8296 7842 7399 7427 7479 7522 7569 7261 7939 7685 7804 8567 7736 7889 7619 7788 7034 7822 7731 8199 7408 7525 7963 7716 7553 7653 7805 7911 7867 8019 7929 7967 7986 7509 8069 7573 7768 7444 7764 7660 8069 8059 7763 7759 7495 8078 7979 8206 7629 7807 7417 7025 7480 7547 8030 7611 7572 7774 8221 8162 7858 7831 7868 8007 7569 7659 7884 7628 7890 7161 7607 7741 7448 7776 7527 7572 7863 7421 8029 8084 8212 8128 7731 7789 7343 7481 7896 7858 7415 8153 8325 
7137 7926 7787 7455 8203 7395 8019 7499 7806 7492 7900 7579 7356 8033 8230 7534 8017 7896 7730 7391 8025 7397 7463 8077 8086 7622 7542 7762 7484 7526 7741 7168 7883 7612 8116 7798 7434 7502 7872 7538 7639 7964 7652 7444 7538 7162 8308 7599 7880 7826 7347 8001 7943 7554 7864 7826 7681 8160 8190 7335 7260 7826 7615 7827 8041 7626 8088 7381 8112 7762 8179 8146 7331 7683 7225 7465 8042 7660 8164 7341 7669 7785 7547 7658 7743 7669 7823 7536 7807 7692 7836 7875 7867 7877 7558 8044 8315 8373 7961 7504 7547 8320 7511 8047 7750 7842 8221 7970 7465 7582 7672 7731 7442 7354 8495 7740 7366 7407 7641 7771 7605 7793 7325 7432 7687 8571 7774 7427 7996 8045 7872 7781 7636 7504 7754 7791 7824 7943 7778 7883 7445 7931 8009 6802 7531 8035 7527 8312 7448 7800 7805 7800 8106 8476 7747 8140 8082 7750 7417 7952 8072 7634 7865 7688 7360 8027 7857 7681 7757 7710 7956 8118 7598 8683 7850 7959 7583 8068 7453 7801 8087 7796 7263 7615 7631 7844 8016 8039 7969 7242 7763 7283 7738 7578 7974 7926 7807 8264 7822 7792 7757 8251 7422 7069 7458 7787 7277 7644 7860 8015 7572 7306 8087 7876 7824 7811 7726 7280 7910 7675 7941 8518 8372 7960 7782 7859 7558 7841 7860 7770 7794 7703 7391 7573 8075 7543 7459 8043 7840 7475 7410 7481 7653 8085 7767 7920 7524 7734 7553 7855 8246 7738 7738 8093 7964 7918 7784 8146 7799 7700 7852 7852 8079 7870 8043 7923 7634 7344 7785 7269 7895 8372 7684 7648 7890 7378 8031 7707 7856 8000 7451 7768 7659 7670 7742 7275 7141 8117 7679 8027 7273 7482 7993 7550 8075 7462 7572 8263 7877 7521 7675 7402 7836 7833 8041 8027 8092 7732 7892 8192 7620 7249 7658 7539 7611 7484 7320 7599 7927 7690 8050 7842 7974 7792 7478 7143 7480 7530 8099 7465 7809 7804 7956 7688 7762 7879 7935 7870 8267 8203 7988 7658 7476 8170 7455 8267 7668 7439 7741 8080 7963 7758 7613 7391 8234 7762 8281 7627 7539 7759 7273 7463 7770 7833 7296 7230 7650 8145 7954 8007 7622 7421 8032 7574 7798 7822 7607 7669 7461 7477 7748 7199 7816 7755 7836 8128 7077 7623 7707 8201 7748 7622 7519 7417 7641 7795 7753 7656 8111 8551 
7584 8323 8410 7734 8571 8189 8934 7964 7781 7856 8110 8242 7388 8762 8556 8566 8439 8600 8159 7775 8533 7584 8085 8690 8605 8394 7914 8275 8092 8233 7800 7520 7788 8312 8411 8196 7993 7945 8180 8248 7938 8292 7886 8192 7815 7930 8609 7734 8599 8060 8107 8243 8519 7936 8714 8284 8136 8737 8694 8180 8058 8572 8232 8352 8369 8047 8396 8376 8378 8450 8338 8356 7644 8345 7974 7775 8297 8251 8593 7929 7804 8401 8068 8238 8094 7947 8283 7973 8466 7906 8030 8236 8320 7610 8183 8544 8616 8772 8525 8023 8048 8375 7996 8636 8268 8331 8803 8022 7956 8386 8178 8207 7954 7633 8744 7979 7512 7851 7714 8430 8417 8215 7251 7798 8096 8577 7846 7741 8238 8750 8497 8340 8181 8145 8081 7926 7846 8168 8537 8567 8157 8173 7928 7714 7831 8241 8249 8541 7843 8223 7609 8456 8907 8074 8176 8436 8050 8001 7936 8092 8504 8303 8005 7935 7946 7834 8359 8326 8118 8254 8411 8472 8011 8631 8358 8319 8155 8319 8187 8424 8552 8506 7796 8199 7985 8154 8199 8560 8231 7358 8641 7595 8252 8201 8929 8301 8490 8690 8228 8114 8250 8250 7859 7710 7988 8514 7676 8231 8203 8628 7896 7840 8556 8136 7988 8037 8457 8141 8192 8233 8363 8854 8543 8307 8212 8616 7479 7875 8217 7723 7930 8521 8011 7904 7979 7794 7659 8454 8378 8322 7957 7945 7623 8368 8240 8281 7774 8071 8156 8526 8399 8139 8109 8689 8346 8365 8135 8597 8377 8259 8108 8037 8353 8250 8541 8130 7864 7811 8322 8186 8294 8585 8436 8099 8037 8186 8714 8180 7846 8378 7493 7864 8303 7823 8192 7771 7743 8429 8163 7897 7716 8113 8183 8140 8541 8215 8189 8415 8659 8389 8144 8278 8062 8979 8458 8367 8585 8129 8296 8564 8365 7462 8157 8143 7765 7971 7915 8318 8635 8185 8755 7973 8267 8420 8344 7414 7961 8160 8789 7978 8320 7957 8489 8107 8230 8040 8458 8157 8450 8410 7662 8109 7901 8730 8331 8787 7964 8379 8104 8567 8195 8088 7993 7855 8666 8459 8990 8293 8026 8206 7661 7720 8217 8711 8080 8038 8019 8446 8543 8031 8099 8096 7716 8262 8854 8354 8123 8051 7712 7885 8632 7627 8124 8267 8333 8540 7589 8192 8360 8585 8734 8127 8223 8045 8135 8005 7996 8051 8309 8507 
7420 8045 8436 8227 8714 8010 8671 7796 7968 8066 8117 7984 7548 8495 8655 7881 8370 8286 8075 7932 8640 7793 7949 8393 8603 8424 7919 8288 8165 8173 7643 7638 7945 8267 8270 8591 7718 7767 8161 7958 8277 8490 8277 8245 7915 7732 8605 8204 8537 8215 8039 8030 8224 7927 8551 8589 8027 8478 8694 8124 7849 8306 7969 8187 8532 8039 8595 8292 8469 8484 8538 8608 7790 8300 7806 7848 8310 8043 8468 7488 7600 8139 8163 8288 8309 7952 8110 8115 8560 7908 8449 8260 8047 8079 8292 8304 8458 8628 8172 7897 8177 8599 7998 8580 7809 8460 8924 8076 7867 8395 8000 8361 7898 7598 8894 7869 7496 7630 7917 8501 8188 8050 7559 8188 8189 8811 8381 7873 8074 8591 8402 8637 8333 8007 8237 8205 8007 8274 8661 8160 7888 8120 7895 7221 8095 8564 7910 8933 7790 8177 7732 8047 8348 8198 8238 8195 8294 8117 8045 8366 8416 8145 8215 8287 8073 7989 8180 8146 8165 8166 8546 8652 7811 8957 8354 8325 7817 8211 8066 8235 8750 8233 7764 7820 8157 8320 8448 8463 8071 7773 8266 7642 8091 7786 8390 8430 8362 8680 8456 8304 7959 8392 7930 7869 8257 8251 7886 8205 8588 8369 7755 7788 8339 8201 7657 8212 8497 7596 8521 8432 8377 8804 8542 8128 8416 8318 7951 8317 8194 8139 8069 8574 7837 8220 8008 7528 8076 8564 8224 8352 7916 7779 7965 8388 8129 8394 7982 8382 7955 8543 8576 8239 8625 8727 8426 8592 7834 8510 8179 8162 8252 7940 8850 8366 8500 7910 8027 8027 8362 8051 8335 8347 8485 8005 8322 8134 8450 8087 8323 8085 7879 8195 8177 7950 8046 7624 7841 7907 8193 8137 7748 8097 8498 8196 8444 7957 7903 8193 8593 8131 7658 7988 8171 8207 8342 8447 8316 8216 8267 8311 8224 7329 8268 8169 8045 8090 8006 8517 8105 8132 8626 8020 7880 8078 7998 7365 8037 8060 8525 7679 7948 7951 8199 8254 8303 8155 8633 8092 8669 8890 8345 8619 7893 8600 8263 8433 7888 7921 8066 8813 8540 7993 7978 8158 8678 8269 8491 8067 7892 8375 7988 7941 8138 8248 8149 7793 8065 8379 8556 8407 8511 7966 7785 8054 8430 8498 8276 8105 7945 8023 8197 7602 8531 8297 8203 8471 7676 7865 8251 8952 8292 8079 8485 7724 8002 8115 8076 8323 8277 8799 
7482 8212 8268 7750 8617 7934 8594 8009 8128 7801 7941 7985 7359 8192 8390 8075 8714 8085 8060 7875 8199 7935 8404 8341 8514 8100 7888 8495 8109 8189 7896 7969 8220 7897 8442 8003 7706 7717 7918 7937 8217 8187 8109 8024 7984 7844 7981 7789 8201 8128 7576 7837 8065 7883 8631 8375 7735 8514 8378 7994 7711 8512 8208 7884 8326 7887 8251 8165 8371 8470 8240 8392 7809 8289 8140 7516 8314 7982 8208 7730 8200 8173 8234 8166 8351 7668 8092 7877 8354 7612 7942 7964 8195 7639 7968 8330 8538 8247 8435 8341 7925 8528 7987 8178 8029 8547 8466 7896 7985 8068 8383 8173 7671 7657 8845 7977 7901 7846 7689 8081 8346 8187 7428 7685 8076 8664 8011 7952 8452 8513 7980 8333 8238 7789 8036 8056 7746 7958 8493 7828 8120 8617 8103 7417 7984 8116 8042 8666 7668 8234 7912 7842 8652 8589 7965 8180 8375 8016 7864 8084 8551 8329 7956 7800 8042 8307 8328 8039 7953 8367 8326 8653 8046 8710 8179 8290 8167 7850 7947 8061 8501 8041 7804 8233 7754 8246 8330 8397 8178 7036 8143 7629 8063 8202 9146 8207 8462 8678 8149 8075 8234 8551 7965 7373 8162 8305 7874 8050 8285 8427 7621 7671 8373 8601 8162 8030 8379 7861 8201 7956 8410 8474 8439 8213 8095 8706 8049 7957 8312 7876 8092 8445 7876 7990 7970 7549 7571 8401 8121 8292 8005 7911 7547 8406 7917 8424 8141 8392 8272 8200 8224 8157 8218 8655 7864 8221 7989 8263 7986 8346 8117 7999 8180 8274 8385 7778 7879 7882 8179 8156 8379 8217 8133 8099 8409 7717 8513 8073 8393 8586 7908 8017 8465 7673 8046 7699 7760 8100 8193 7927 7542 7651 8172 8054 8381 7945 8035 8219 8500 8002 8035 8138 8081 8243 8475 8302 8390 8019 8079 8402 8368 7801 8377 7733 8110 7799 7614 8532 8330 8353 8989 8041 8002 8194 7959 7468 7836 8114 8723 7752 8002 8332 8326 8216 8132 8239 8171 8207 8454 8390 7578 8085 7883 8687 7871 8329 7616 8128 8097 8714 8471 8373 7804 7745 8478 8374 8723 8204 7622 7807 7901 7935 8003 8340 7750 7924 8144 8600 8254 8162 7986 7678 8026 8201 8019 8657 8138 8127 7168 8081 8175 7576 8388 8219 8304 8252 7450 8161 8465 8534 8499 7792 8030 7749 8194 8442 8025 8078 8572 8527 
6788 8121 7936 7587 8437 7618 7845 7640 7376 7329 8002 7756 7239 8305 8150 7931 8045 7828 7501 7675 8170 7478 7709 7918 8405 8115 7711 7850 7822 8046 7495 7340 7423 7619 8457 7818 7443 7399 7911 8104 7982 8126 7604 7946 7503 7586 8380 7625 7969 7681 7943 7739 7657 8100 8239 8290 7545 8122 8120 7618 7750 8177 7946 7936 8217 7866 7945 8028 8123 8422 7869 8241 7447 8060 7879 7631 7806 7602 7988 7374 7933 8002 7625 8069 7988 7858 7900 7704 8029 7708 7682 7923 7938 7455 7703 8268 8392 8191 8328 7731 8084 8429 7829 7994 7888 8207 8311 7676 7631 7849 7817 7939 7585 7322 8286 7851 7207 7434 7220 7878 7706 7809 7207 7539 7975 8124 7746 7584 8097 8341 7687 8026 7367 7728 8006 7997 7840 7422 8536 7762 7839 8164 7815 7267 7884 7832 7767 8365 7112 7829 7588 7833 8332 8054 8023 7795 7710 7524 7709 7829 7937 7806 7903 7796 7724 7838 8128 7873 7748 7972 8251 8452 7634 8231 8010 7955 7639 8026 7281 8028 8204 7495 7479 7735 7422 8095 8069 8471 8088 7118 7834 7490 7923 7811 8396 8088 8120 8591 7738 7967 7842 7844 7539 7413 8014 7979 7817 7668 8429 8103 7519 7490 8037 8446 7750 7965 7933 7518 8141 7826 7779 8684 8682 7835 7994 8105 7257 7995 7962 7783 7681 8192 7902 7835 7996 7225 7440 8270 8120 7885 7685 7616 7761 8005 7995 8139 7590 7831 7614 8009 8045 7580 7888 8255 7500 8092 7668 8051 8124 8241 7939 8085 8105 7838 8363 7558 7603 7822 8192 7967 8421 8397 7754 7513 8009 7689 8407 7884 7757 8332 7568 7664 8448 7544 8223 7658 7624 7881 8057 7945 7413 7695 8069 7839 8483 7614 7639 8091 8442 7880 7848 7869 7793 8392 8058 8049 8108 7979 7724 7689 7957 7276 8070 7445 7739 7526 7378 7587 7990 7895 8786 8016 7867 7845 8016 7124 7687 7734 8200 7303 7649 7769 7813 8190 7812 7872 8284 7724 8086 8156 7899 8158 7563 8194 8089 7896 7476 7783 8108 8207 8118 7760 7606 7563 8295 7964 8360 7839 7413 7944 7408 8109 7648 8232 7603 7684 7911 7979 8172 7920 7724 7869 7937 7824 7987 7828 7811 7920 7269 7825 8163 7736 8055 7838 7836 8215 7007 8238 8060 8322 7984 7423 7968 7633 7981 8222 7691 7716 7868 8426 
7157 7901 8038 7958 8428 7833 8605 8039 7701 7495 8212 8054 7389 8180 8561 8093 8433 8049 7943 8073 8290 7777 7914 7913 8566 8315 7628 8094 8089 8001 7629 7505 7988 7744 8258 8264 7921 8137 7867 7975 7762 8231 7940 8076 7825 7714 8162 7981 8342 8276 7541 8102 8125 7909 8497 8350 7830 8181 8352 7877 7374 8167 7991 8115 8363 8082 8129 7786 8701 8213 8527 8652 7462 8273 8240 7553 8315 7988 8400 7687 8016 8242 8161 8205 8128 7385 8150 7755 8161 7937 7632 7920 8163 7515 8090 8459 8472 8696 8240 7831 8200 8533 8012 8432 7881 8248 8420 7989 7668 8180 8094 8100 7923 7648 8424 7645 7449 7858 7819 8040 8050 8160 7306 7804 8237 8622 8156 7758 8016 8473 8343 8318 8077 7887 8047 7901 7762 7883 8221 8114 7642 8238 7754 7216 8035 8209 8036 8443 7869 8218 7611 8161 8386 8544 7942 7914 8393 7728 7651 7821 8075 8263 8244 7553 7975 7888 8240 7838 8091 8321 8484 8804 7549 8632 8175 7921 8165 8337 7829 8320 8359 7931 8054 7822 7703 8128 8235 8658 8093 7145 8434 7697 8206 8139 8690 8026 8307 8585 8113 8032 8089 8426 7905 7413 8134 8205 7986 8149 7945 8301 7796 7624 8675 8231 7551 7938 8226 7702 8185 7843 8520 8656 8859 8291 8104 8191 7754 7981 8113 7760 7856 8479 7865 8136 8043 7529 7549 8459 8177 7860 8013 7780 7501 8277 7918 8083 8310 7938 8053 8190 7991 7732 7821 8234 8154 8155 8029 8049 8053 8421 8062 7848 8196 7905 8084 7960 7884 7782 8010 8022 8371 8362 8011 7743 8072 7658 8534 7813 7990 8074 7508 8016 8601 7438 8028 7655 7834 7947 8063 7997 7225 8057 8135 7673 8236 7918 8130 8120 8363 7715 8111 7747 8157 8287 8295 8365 8173 8043 8266 8235 7946 7440 7790 7902 7966 7677 7972 8083 8358 7808 8917 8038 7848 8028 7862 7337 7705 7848 8811 7617 7807 7995 8258 8401 7932 8232 8358 7893 8259 8214 8135 8251 7746 8676 7972 8138 7485 8140 8120 8410 8287 7949 7729 7783 8327 8229 8567 7946 7790 8116 7788 7854 7871 8278 7719 7894 8090 8280 8342 8267 7881 7668 8006 7865 8017 8514 7646 8190 7720 7808 8085 7690 8079 8172 8030 8078 7573 8441 8230 8359 8249 7838 8189 7433 8045 8160 7783 7945 8339 8506 
7360 8210 7995 7738 8331 7705 8339 7790 7512 7699 7879 7768 7013 7996 8092 7565 8288 7961 7551 7745 8172 7428 7661 8121 8258 8277 7407 7742 7546 7846 7835 7216 7607 7850 7807 8029 7783 7482 7784 7811 8162 7890 7919 7932 7832 7341 7950 7595 8154 7730 7407 7730 7855 7897 8188 8176 7452 8215 8501 7938 7536 8149 7590 7825 8557 7436 8091 7912 8260 8082 8053 7971 7474 7947 7689 7337 8104 7779 8337 7263 7624 8104 7912 7766 8025 7766 8010 7988 7968 7655 7727 7906 7965 7838 7411 8271 8364 8632 8317 7768 7698 8345 7776 8092 7878 7969 8409 8004 8118 8007 7987 8119 7558 7225 8333 7539 7408 7486 7901 7762 8042 7847 7158 7525 7638 8539 7817 7524 7979 8317 7543 8146 7726 7775 7859 7681 7759 7971 8308 7864 7697 8173 7908 7468 7965 7954 7976 8397 7623 7995 7593 7388 8151 7776 7838 7932 7795 7885 7297 7786 8174 8005 7807 7848 7662 7839 7997 7681 7619 7844 8156 8111 7480 8324 8329 8081 7651 7883 7599 8017 8255 7793 7490 8091 7592 7969 7858 8324 7847 7108 8232 7491 7817 7958 8533 7993 7932 8543 7879 7906 7688 8228 7888 7113 7385 7795 7566 7948 8111 8076 7650 7572 8197 7980 7334 7747 7455 7443 7927 7827 7949 8609 8439 8126 7540 8047 7657 7832 8144 7500 7814 8184 7496 7572 7811 7009 7329 8349 8055 7792 7448 7479 7612 8204 7762 8007 7702 7629 7965 7917 8171 7995 8308 8161 7805 7992 7635 8263 7725 8106 7789 7905 7946 7834 8178 7578 7503 7779 7770 7706 8146 7926 8149 7630 8103 7734 8263 7834 7891 8025 7339 7917 8291 7379 7754 7663 7325 7980 7789 7717 7064 7704 7846 7668 8353 7769 7809 7806 8047 7808 7349 7686 7698 8421 8074 8181 8158 7786 8040 8331 8454 7274 7544 7633 7608 7465 7667 7759 8151 7664 8400 7906 7791 7857 7933 7132 7732 7636 8318 7360 7689 7716 7977 7859 7975 8091 8017 7743 8023 7985 7801 7997 7635 8286 7584 7994 7523 8204 7969 8048 8298 7894 7913 7630 8211 8100 8200 7916 7358 7808 7322 7757 7607 8113 7722 7604 7735 8143 8285 7801 7620 7633 8041 7477 7946 7675 7576 7845 7294 7736 7856 7273 8138 7446 7871 7933 7457 7834 8181 8124 8132 7604 8001 7761 7629 7754 7849 7489 8253 8407 
7799 8663 8583 8465 9117 8545 9295 8432 8594 8020 8739 8630 8192 8985 8759 8504 8808 9002 8146 8394 9277 8149 8823 9049 9104 8438 7904 8370 8535 8751 8169 7825 8463 8560 8840 8652 8415 8380 8514 8449 8722 8641 8455 8532 8527 8311 9189 8430 9147 8692 8144 8298 8849 8246 9061 8671 8334 9109 8872 8505 8361 8978 8613 8284 8987 8290 8766 8490 8990 9001 8906 8766 8020 8743 8363 8043 8561 8524 8911 8042 8344 8564 8619 8697 8465 8431 8741 8380 8583 8677 7959 8746 8893 8168 8403 9002 8878 9123 8971 8627 8731 8748 8556 8972 8743 8802 8957 8915 7909 8612 8263 8529 8402 8320 9289 8401 7796 8050 8411 8850 8471 8687 8288 8247 8543 9173 8385 8194 9044 9258 8652 8857 8526 8552 8486 8661 8403 8563 9001 8863 8299 8831 8701 8204 8678 8756 8171 9027 7814 8507 8460 8878 8895 8553 8592 8861 8849 8465 8038 8558 8697 8497 8973 8436 8239 8720 8669 8427 8530 8249 8710 9174 8017 9403 8836 8914 8340 8647 8327 8854 8952 8222 8295 8354 8471 8676 9059 9121 8674 7760 8724 8017 8545 8617 9329 9020 8718 9352 8497 8822 8611 8817 8580 8214 8469 8948 8264 8722 8901 8888 8066 8128 9175 8762 8537 8465 8639 8552 8817 8602 8486 9624 8966 8773 8507 8792 8168 8566 8923 8267 8419 8796 8146 8421 8799 7949 7955 9020 8761 8757 8436 8340 8322 8875 8501 8777 8376 8568 8562 9096 8879 8622 8405 8988 8520 8805 8040 9073 8348 8887 8523 8687 8769 8316 8955 8371 8144 8383 8571 8221 8585 8979 8337 8623 8400 8569 9174 8287 8471 8649 7882 8448 8893 8348 8479 8278 8154 8759 8484 8274 7783 8426 8821 8376 8958 8570 8616 8561 9145 8556 8633 8299 8483 9029 8719 8815 8906 8663 8632 9024 8775 7809 8610 8601 8277 8289 8137 8478 8722 8369 9236 8562 8843 8657 8483 7579 8523 8447 8780 7769 8814 8194 8730 8648 8478 8828 8783 8390 8931 9283 8667 8614 8261 9308 8319 8733 8144 8537 8291 8987 8629 8431 8351 8030 8916 8847 9276 8642 8187 8241 8522 8472 8782 8966 8223 8446 8857 8655 8867 8729 8623 8318 8435 8550 8415 8813 8306 8707 7946 8713 8817 7791 8887 8350 8689 8982 7959 8425 8838 8777 8860 8440 8566 8582 8590 8608 8748 8533 8822 9153 
7675 8839 8697 8399 9004 8201 9184 7951 8181 8204 8467 8221 7880 8872 8976 8169 8353 8669 8311 8228 9131 8068 8305 8852 8819 8655 8096 8295 8552 8614 7956 8134 8193 8343 8593 8608 8163 8306 8554 8572 8526 8790 8648 8464 8049 8253 8757 8323 8779 8692 8623 8428 8615 8505 9049 8430 8382 8864 9231 8416 8186 8813 8515 8373 8854 8289 8585 8721 9003 8665 8744 8564 7999 8705 8274 7826 8520 8762 9140 7950 8333 8730 8422 8777 8818 8186 8599 8548 8846 8225 8190 8413 8513 8164 8349 9075 9066 8988 9021 8028 8618 9013 8342 8850 8389 8576 8921 8814 8602 8444 8486 8617 8419 8097 9439 8177 7864 7991 8446 8478 8537 8369 7938 8252 8353 9252 8490 8140 8871 8920 8469 8845 8648 8407 8370 8545 8256 8476 8957 8466 8048 8619 8186 7799 8498 8565 8600 9157 8203 8339 7867 8476 8885 8842 8447 8657 8477 8523 8180 8470 9201 8692 8648 8408 8166 8405 8948 8497 8450 8539 8909 8847 8109 9072 8765 8571 8225 8532 8458 8822 8650 8308 8260 8306 8183 8784 8628 8909 8846 7827 8435 7836 8635 8240 8993 8186 8443 9211 8697 8665 8721 8664 8603 8123 8336 8604 7985 8439 8407 8906 8092 8280 9075 8603 8071 8264 8421 8108 8452 8387 8589 9085 8985 8934 8194 8572 8264 8280 8626 8326 8583 8699 8153 8477 8061 7973 8452 9011 9047 8535 8448 8407 8152 8756 8542 8705 8410 8462 7964 8860 8974 8302 8511 8519 8439 8504 8123 8749 8636 8597 8469 8541 8744 8581 8803 8075 8026 8210 8999 8451 8669 8880 8816 8292 8905 8426 8903 8257 8413 8874 7871 8462 8877 8160 8394 8184 8255 8684 8618 8351 7802 8235 8908 8045 9008 8357 8493 8362 9010 8127 8509 8504 8238 8857 8630 8463 8605 8679 8557 9068 8705 7789 8512 8544 8271 8268 8365 8511 8534 8202 9099 8161 8706 8328 8538 7561 8063 8436 8861 8111 8450 8176 8667 8544 8505 8809 8826 8216 8721 8760 8301 8878 8158 8901 8360 8656 8100 8896 8571 9049 8933 8065 8585 8793 8871 8687 8670 8446 7960 8777 7876 8254 8601 8636 8343 8349 8602 8721 8658 8490 8543 8436 8658 8423 8568 8243 8540 8804 7910 8267 8498 7888 8514 8297 8779 9088 7932 8544 8543 8863 8810 8397 8837 8236 8755 8515 8376 8587 8598 8906 
7605 8663 8748 8180 8846 7997 8820 8203 8322 7989 8756 8255 7997 8668 8666 8270 8893 8212 8448 8345 8892 8260 8399 8779 8740 8478 8454 8540 8531 8535 7909 8212 8553 8058 8800 8517 8344 8051 8642 8331 8727 8827 8103 8297 8206 8260 8766 8233 8710 8495 8206 8286 8418 8447 8864 8690 8424 8990 8616 8332 8433 8758 8401 8209 8738 8368 8534 8594 9014 8781 8410 8931 8016 8596 8348 7977 8716 8404 8812 7936 8192 8660 8558 8692 8359 8441 8704 8659 8513 8205 8290 8485 8676 8226 8363 8962 9047 8539 8688 8150 8366 8888 8048 9008 8350 8642 8789 8583 8185 8704 8409 8653 8318 8017 9107 8308 7969 8205 8158 8686 8736 8367 8131 8363 8340 8946 8205 8284 8736 8715 8330 8650 8331 8378 8502 8316 8281 8527 8659 8536 8327 8539 8149 7753 8274 8573 8141 8655 8192 8437 8182 8453 8776 8607 8146 8625 8496 8187 8318 8363 8962 8406 8572 8572 8774 8459 8680 8534 8255 8392 8508 8682 8450 8774 8684 8771 8272 8680 8140 8449 8733 8479 7767 8808 8016 8405 8768 8514 8726 7698 8903 8040 8289 8339 8849 8427 8693 9035 8480 8285 8344 8462 8360 7941 8250 8448 8247 8252 8744 9232 8233 8039 8702 8652 8309 8300 8613 7975 8515 8214 8763 9358 9015 8750 8146 8603 8540 8492 8495 8325 8299 8709 8083 8020 8478 8317 7818 8753 8636 8321 8257 8290 8046 8871 8438 8940 7925 8370 8206 8823 8810 8468 8437 8878 8278 8637 8608 8754 8585 8620 8452 8554 8648 8446 8586 8165 8616 8154 8546 8411 8877 8613 8744 8367 8286 8035 9032 8538 8359 8846 7927 8141 8769 8149 8589 7911 8084 8559 8769 8385 7985 8314 8572 8453 8823 8156 8514 8743 9024 8286 8427 7990 8521 9023 8628 8430 8857 8617 8663 8725 8813 7923 8641 8274 8312 8296 7843 8295 8635 8470 9159 8812 8462 8380 8294 7471 8324 8792 8846 8148 8497 8421 8794 8872 8473 8452 8761 8561 8882 8874 8533 8499 8145 9146 8524 8717 8005 8331 8388 8774 8643 8419 8452 7924 9024 8559 8896 8290 8010 8038 8257 8380 8606 8594 8364 8174 8050 9089 8909 8568 8591 8437 8758 8374 8503 8640 8551 8596 7805 8242 8708 8311 8689 8441 8697 8715 7930 8325 8406 8729 8558 7972 8514 8398 8393 8254 8423 8487 8571 9193 
6873 7959 7709 7438 8138 7728 8410 7298 7486 7002 7550 7337 7206 7585 7748 7862 7836 7893 7681 7173 7806 7493 7872 7800 8033 7752 7407 7703 7698 7574 7587 7118 7663 7585 7929 7655 7581 7084 7624 7474 7666 7758 7642 7708 7628 7152 7829 7409 7913 7460 7413 7622 7776 7411 8173 7958 7371 7810 8090 7441 7275 7833 7525 7577 8277 7620 7577 7884 8334 7829 7842 7969 6874 7537 7397 7137 8247 7645 8059 6868 7354 7935 7763 7580 7921 7306 7830 7419 7895 7471 7475 7450 7925 7557 7463 7851 8180 7950 7908 7579 7320 7992 7408 7972 7464 7678 8477 7938 7232 7683 7547 7971 7261 7168 8414 7744 7277 7090 7365 7912 7372 7875 7340 7644 7693 8217 7369 7454 7977 7827 7397 7815 7215 7515 7262 7454 7346 7550 7846 7573 7562 7809 7485 7118 7723 7840 7607 8178 7160 7411 7365 7795 7965 7709 7597 7903 7881 7419 7438 7728 8056 7736 7783 7615 7690 7769 7982 7514 7521 7433 8029 8010 7521 7924 7622 7977 7306 7769 7446 7780 7910 7507 7107 7510 7541 7949 7730 7651 7687 6887 7808 7234 7795 7734 8131 7541 7765 8049 7440 7657 7444 7951 7519 7240 7486 7933 7096 7660 8093 7736 7669 7391 7654 7814 7575 7795 7649 7714 7566 7489 7906 8303 8070 7768 7595 7846 7451 7431 7770 7387 7485 7653 7441 7702 7714 7100 7447 7615 7633 7704 7323 7510 7343 7739 8072 7407 7215 7713 7460 7670 8054 7393 7911 8236 7617 7995 7336 7891 7619 7690 7761 7442 8000 7530 7583 7409 7555 7496 7648 7517 7933 8151 7843 7674 7700 7392 7917 7627 7796 7636 7334 7289 7784 7170 7585 7405 7173 7701 7693 7750 7205 7510 7688 7541 8007 7626 7820 7848 7995 7771 7949 7480 7598 7898 8155 7628 7964 7879 7512 8132 7503 7071 7898 7791 7286 7524 7376 7299 7849 7669 8149 7537 7562 7503 7480 6638 7112 7321 8199 7411 7813 7554 7837 7927 7757 7901 7852 7410 8187 8204 7494 8030 7389 7815 7298 7732 7243 7601 7718 7983 7655 7296 7369 7664 7896 7971 8112 7328 7463 7475 7263 7463 7592 7837 7358 7531 7692 7849 7858 7951 7826 7179 7837 7693 7691 7950 7312 7835 6895 7691 7776 7449 7833 7536 7714 7935 7290 7798 7543 7973 7773 7292 7676 7302 7328 7556 7654 7654 8058 7843 
7462 8594 8396 8280 8917 8446 9225 8476 8518 8651 8424 8528 8043 9251 8838 8541 9025 8760 8606 8633 9204 7773 8763 9203 8808 8744 8216 9005 8201 8878 8233 8225 8667 8612 8961 8927 8354 8584 8657 8575 8985 8498 8658 8595 8630 8534 9011 8659 8594 8984 8090 8595 8861 8488 9249 9048 8650 8898 9045 8417 8215 8937 8440 8442 8845 8360 8737 9141 9271 9094 8744 9009 8253 8949 8373 8321 8749 8594 8885 8414 8397 8541 8859 8525 8698 8269 8600 8616 8835 8486 8372 8547 8585 8008 8478 8806 9029 9049 9128 8548 8813 9156 8251 9138 8508 8531 9347 8912 8358 8465 8541 9084 8664 8512 9614 8775 7993 8179 8310 8695 8431 8935 8057 8450 8448 9317 8582 8201 9121 9276 8836 8720 8366 8170 8920 8814 8265 8582 8529 8584 8208 8738 8589 8171 8697 8623 8296 9254 8353 8564 8334 8552 9131 8736 8398 8793 8762 8650 8454 8727 8828 8754 8601 8801 8559 8674 8694 8447 8471 8653 8893 8990 8325 8983 8539 8910 8610 8806 8450 8593 8882 8281 8293 8228 8336 8582 8903 8905 8747 7833 9027 8374 8532 8334 9291 8844 9028 9357 8745 8511 8360 8807 8266 7916 8628 8789 8459 8729 9069 8995 8166 8417 8605 8867 8554 8772 9078 8437 8787 8428 8613 9357 9206 8501 8633 8946 8078 8840 8722 8334 8553 8844 8366 8443 8677 8147 8449 9163 8778 8416 8566 8710 8102 8826 8739 9031 8273 8553 8407 9097 8816 8680 8768 9128 8578 9210 8711 8913 8737 8883 8890 8561 8962 8810 8836 8169 8430 8257 8967 8609 8932 9162 9017 8801 8359 8347 8840 8155 8420 8965 8135 8703 8734 8133 8540 8224 8025 8809 8976 8486 8160 8463 8688 8781 8922 8526 8296 8747 9038 8267 8631 8406 8758 8780 9424 8744 8874 8642 8775 8999 8725 7959 8805 8683 8426 8628 8245 8568 8872 9063 9289 8753 8593 8666 8587 7978 8678 8749 8993 7971 8618 8260 8662 8635 8654 8538 8669 8502 9141 9449 8515 8614 8339 9247 8772 8875 8418 8394 8667 9038 9049 8685 8574 8391 9023 8639 9209 8345 8336 8511 8405 8231 8568 8795 8526 8221 8582 8761 8775 8985 8610 8647 8748 8541 8957 8810 8338 8849 8033 8512 8922 8175 8809 8641 8613 8606 7866 8406 8721 8961 9182 8664 8534 8095 8664 9063 8482 8767 9012 9106 
7356 8454 8229 8061 8756 8038 8613 7965 7816 7899 8393 7851 7695 8328 9000 8279 8615 8465 7799 8044 8554 7989 7917 8455 8831 8650 8133 8409 8050 8307 7697 7718 8179 8268 8572 8484 7860 8198 8097 8016 8380 8607 8070 8057 8057 8164 8675 8270 8516 8507 7798 8095 8645 7956 9093 8654 7836 8660 8537 8259 7952 8638 7855 8168 8653 8124 8276 8426 8597 8421 8561 8731 7722 8466 7812 7715 8761 7946 8808 7513 7981 8679 8455 8157 8464 8146 8300 8057 8309 8195 8197 8389 8678 7887 7932 8482 8480 8519 8534 8309 8442 8862 8273 8895 8357 8532 8868 8392 7678 8381 8183 8672 8114 8049 8692 8236 7922 7872 8247 8328 7986 8430 7754 7795 8329 8920 8398 8060 8577 8903 8335 8440 8275 7737 8313 8474 8342 8208 8691 8105 7995 8555 7927 7730 8439 8517 8469 8678 8162 8402 7711 8257 8652 8467 8078 8290 8389 8458 8064 8474 8511 8327 8388 8160 8113 8340 8558 7897 7978 8165 8777 8812 8112 9215 8393 8297 7997 8475 7922 8314 8487 8224 7845 8061 8078 8404 8771 8855 8374 7573 8291 7680 7952 8513 9161 8357 8518 9219 8213 8579 8265 8600 8006 7505 8019 8490 8219 8268 8571 8494 7752 8147 8811 8396 8282 8469 8978 7982 8260 8128 8312 9089 8716 8438 8093 8491 7945 8471 8236 7804 8177 8479 7959 7939 8444 7548 7867 8574 8235 8138 7870 7985 7744 8334 8362 8599 8009 8242 8074 8953 8476 8087 8511 8988 8175 8585 7806 8718 8260 8670 8671 8261 8509 8195 8428 7901 8583 8181 8427 8156 8740 8725 8389 7960 8087 8356 8585 7901 8213 8486 7702 8274 8941 7799 8178 8202 8020 8336 8583 8129 7799 8164 8233 8339 8535 8409 8186 8470 8627 7971 7886 8290 8561 8725 8401 8045 8147 8333 8415 8508 8322 7678 8489 8089 8191 8326 8072 8031 8514 8134 9083 8212 8251 8382 7987 7664 8224 7943 8780 7762 8156 8163 8561 8348 8039 8307 8686 8069 8417 8832 8189 8384 8004 8688 8024 8504 7767 7951 8093 8636 8454 8121 8169 8346 8652 8378 8657 8090 7862 7926 7989 8388 8026 8747 8200 7965 8184 8034 8752 8257 8341 8076 8023 7982 8764 8554 8061 8464 7377 8248 8405 8186 8421 8175 8038 8520 7974 8044 8651 8675 8277 8310 8348 7868 8484 8456 8448 8272 8250 8701 
6898 7890 8019 7695 8143 7633 8410 7683 7320 7394 7485 7667 7192 8007 7952 7776 8112 7769 7714 7631 7943 7277 7859 8087 7880 7741 7343 7853 7567 8041 7584 7138 8005 7597 8095 8079 7457 7554 7850 7713 7883 7911 7306 7708 7446 7515 7953 7366 7747 7856 7772 7581 8054 7611 8134 7972 7840 7878 8072 7690 7448 8013 7385 7689 8011 7519 8193 7695 8114 7985 8124 8104 7232 8000 7590 7021 8054 7907 8108 7371 7517 7998 7616 7835 7533 7461 7990 7273 7658 7629 7479 7709 7844 7273 7861 8156 8112 8357 8021 7682 7960 8585 7446 7981 7809 7738 8389 7749 7469 7795 7669 8109 7256 7371 8511 7499 7539 7398 7938 7928 7692 7636 7200 7293 7742 8525 7389 7497 8144 8041 7776 7815 7629 7763 7842 7747 7114 8013 8119 7668 7608 8209 7629 7113 7848 7877 8115 8328 7452 7580 7459 7829 8150 7950 7492 8023 8033 7839 7386 7665 7719 7501 7715 7474 7491 7624 7948 7774 7944 8168 7759 8025 7571 8395 7826 7970 7458 7930 7656 7806 7871 7842 7279 7648 7389 7677 8015 8023 7630 7154 8027 7556 7769 7632 8508 7368 8049 8313 7549 7836 7472 8097 7848 7202 7635 7917 7275 7855 7885 8139 7575 7701 7912 7904 7707 7783 7892 7530 7448 7759 7916 8319 8302 7720 7463 8183 7177 7800 7679 7545 7881 7967 7330 7774 7384 7423 7023 8069 7831 7852 7839 7788 7209 8320 7856 7821 7711 7819 7616 8099 7943 7980 7907 7791 7762 8144 7547 8411 7433 7852 7953 7814 7588 7689 7968 7717 7626 7613 7986 7773 7966 8214 7950 7845 7679 7709 7948 7646 7180 8006 7195 7783 8071 7146 7410 7450 7397 7642 7765 7867 7135 7488 7937 7551 7890 7513 7581 7955 8118 7686 7883 7639 7798 8051 8011 7849 8011 7783 7655 7864 7821 7045 8137 7830 7665 7673 7495 7737 7712 7718 8196 7580 7683 7563 7695 7175 7390 7628 8146 7374 7805 7663 7896 7958 7527 7626 8169 7691 8097 8027 7606 7805 7614 8252 7813 7884 7391 7875 7645 8189 7982 7546 7845 7457 8467 7956 8485 7594 7466 7466 7452 7496 7669 7897 7692 7401 7804 7824 7682 7760 7456 7574 7809 7426 7785 7985 7814 7792 7045 7834 7743 7136 7779 7659 7726 7844 7315 7699 7912 7950 7832 7197 8277 7516 7692 7849 7810 7764 8039 7887 
7277 8124 8871 8017 8787 8181 8927 8223 8240 7899 8226 7975 7731 8706 8555 8184 8931 8149 7960 7993 8566 7601 8225 8805 8474 8417 7800 8284 8251 8515 7859 7591 8021 8123 8502 8371 8387 7980 8208 8148 8370 8452 8038 7887 7816 8072 8557 7877 8279 8451 7917 8010 8569 7712 8625 8288 8124 8781 8591 7892 8072 8738 8121 8070 8422 8000 8333 8287 8427 8296 8538 8325 7867 8626 8255 7741 8620 8477 8466 8018 8109 8421 8347 8042 8210 7868 8163 8058 8369 8030 7810 8177 8483 7774 8204 8558 8611 8718 8571 8169 8133 8744 8349 8498 7904 8477 8530 8431 8111 8087 8055 8345 7864 7982 8941 8170 7722 7582 8035 8180 8261 8093 7674 7761 8046 8688 8088 8073 8560 8730 8208 8320 8234 8158 8344 8297 7981 8196 8326 8294 7894 8632 8141 7836 8303 8356 8321 8573 7784 8273 7676 7981 8690 8376 8239 8463 8220 8214 8028 8058 8384 8100 8350 7626 8239 8450 8279 7843 7932 8154 8464 8505 7871 8629 8294 8531 8307 8613 7842 8318 8449 7851 7893 7975 8109 8053 8871 8363 8525 7693 8277 7713 8139 8396 9047 8551 8558 8490 8117 8710 8028 8028 8131 7782 7806 8661 8035 8106 8518 8356 8279 7677 8342 8448 8226 8067 8147 8177 8178 8075 8463 9052 8622 8352 7985 8374 7847 8280 8313 7984 8206 8541 7842 8127 8307 7719 7686 8552 8439 8428 7886 7928 7840 8430 8256 8399 7988 8287 7927 8405 8342 7986 8105 8538 8491 8736 7901 8483 8100 8471 8289 8168 8104 8055 8714 7800 8222 7835 8175 8169 8798 9036 8404 7946 7916 8045 8395 8105 8491 8443 7503 8058 8393 7502 8066 7927 7789 8113 8386 8129 7414 7839 8408 8366 8568 8280 8161 8430 8707 8023 8455 8042 8129 8591 8530 8564 8240 8228 8301 8416 8355 7386 8311 7963 8495 7989 7673 8102 8568 8099 9120 8140 7959 8057 8021 7640 7839 8049 8732 7897 8088 7913 8200 8503 8095 8216 8590 8051 8813 8638 8267 8393 7793 8606 8240 8417 7935 8209 8352 8828 8268 8028 8255 7854 8606 8511 8672 7941 7985 8520 7850 7979 8242 8290 7735 8064 8319 8567 8801 8468 8179 8217 8109 8117 8252 8621 8076 8353 7659 7949 8281 7703 8413 8455 8459 8351 7660 8231 8577 8437 8301 8234 8693 7706 7984 8391 8095 8328 8372 8611 
7261 8127 8197 8050 8470 8015 8491 7968 7865 7794 7975 7926 7450 8346 8548 8571 8596 8385 8106 7919 8545 7781 7903 8373 8643 8317 7707 8107 8133 8047 7567 7780 7969 8054 8380 8165 7947 7934 8080 7905 7924 8051 8138 8067 7996 7712 8490 7949 8560 8525 7807 7989 8320 7909 8611 8283 7914 8622 8456 7992 7621 8519 8415 7439 8021 8013 8070 8127 8357 8300 8321 8737 7749 8583 8032 8046 8452 8048 8389 8055 7805 8400 7916 8329 7901 7802 8210 7825 8108 7812 7800 7827 8419 7782 8143 8575 8356 8630 8641 7921 8070 8778 7815 8281 8271 8154 8691 8328 7567 8239 8078 8019 8064 7359 8771 8037 7702 7963 7414 8280 8121 7969 7712 7842 8050 8728 8229 7916 8499 8594 7958 8600 8117 7981 8097 8231 7557 8243 8272 8081 7790 8033 8028 7210 8403 8262 7611 8781 8099 8181 7837 8012 8409 8128 8057 8099 8200 8181 7918 8246 8369 7745 8272 7988 8183 8009 8261 8192 8075 8365 8143 8548 7690 8634 8366 8247 8249 8187 7688 8051 8463 8346 8161 8027 7692 8015 8400 8834 8184 7490 8474 7483 8242 8119 8578 8119 8351 8743 8172 7911 8010 8102 8098 7645 7934 8115 7888 7848 8228 8494 7891 7970 8420 8263 7961 8266 8170 7940 8081 7808 8074 8981 8807 8169 8238 8139 7842 7940 8470 7939 8007 8414 7728 7998 7937 8020 7785 8422 8317 8095 7943 8027 7693 8015 8221 8468 8167 8232 8002 8491 8133 7910 7842 8162 8113 8576 8106 8439 7995 8517 8223 8000 8210 8410 8715 7903 8041 8352 8192 7996 8564 8612 7986 8085 8080 8009 8334 7906 8174 8251 7500 7995 8289 7751 8134 7551 8228 8085 8266 8116 7536 7952 8508 8098 8465 8174 7926 7902 8495 8026 7988 8203 7820 8308 8238 8030 8584 8089 8081 8377 8269 7494 7951 7905 7752 7890 7865 8338 8352 8098 8721 7895 8081 8071 7847 7645 7820 7776 8675 7840 7666 7976 8233 8179 8124 7963 8350 8124 8565 8988 8236 8040 7877 8354 7948 8331 7706 8139 8136 8330 8205 8315 7942 7729 8346 8432 8412 7820 7950 8252 7691 7946 7831 8125 7943 8005 8109 8169 8237 8129 7997 7962 8256 7978 8207 7860 8229 8188 7298 7923 8473 7660 8313 8235 8366 8074 7790 8182 8204 8555 8675 8064 8301 7872 7867 7940 7930 8286 8527 8610 
7327 8534 8591 8450 9363 8386 8883 8264 8041 7966 8523 8517 7889 8700 8650 8587 8728 8786 8624 8503 9036 8198 8418 8961 9165 8549 8386 8379 8497 8531 8410 7858 8641 8743 8743 8408 8160 8202 8506 8500 8487 8920 8194 8434 8116 8406 8768 8202 8676 8531 7954 8237 8770 8185 8961 8861 8205 8746 8996 8214 7912 8901 8285 8366 8834 8482 8711 8502 8836 8772 8980 8978 8342 8710 8184 7824 8770 8453 8979 8075 8514 8704 8592 8457 8708 8307 8648 8517 8682 8399 8282 8512 8371 8362 8282 8583 9166 9400 8892 8186 8378 9160 8268 8921 8303 8726 8739 8885 8331 8689 8397 8741 8188 8232 9259 8338 7925 8219 8414 8780 8522 8463 7915 8099 8269 9220 8391 8307 8729 8844 8821 8738 8628 8531 8607 8294 8036 8542 8850 8421 8349 8907 8478 7506 8359 8709 8547 8880 8062 8577 8067 8461 8980 9068 8660 8907 8667 8748 8050 8287 8850 8937 8640 8645 8412 8629 9077 8489 8553 8410 8651 9223 8054 9152 8981 8550 8216 8694 8224 8749 8817 8575 8268 8217 8180 8454 8673 9125 8519 7912 8465 8085 8844 8616 9229 8333 8542 9000 8690 8539 8703 8826 8346 8040 8639 8595 8391 8527 9010 8557 8294 8177 8965 8380 8443 8614 8364 8196 8611 8565 8637 9291 9169 8884 8683 8699 8033 8277 8651 8514 8536 8800 8000 8103 8305 8127 8328 8525 8612 8709 8406 7789 8108 8883 8525 8301 8540 8714 8360 8444 8828 8479 8506 8872 8435 8644 8381 8886 8249 8607 8929 8548 8967 8564 8694 8385 8198 8131 9047 8253 8746 8668 9039 8614 8651 8145 9021 8252 8069 8815 8125 8319 8938 8179 8479 8243 8364 8324 8797 8553 7810 8396 8574 8411 8990 8473 8505 8647 8883 8390 8128 8211 8562 8778 8701 8694 8886 8468 8852 8834 8416 7975 8684 8660 8112 8449 8412 8610 8856 8378 8991 8493 8625 8348 8395 7594 8046 8304 8892 8076 8331 8322 8772 8526 8442 8590 8723 8461 8663 8937 8568 8576 8451 8877 8449 8615 7982 8371 8958 8844 8849 8427 8613 8523 8600 8907 9191 8171 8202 8246 8332 8367 8473 8734 8332 7930 8647 9130 8789 8847 8802 8473 8941 8501 8862 8444 8472 8730 7912 8419 8494 8203 8504 8625 8625 8791 7946 8413 8400 8948 8802 8063 8634 8141 8553 8401 8147 8490 9050 8890 
7664 8652 8379 8621 8958 8388 9145 8223 8242 8060 8482 8122 8110 8704 8878 8366 8821 8648 8389 7987 8921 8326 8250 8598 8635 8656 8098 8590 8543 8614 8367 7993 8407 8336 8904 8694 7959 8064 8453 8563 8221 8803 8343 8330 8079 8218 8906 8386 8541 8434 7996 8273 8751 8306 8953 8787 8324 9297 9072 8469 8251 8889 8488 8336 8605 8396 8786 8676 8775 8670 8700 8739 8052 8801 8138 8033 8583 8519 8578 7840 8245 8871 8635 8345 8632 8062 8840 8543 8847 8220 8227 8447 8803 8262 8283 9184 8890 8883 9195 8231 8355 9033 8236 8961 8474 8810 8982 8439 8002 8410 8423 8828 8068 7813 9629 8274 8240 8029 8096 8671 8324 8790 7777 8155 8338 9166 8356 8245 9140 8863 8566 8706 8470 8405 8430 8476 8229 8851 8603 8393 7905 8763 8289 7536 8560 8787 8451 9152 8326 8487 8213 8395 8921 8882 8323 8918 8784 8580 8361 8512 8778 8606 8282 8545 8521 8371 8622 8183 8553 8625 8704 8980 7996 9430 8620 8850 8581 8382 8291 8572 8885 8530 8412 8646 8362 8749 8505 8865 8519 8054 8676 7744 8693 8510 9245 8446 8487 8852 8414 8867 8442 8839 8343 8302 8093 8524 8446 8237 8751 8735 8302 7972 9031 8569 8116 8482 8280 8355 8679 8257 8643 8987 9105 8874 8470 8934 8017 8426 8651 8052 8868 8711 8117 8232 8443 8147 8122 8520 8638 8658 8297 8284 8219 8399 8549 8814 8253 8646 8191 8853 8747 8134 8698 8902 8560 8555 8684 8702 8497 8519 8357 8379 8564 8574 8901 8492 8581 8180 8659 8385 8675 9086 8616 8335 8405 8241 9035 8416 8763 8599 7770 8057 8594 8403 8167 8155 8113 8793 8572 8653 7908 8208 8451 8465 8674 8188 8750 8869 8862 8372 8532 8284 8521 8565 8657 8599 8407 8688 8499 8548 8595 8183 8665 8298 8551 7905 7753 8423 8896 8437 8750 8226 8489 8515 8165 7782 8085 8198 8856 7996 8363 8387 8668 8680 8687 8536 8945 8353 8979 8916 8735 8544 7814 8936 8774 8507 8385 8261 8583 8855 8811 8539 8596 8321 8770 8713 8830 8192 8208 8426 8280 8630 8495 8406 8057 8035 8508 8619 8844 8436 8479 8271 8637 8175 8693 8897 8548 8500 8122 8180 8559 8180 8151 8240 8603 8883 8039 8521 8574 9005 8518 8307 8711 8003 8328 8446 8577 8552 8727 9300 
7185 8142 7808 8049 8415 7769 8120 7662 7590 7560 7887 7534 7734 8447 8012 7948 8085 8310 7905 8077 8278 7555 7736 8089 8213 7938 7622 7839 7729 7945 7832 7473 7907 7943 8067 7898 7575 7803 7852 7688 7804 8041 7801 7813 7862 7685 8181 7524 7876 8038 7565 7860 8179 7626 8288 8083 7674 8312 8184 7794 7573 8108 7859 8104 8002 7669 7757 7929 8113 8131 8235 8186 7384 8066 7696 7492 7892 7951 8493 7533 7564 8069 7586 7726 8056 7729 7810 7569 8190 7677 7819 8173 8073 7689 7906 8151 7855 8402 8109 7438 7980 8332 7826 8409 7857 7971 8409 7968 7386 7868 7693 7788 7496 7315 8456 7570 7679 7705 7709 8292 7742 7942 7551 7673 7903 8484 7814 7994 8290 8262 7905 8352 8144 7519 7695 7827 7696 7948 7800 7909 7401 8160 7626 7343 8033 8051 7667 8443 7537 8072 7511 7875 8302 8266 7708 7879 8086 7842 7273 8157 7802 8082 8151 7974 7815 7898 8114 8038 7913 7884 8290 8487 7687 8208 7869 8197 7679 8079 7902 7979 8653 8145 7408 7731 7551 7882 8338 8545 7843 7110 7925 7340 8310 7573 8440 7497 8166 8233 8215 8005 7922 8134 8078 7483 8104 7959 7718 7990 8197 8096 7519 7234 8432 8072 7725 7743 8195 7539 8037 7798 8078 8296 8348 8179 7991 8027 7458 7883 7890 7569 8054 8284 7913 7955 7929 7804 7107 8204 8330 7636 7865 8036 7655 8143 8204 8215 7561 7842 7641 8200 7934 7790 8116 8302 7995 7961 7939 8155 8059 8189 7902 8099 8224 8219 8139 7728 7862 7522 8105 8082 8264 8199 8092 7777 8002 7643 8231 7763 7754 7888 7636 8032 8135 7227 7817 7591 7876 8001 8319 8073 7546 7688 8139 7942 8138 7608 7822 8070 8138 8006 7598 7718 7748 8292 7956 7870 7961 7908 8014 8167 7965 7588 7952 7882 7867 7656 7574 7973 8132 7800 8581 7876 7906 7938 7737 7211 7952 7755 8469 7288 7955 7737 8251 7866 7895 7649 8191 7994 8105 8591 7625 8040 7686 7869 7824 8330 7513 7762 7745 8458 8100 7869 7538 7741 8322 7948 8265 7890 7614 7863 7690 7762 8081 8129 7446 7710 7682 8086 8001 7828 7940 8005 8045 7784 7806 8056 7798 7669 7307 7787 7939 7612 7948 7742 7554 8136 7487 8062 7845 8164 8189 7875 7998 7592 7830 8140 8149 7964 8281 8523 
6887 7909 7753 7766 8155 7616 8267 7411 7547 7407 7480 7557 7562 8043 7630 7907 7923 7894 7689 7906 7786 7468 7801 7951 8024 7937 7595 7851 7409 7796 7655 7175 7729 7785 7927 7773 7657 7515 7413 7644 7807 7734 7550 7592 7643 7454 8052 7756 8095 7796 7488 7601 8181 7608 7810 7686 7495 8155 7913 7708 7332 7861 7876 7439 7612 7513 7697 7870 7859 8335 7766 7990 7350 8151 7528 7253 7997 7776 7767 7351 7412 7667 7837 7762 7808 7789 7830 7609 8069 7407 7299 7749 7828 7590 7581 8139 7915 8249 8163 7715 8051 8210 7359 8183 7602 7841 8025 8057 7338 7916 7738 7879 7560 7444 8421 7941 7191 7183 7457 7990 7983 7796 7257 7254 7351 8367 7743 7546 7921 8185 7741 7812 7666 7713 7561 7847 7639 7560 8045 7665 7209 7692 7730 7311 7858 7667 7684 8098 7478 7673 7527 7816 8181 7578 7478 8128 8017 7647 7546 7892 7898 7488 7844 7630 7916 7803 7985 7505 7426 7748 7844 8310 7545 8481 7758 7936 7702 7514 7553 7669 8013 7421 7377 7794 7712 7495 7936 8267 7449 6966 8143 6961 7748 7844 8247 7818 7740 8161 7532 7654 7373 7777 7756 7399 7993 8094 7619 7869 8195 7706 7502 7435 7769 7945 7744 7957 7870 7578 7760 7723 7882 8462 8169 7732 7848 7901 7676 7620 8088 7632 7591 7717 7399 7524 7798 7202 7234 7824 7916 7769 7510 7599 7151 7712 7663 7915 7546 7784 7613 7796 7918 7768 7679 8010 7734 8159 7699 8063 7948 8278 7639 7800 7810 7960 7985 7539 7541 7665 7974 7852 7996 8054 7638 7616 7728 7635 8076 7350 7732 7794 7176 7785 7524 7416 7336 7109 7305 7763 7871 7622 7292 7386 7772 7704 7823 7426 7456 7717 8256 7180 7361 7457 7757 7829 7933 7815 7938 7774 7739 8160 7697 7158 7672 8027 7474 7526 7593 7751 8231 7503 8016 7693 7835 7425 7700 7091 7360 7387 8035 7260 7698 7610 7943 7685 7558 7696 7807 7487 8313 8210 7873 7831 7393 8024 7619 7891 7580 7717 7750 8097 7936 7613 7465 7571 8141 7928 8159 7498 7257 7748 7703 7459 7716 7639 7185 7641 7834 7822 8056 7407 7534 7339 7650 7522 7919 7827 7543 7959 7078 7542 7934 7324 7875 7744 7897 7787 6970 7588 7651 8201 7721 7349 7877 7382 7551 7550 7722 7678 8077 8350 
7263 7960 8222 8314 8648 7904 8739 8113 8017 8070 8472 8091 7598 8816 8464 8335 8563 8303 8179 7948 8659 8085 8072 8498 8878 8246 7990 8559 8446 8164 7856 7408 8084 8307 8473 8445 8129 7979 8110 8274 7939 8556 8074 8256 7969 7943 8660 7796 8644 8539 8014 8182 8548 8187 8462 8484 8185 8615 8426 7863 7703 8769 8298 8060 8563 7878 8322 8180 8800 8221 8431 8592 7874 8789 7991 7959 8099 8356 8691 7832 8254 8304 8322 8360 8584 7972 8647 8307 8384 8118 7881 8592 8465 7988 8141 8454 8812 9214 8465 8041 8273 8863 8002 8858 8480 8864 8665 8514 8021 8434 8141 8241 7791 8044 8673 8007 7941 7702 7993 8497 8312 8369 7577 7969 8288 8759 8178 7909 8479 8700 8259 8340 8177 8072 8270 8264 8111 8225 8597 8244 8034 8495 8204 7492 8189 8386 8250 8937 8267 8459 7939 8300 8376 8657 8141 8470 8546 8179 7852 8099 8472 8471 8253 8020 7977 8300 8633 8377 8394 8458 8565 8936 7950 8670 8568 8338 8319 7950 7752 8301 8475 7998 8020 8036 8129 8598 8668 8750 8415 7613 8302 7757 8513 8471 9195 8493 8614 8717 8232 8577 8246 8694 8258 7595 8109 8220 8018 8265 8495 8732 7906 7588 8884 8285 8049 8227 8451 7963 8613 7966 8478 8838 8904 8258 7972 8476 7795 8389 8366 8295 8319 8614 8124 8290 8127 7852 7806 8899 8565 8210 7966 7762 8095 8512 8084 8431 8604 7982 8142 8549 8555 8273 8518 8627 8123 8632 8098 8555 8179 8537 8448 8189 8542 8405 8961 7818 8156 7770 8237 7952 8434 8438 8144 8385 8309 7660 8925 8013 7882 8534 7676 8053 8522 7812 8371 7937 7906 8365 8398 8132 7691 8015 8223 8070 8541 8376 8241 8347 8870 8212 8056 8218 7838 8712 8508 8181 8289 8379 8405 8486 8352 7939 8213 7948 7984 7979 8137 8308 8248 8496 8713 8566 8218 8413 8095 7515 8158 7916 8714 7713 8138 8328 8575 8377 8328 8765 8479 8128 8595 8422 7979 8366 7900 8506 8084 8680 7764 8393 8550 8571 8398 7824 8151 8040 8533 8377 8857 7936 8161 8288 7886 8074 8234 8616 8193 7935 8294 8737 8644 8449 8119 8255 8100 7917 8566 8679 8162 8577 7850 8421 8437 8337 8873 8100 8237 8428 7808 8311 8288 8543 8263 8065 8007 7771 8168 8408 8175 8245 8524 9064 
7051 8247 7949 7793 8476 7837 8239 7720 7623 7497 7728 7832 7517 8022 7787 7751 8340 7870 7789 7655 8244 7614 7987 8029 8152 7974 7363 7972 8069 8263 7485 7338 7836 8155 8273 7686 7865 7710 7707 7998 8105 8158 7590 7821 7364 7474 7864 7660 8323 7841 7614 7823 8326 7678 8280 8202 7496 8510 8302 7747 7403 8289 7694 7869 8113 7663 8037 7843 8007 8351 8205 8203 7663 7969 7916 7568 8083 8112 8215 7491 7545 8047 7834 8018 7918 7442 8155 7557 8214 7581 7564 8368 7749 7539 7861 8081 8356 8440 8241 7825 7724 8188 7725 8638 7984 7706 8268 8298 7825 7910 7884 7865 7472 7321 8508 7822 7616 7617 7935 7952 7979 7743 7506 7523 7917 8708 8021 7556 7823 8356 7957 8030 7991 7788 8041 7528 7582 7841 8103 8066 7586 8049 8001 7389 7775 7976 7853 8223 7677 8003 7780 7672 8607 8054 7773 7835 8103 7859 7185 7977 8136 8152 7894 7853 7442 7617 8083 7879 7980 7965 8338 8570 7587 8296 8003 8100 7959 8025 7702 7905 8412 7888 7412 7925 7602 7746 7991 8354 7950 7421 8177 7338 7544 8185 8579 7603 8262 8557 7826 8057 7909 8157 8072 7296 7881 8035 7697 7816 8284 8070 7534 7503 8361 8035 7713 8088 7820 7979 8148 7455 7978 8506 8464 8269 7886 7872 7346 7581 8067 7515 7720 8327 7586 7522 7949 7534 7374 8244 7988 7664 7588 7645 7429 8237 8154 8331 7735 7866 7791 8084 7983 7768 8002 8337 8101 7882 7758 7996 7867 8128 7901 8240 8277 7908 8193 7653 7904 7582 8133 7485 7931 8143 7971 7993 8058 7715 8201 7616 7794 8025 7514 7772 8110 7260 7579 7746 7531 8017 7991 7699 7021 7725 8149 7546 8452 7849 7756 8032 8374 7868 7897 7906 7839 8586 8084 8061 8289 8250 7943 8208 7989 7562 7862 7749 7507 7893 7667 8006 7885 7967 8410 7703 7736 7901 7963 7246 7740 7875 8131 7404 7556 7527 8068 8180 8116 7820 8102 7667 8063 8196 7773 8050 7860 8061 7657 8352 7212 7917 7939 8240 7776 7795 7842 7579 7970 8141 8190 7523 7596 7833 7713 7542 7706 8443 7678 7685 7834 8383 7990 7746 7780 7638 7857 7968 7813 7758 7507 8017 7087 7718 8013 7382 7933 8070 8037 7884 7108 7889 7941 8157 8294 7698 7769 7822 7800 8080 8197 8028 8213 8505 
7673 8304 8337 8136 8681 8015 8691 7869 7934 7853 8466 8217 7676 8502 8426 8394 8574 8057 8242 7928 8536 8031 8334 8491 8425 8521 7774 8146 8356 8550 8085 7723 8122 7983 8651 8557 8309 8061 8132 7857 8225 8495 8300 8272 8285 7951 8727 8061 8506 8494 8041 8083 8649 7972 8698 8370 8038 8685 8558 8227 7829 8333 8338 8212 8742 8329 8439 8081 8843 8711 8650 8347 7757 8736 8180 7767 8524 8277 8834 8011 8005 8122 8196 8468 8242 7863 8543 8110 8482 7992 8040 7992 8414 7930 8128 8816 8620 8627 8784 8055 8422 8761 8133 8544 8108 8258 8478 8304 8088 8294 8344 8590 8060 7936 9193 8179 7938 8024 8243 8788 8205 8214 7873 7904 8448 8940 7865 8060 8632 8410 8353 8406 8405 8393 8667 8344 7952 8169 8485 8080 7869 8870 8491 7775 8613 8347 8167 8990 8147 8415 8045 8126 8708 8680 8224 8560 8514 8284 7917 8427 8757 8284 8474 8037 8161 8273 8384 8136 8092 8547 8887 8639 7998 8975 8196 8427 8578 8413 8067 8258 8611 7936 8152 8221 7997 8135 8749 8773 8323 7665 8643 7713 8359 8233 9116 8336 8605 8858 8536 8303 8199 8585 8138 7652 8284 8568 8131 8287 8584 8477 8204 7964 8404 8573 8074 8226 8280 8168 8262 8099 8632 9022 9032 8451 8252 8708 8080 8213 8273 8139 8114 8750 7910 8284 8242 8139 7962 8754 8705 8444 8154 8375 8258 8601 8184 8682 8133 8460 8261 8851 8589 7923 8602 8527 8416 8632 8230 8587 8100 8670 8112 8563 8521 8433 8852 7885 8232 8179 8515 8015 8661 8440 8637 8204 8063 8110 8751 8071 8405 8309 7702 7974 8743 8119 8488 7962 7783 8375 8390 8115 7694 8283 8311 8364 8582 8028 8555 8275 8762 8341 8251 8076 8027 8460 8773 8436 8654 8328 8300 8775 8272 7578 8413 8133 8118 8079 8178 8448 8208 8291 8876 8073 8205 8357 8352 7706 8044 8021 8738 7941 8379 8400 8348 8531 8354 8090 8827 8370 8666 8552 8110 8299 8311 8784 8154 8673 7764 8429 8626 8910 8324 8272 8035 8075 8660 8483 8573 8066 7831 8349 7764 8232 7991 8758 8249 8078 8316 8670 8386 8348 8291 8314 8314 8335 8272 8473 8479 8579 7685 8038 8513 7840 8616 8328 8388 8470 7723 8579 8505 8517 8624 7882 8244 7865 8243 8357 7947 8218 8662 8871 
7401 8453 8197 8203 8720 8171 8584 8152 8020 7663 7940 8117 7429 8403 8714 8312 8205 8037 7764 7870 8537 7684 8075 8403 8500 8468 7512 8277 8055 8101 7933 7595 7987 7945 8492 8152 7935 8044 8162 8154 8439 8315 8273 8146 8018 7942 8503 7834 8612 8110 8195 8263 8454 8165 8644 8355 7850 8666 8694 8015 7747 8265 7745 7702 8336 7918 8333 7956 8615 8221 8680 8378 7403 8308 8087 7823 8363 8046 8728 7463 7897 8309 8291 8274 8195 7663 8170 7719 8323 7922 7833 8174 8186 7624 8154 8398 8373 8556 8651 7835 8451 8670 8063 8541 8246 8150 8389 8210 7593 8024 7857 8159 7587 7635 8854 8084 7614 7715 7665 8169 7835 8261 7734 8163 8041 8756 8330 7665 8168 8703 8224 8410 7828 8096 8290 8435 8134 8246 8379 7722 8115 8493 7971 7577 8047 8126 8334 8568 7838 8118 8123 8093 8793 8070 8047 8542 8475 8047 7670 8261 8583 8192 7896 7803 8122 7911 8308 7821 8059 8295 8506 8474 8034 8748 8148 8472 7818 8179 7788 8457 8551 7885 7649 8174 7691 8326 8649 8781 8150 7679 8238 7623 8092 7880 8647 8279 8162 8650 8221 8185 8062 8474 8185 7491 7727 8367 7912 8128 8579 8472 8225 8051 8346 8329 7819 8032 7841 7983 8263 8047 8258 8857 8595 8270 8428 8291 7723 7906 8126 7801 7737 8474 8016 8244 8255 7508 7800 8559 8221 7954 7809 7942 7453 8378 7976 8289 7979 8137 8036 8597 8615 7738 8017 8596 8298 8409 7873 8329 7945 8137 8177 8061 8176 8116 8449 7810 7986 7948 8246 8111 8587 8659 8017 7889 7737 8253 8716 8025 8076 8059 7586 7921 8389 7929 8169 8024 7578 8085 8177 7964 7464 8168 7983 7965 8270 8236 8065 8478 8576 8071 8083 8018 8051 8259 8555 8533 8407 8442 8166 8276 7962 7662 7943 7862 8348 8083 7971 8123 8381 7962 8944 7976 7849 8185 8156 7377 7641 8220 8716 7702 8228 8049 8526 8130 8222 8227 8527 7800 8767 8546 8339 8481 8048 8291 8188 8381 7391 8092 8367 8435 8146 7868 8166 7611 8364 8200 8821 8090 7592 8089 7486 8090 8214 8234 7872 8157 8073 8423 8540 8313 7954 8252 7904 7824 8245 8488 7992 8269 7827 8337 7976 8075 8183 8277 8276 8035 7691 8411 8516 8627 8589 7924 8162 7700 7999 8220 7966 8195 8411 8857 
7708 8468 8556 8207 8788 7913 8431 8062 8222 7763 8208 8017 7807 8561 8588 8215 8547 8447 7918 8023 8776 7839 7791 8593 8649 8454 7980 8529 8420 8447 7956 7703 7893 8415 8510 8754 8044 7885 8399 8369 8246 8845 8080 8203 7969 7888 8604 7957 8497 8237 8263 8199 8402 8231 8775 8328 8189 8669 8406 8105 7930 8551 8055 7971 8698 7959 8531 8228 8586 8175 8450 8460 8009 8477 8025 7913 8612 8497 8836 7872 8173 8459 8187 8376 8136 7889 8385 7914 8224 8349 7931 8027 8436 8054 8257 8844 9004 8799 8576 8187 8251 8821 8255 8500 8372 8222 8767 8168 7960 8363 8216 8547 7733 7578 8827 8268 7889 7860 8128 8276 8071 8233 7666 7995 8201 8765 8038 7838 8289 8960 8377 8668 7940 8239 8223 8403 7798 8504 8659 8150 7868 8391 8129 7302 8020 8989 7913 8880 7919 8322 7976 8069 8828 8509 8261 8516 8756 7899 7928 8054 8329 8420 8339 8203 8655 8402 8685 8096 8168 8406 8286 8729 7829 9030 8224 8425 7829 8621 7951 8222 8448 8073 7984 8394 7916 8541 8461 8685 8374 7498 8629 7818 8273 8697 9016 8542 8352 8970 7920 8096 8163 8592 8264 7736 8578 8426 7887 8285 8441 8605 8065 8131 8808 8317 8128 7897 8162 8039 8551 8138 8241 9259 8740 8472 8097 8462 8057 8321 8449 7875 8258 8537 7747 7880 8438 8036 7749 8420 8353 8205 7843 8001 7747 8676 8402 8561 8370 8083 7956 8517 8639 7981 8394 8951 8492 8277 8180 8883 8288 8483 8348 8399 8357 8289 8458 8031 8258 7830 8234 8181 8565 8686 8461 8013 8349 8090 8435 8253 8307 8469 7397 7943 8429 8184 8201 8008 7908 8336 8316 8194 7491 8007 8442 8287 8744 8290 8128 8236 8758 8262 8090 8004 8138 8785 8716 8426 8715 8112 8551 8785 8788 7631 8352 8174 8067 7896 8316 8163 8317 8026 8908 8084 8375 8179 8202 7497 8061 8210 8613 7778 7912 7994 8434 8484 8172 8271 8736 8249 8557 8793 8135 8276 7755 8675 7950 8536 7480 8060 8453 8786 8211 8310 8467 7749 8478 8427 8812 8263 8023 8268 7826 8090 8238 8556 8149 8010 8044 8625 8590 8503 8084 8160 8250 8403 8389 8601 8030 8297 7769 8059 8318 8195 8350 8524 8242 8356 7726 8409 8424 8774 8602 7862 8323 7958 8079 8214 8174 8012 8529 8827 
7413 8215 8038 7947 8746 7810 8623 8315 7926 7814 7974 8072 7525 8300 8218 8361 8507 8100 7952 7931 8581 7627 8212 8390 8562 8193 8077 7992 8098 8129 7684 7416 7768 7865 8495 8259 7650 7720 8262 7941 7936 8528 7900 8151 7658 7995 8179 7788 8132 7927 7864 7653 8466 7974 8703 8483 8071 8030 8402 7967 8004 8511 8039 7819 8380 7995 8120 8186 8497 8419 8249 8418 7631 8311 8112 7809 8475 7957 8318 7609 7607 8338 8250 8024 8437 7929 7903 7818 8128 7768 8133 7808 8043 7732 7870 8562 8615 8624 8365 7738 8338 8490 8095 8409 8415 8397 8578 8215 7794 8191 8102 8391 7598 7491 8467 8186 7526 7786 7843 8549 7916 8197 7459 7953 7999 8613 8056 7558 8299 8672 8359 8596 8116 8084 8160 7882 7869 8061 8430 7862 7915 8362 8197 7486 7980 8323 8076 8684 7852 7899 7819 8130 8394 8654 8051 8391 8126 8365 8000 7926 8295 8284 8189 8312 8239 8210 8358 8096 7927 8008 8416 8941 7746 8351 8591 8047 8182 8347 7879 8308 8670 7963 7892 7970 7625 7979 8239 8355 8102 7507 8509 7727 8211 7993 8958 8162 8622 8464 8069 8209 7992 8069 8103 7372 8182 8251 7827 8013 8463 8575 8117 7754 8446 8152 7822 7956 8356 7998 7987 8304 8184 8832 9093 8218 7642 8349 7769 8091 8134 7860 7927 8175 8046 8033 8109 7678 7720 8429 8553 8227 8044 7800 7828 8434 8155 8173 8217 8313 7885 8277 8203 8063 7978 8575 8142 8304 7805 8465 7929 8122 8318 8237 8483 7836 8405 7948 7857 7840 7979 8102 8642 9003 8018 8101 8127 8005 8602 8201 7901 8458 7602 7622 8630 7697 7953 7841 7909 7951 8360 8427 7357 7988 7967 7889 8567 8048 8198 8085 8667 7938 8116 7902 8098 8595 8619 7818 8274 7984 8423 8490 8114 7201 7963 8413 7866 8001 7912 7927 8152 8015 8991 7976 8183 7941 8473 7410 8080 7985 8909 7630 8145 8205 8362 8154 8122 8187 8756 7639 8711 8693 7963 8162 7882 8620 8341 8160 7655 8130 8411 8338 8231 8033 8355 7807 8475 8521 8486 8001 7495 8048 7859 8231 8081 8339 8080 7685 8294 8737 8159 8298 7914 7706 8004 7793 8040 8468 8082 8676 7694 7840 8060 7784 8345 8183 8287 8220 7679 8140 8355 8406 8532 7759 7935 7486 8260 8287 7792 8269 8368 8255 
7629 8660 8604 8225 8627 8058 8779 8194 8168 7898 8266 7914 7824 8749 8654 8332 8863 8559 8347 8588 8720 8174 8456 8611 8842 8586 7914 8449 8418 8725 8184 7805 8309 8398 8457 8189 7782 8106 8500 8346 8281 8466 8111 8406 7927 7909 8472 8280 8759 8689 7871 8446 8683 8001 8879 8634 8007 8893 8681 8425 8108 8590 8468 8505 8789 8038 8508 8549 8600 8652 8560 8616 7958 8526 8074 8240 8410 8682 8369 7920 7973 8296 8297 8299 8438 8497 8303 7863 8818 8049 8139 8475 8642 7872 8146 9009 8654 8856 8829 8391 8582 9152 8525 8669 8368 8495 8989 8512 8223 8434 8542 8586 7929 7815 9171 8339 7732 8187 8077 8536 8422 8226 7850 7907 8510 8767 8146 8129 8833 8705 8486 8667 8249 8388 8211 8335 8134 8441 8558 8331 8489 8836 8398 7747 8455 8404 8592 8920 7848 8576 8075 8475 8707 8516 8271 8634 8484 8310 7977 8248 8759 8381 8249 8186 8299 8496 8498 8305 8261 8502 8407 8959 8077 8990 8734 8469 8447 8408 8245 8300 8743 8320 7952 8379 8147 8426 8695 8584 8613 7639 8622 8091 8252 8235 9086 8451 8440 8445 8699 8410 8183 8800 8144 7880 8286 8410 8126 8646 8605 8382 8185 8259 8665 8951 8152 8256 8367 8363 8508 8279 8656 9199 8666 8685 8399 8724 7800 8158 8446 7872 8468 8615 8373 8270 7755 7583 8091 8798 8469 8360 8283 8440 8046 8501 8267 8551 7981 8728 8204 8653 8862 8057 8738 8895 8096 8328 8160 8836 8253 8931 8474 8365 8612 8204 8775 8136 8172 8003 8668 8505 8761 8677 8734 8057 8402 8082 8872 8001 8501 8534 7884 8308 9132 8083 8345 7726 8040 8455 8336 8156 7635 8107 8173 8627 8701 8265 7901 8456 8528 8272 8283 8159 8312 8687 8633 8296 8642 8494 8568 8475 8959 7666 8345 8344 8286 8157 8051 8335 8445 8404 9115 8238 8170 8337 8373 7309 8190 8017 8749 8123 8198 8113 8456 8628 8270 8716 8550 8457 8612 8874 8414 8558 8276 8648 8283 8477 8334 8511 8411 8687 8892 8406 8413 7999 8650 8664 8839 8182 8242 8226 8094 8219 7994 8144 8488 8636 8645 8563 8549 8516 8322 8283 8504 8400 8468 8232 8338 8578 7808 8404 8536 7811 8718 8184 8350 8938 8004 8194 8561 8618 8837 8056 8596 8055 8227 8206 8472 8520 8664 9018 
6971 8128 8011 7647 8278 7665 8246 7788 7671 7343 7899 7399 7495 8085 8058 7874 8247 7984 7881 7668 8434 7313 7967 8144 8490 8036 7359 7937 7899 8359 7425 7303 7772 7598 8185 8143 7933 7695 7724 7822 7837 7961 7550 7808 7438 7713 8122 7562 8227 7995 7691 7532 7819 7726 8166 8074 7612 8319 8053 7756 7624 8487 7845 7748 8262 7625 7925 7930 8161 7903 8025 8097 7610 8155 7516 7362 7629 7964 8149 7495 7815 7866 7744 7882 7933 7683 8070 7477 8126 7272 7703 7636 7951 7508 7903 8260 8358 8057 8034 7692 7804 8634 7722 8170 7735 7761 8301 7869 7399 8144 7882 7928 7608 7359 8462 7932 7547 7101 7553 7898 8331 7856 7092 7430 7673 8344 7841 7982 8267 8090 7676 8331 7564 7575 7826 7997 7445 7816 8191 7750 7652 8072 7986 7290 7709 7757 7725 8441 7278 8264 7525 7741 8202 8110 8115 8030 7863 8089 7473 7961 7974 7668 7811 7671 7463 7832 8111 7656 7819 7697 8044 8346 7815 8616 7921 7825 7346 7972 7573 7845 8266 7720 7702 7774 7303 7940 8128 8383 8019 6979 8112 7292 7787 7719 8341 7974 8116 8518 7869 7783 7769 7987 7861 7355 7979 7821 7699 7609 7975 8110 7470 7553 8049 8110 7776 7728 7985 7303 7769 7807 7859 8689 8288 7849 7947 8333 7595 7999 7918 7502 7675 8420 7684 7817 7844 7415 7126 7821 7956 7724 7712 7704 7435 8408 7949 8335 7810 7839 7613 7935 8337 7729 8282 8147 7422 8237 7824 8124 7805 8212 7880 7668 8022 7926 7903 7509 7655 7646 8005 7851 8134 8013 7857 7910 7699 7845 7914 7800 7674 8636 7325 7734 8154 7360 7857 7757 7501 7920 7638 8147 7197 7684 7974 7799 8243 7609 7534 8057 8219 7671 7880 7999 7508 8262 8024 8106 8121 7959 7905 8113 8258 7411 7883 7701 7848 7646 7779 8284 8156 7978 8326 7621 8348 7676 7594 7290 7646 7747 8239 7707 7574 7807 8004 8117 7693 8127 8084 7631 8496 8014 7572 8013 7608 8199 7706 8276 7534 7928 7553 8266 8023 7550 7551 7683 8457 8135 8367 7671 7423 7926 7409 7432 7815 8006 7812 7459 8101 7971 8108 7815 7945 7541 7881 8131 7903 8128 7988 7710 7079 7731 7902 7492 8219 7958 8002 7936 7040 7980 7786 8153 8109 7520 7981 7985 7711 7599 7860 7711 8283 8399 
6965 7665 8093 7625 7872 7142 8078 7372 7441 7449 7584 7721 7146 7773 7578 7656 7827 7781 7461 7405 8020 7642 7277 7794 8129 7509 7276 7234 7780 7728 7426 7256 7568 7382 7953 7475 7248 7210 7493 7485 7675 7837 7434 7367 7485 7526 8122 7485 7761 7605 7403 7396 7800 7407 7876 7768 7715 7969 7878 7638 7227 7775 7698 7582 7671 7537 7652 8003 7839 8148 7845 8074 7167 8003 7374 7234 7581 7669 7906 7094 7497 7844 7587 7399 7803 7606 7506 7571 7883 7175 7093 7309 8048 7210 7414 7931 7926 8001 7821 7522 7723 7999 7313 8081 7551 7606 7952 7800 7459 7774 7604 7782 7003 7527 8329 7511 6738 7366 7322 7798 7761 7337 6928 7024 7483 8018 7374 7279 7889 8173 7653 7470 7621 7527 7599 7423 7728 7392 7983 7793 7252 7888 7618 7036 7630 7520 7465 7925 7192 7639 7516 7698 7711 7775 7392 7975 7495 7775 7533 7621 7725 7488 8002 7624 7577 7596 7670 7407 7721 7314 7641 8059 7111 7929 8000 7760 7886 7526 7134 8078 7892 7440 7208 7505 7395 7679 7893 8032 7772 7038 8008 7167 7624 7506 8029 7569 7710 8079 7967 7903 7484 7824 7798 7115 7571 7818 7686 7663 7726 8054 7261 7005 7864 7669 7601 7663 7516 7364 7941 7927 7492 8279 8228 7927 7472 8128 7428 7686 7707 7404 7903 7821 7229 7443 7212 7168 7499 8164 7859 7912 7526 7496 7280 7741 7189 7938 7383 7635 7623 7820 7977 7329 7641 7702 7742 7918 7535 8045 7844 7917 7927 7832 7672 7363 7933 7370 7751 7232 7924 7842 7756 8187 7573 7830 7556 7547 8207 7304 7460 7782 7072 7344 7904 7343 7494 7269 7590 8102 7619 7601 6815 7354 7674 7813 8046 7310 7663 7636 7708 7308 7382 7338 7882 7860 7591 7628 7937 7640 7600 7730 7662 6963 7964 7434 7511 7520 7219 7506 8049 7911 8082 7851 7887 7654 7481 7282 7437 7576 8062 7180 7482 7367 7367 7564 7672 7584 8060 7756 7819 7600 7747 7709 7173 7944 7271 7762 7365 7894 7654 7554 8173 7521 7572 7323 7909 7608 7851 7725 7589 7634 7096 7466 7330 7916 7412 7364 7538 7869 7873 7593 7397 7389 7777 7473 7563 7585 7953 7956 6928 7552 7990 7386 7759 7649 7954 7819 7089 7340 7810 8004 7401 7667 7726 7690 7978 7984 8027 7782 7860 8282 
7650 8583 8371 7983 8865 8125 8745 8386 8156 8150 8437 8255 7904 8427 8613 8273 8825 8270 8339 7812 8752 7949 7967 8814 8498 8292 8037 8440 8256 8209 8347 7851 8321 8226 8511 8553 7801 7992 8122 8093 8540 8449 8054 8036 7973 7996 8474 8022 8408 8474 8337 7989 8540 8089 8603 8456 8026 8925 8628 8098 7988 8645 8086 8112 8920 8047 8583 8687 8431 8471 8419 8697 7765 8409 8134 7994 8177 8024 8543 7841 8012 8586 8460 8550 8655 7952 8341 8360 8858 8115 7943 8239 8451 7981 8031 8514 8496 9065 8964 8144 8224 8493 7900 8918 8214 8493 8737 8367 8094 8185 8250 8534 7731 8053 9111 8164 7819 8060 7730 8473 8327 8116 7919 8034 8289 8928 8202 8353 8350 8843 8463 8374 8424 8299 8510 8246 8157 8280 8614 8187 7981 8510 8094 7593 8244 8652 8180 8618 8510 8288 8092 8145 8945 8411 7999 8376 8384 8311 8132 8817 8648 8293 8386 8303 8321 8542 8364 8441 8132 8185 8748 8264 7957 8999 8384 8538 7981 8137 8196 8362 8834 8320 8021 8051 8040 8548 8288 8918 8446 7831 8636 7823 8475 8209 9060 8564 8598 8921 8571 8246 8333 8421 8087 7996 8442 8489 8339 8433 8768 8422 8030 7527 8799 8691 8347 8179 8363 8196 8293 8423 8365 8841 8957 8542 8560 8272 8167 8401 8605 7850 8251 8765 7860 7993 8349 8080 7882 8709 8466 8197 8429 8050 7946 8477 8340 8822 8192 8197 8171 8531 8621 8112 8620 8647 8590 8154 8407 8371 8572 8529 8424 8256 8652 8252 8827 7989 8385 8014 8329 8333 8546 8511 8588 8327 8061 8357 8613 8192 8651 8427 7853 7954 8268 7962 8242 8111 8087 8105 8678 8319 7817 8263 8230 8381 8560 8338 8277 8435 8788 7950 8202 8170 8141 8697 8565 8128 8548 8329 8561 8488 8424 8125 8307 8112 8515 8256 7955 8181 8509 8210 8984 8032 8366 8182 8187 7399 8171 8309 8648 7849 8108 8031 8336 8483 8373 8358 8579 8216 8774 8909 7977 8270 7801 8695 7829 8615 8088 7975 8331 8531 8314 8303 8061 8257 8737 8537 8368 8081 7951 8314 8067 8138 8270 8796 8114 8103 7941 8821 8606 8395 8473 8631 8271 8233 8394 8347 8388 8321 7872 8009 8309 7977 8299 8099 8380 8238 7648 8409 8669 8803 8644 8451 8404 7985 8377 8385 8603 8301 8810 8878 
6874 7722 7965 7082 7591 7672 8038 7315 7466 7265 7654 7808 6981 7752 7641 7756 7976 7901 7235 7448 7756 7111 7239 7645 8135 7514 7413 7946 7356 7612 6873 6949 7388 7126 7961 7869 7311 7361 7420 7568 7654 7794 7398 7246 7623 7369 7682 7309 7659 7795 7454 7440 7388 7696 7959 8026 7308 7916 7983 7533 6960 8082 7602 7543 7781 7172 7653 7529 7876 7536 7536 8058 7209 7453 7551 6703 7656 7364 7889 7054 7464 7544 7610 7670 7417 7641 7874 7198 7868 7072 7330 7442 7717 7253 7356 8002 8033 7938 7925 7348 7390 8066 7456 7578 7721 7735 8024 7381 7410 7860 7834 7860 7385 7144 7779 7758 7294 7349 7169 7704 7759 7669 6758 7322 7677 8224 7625 7091 7920 8099 7533 7809 7324 7126 7784 7399 7522 7549 7960 7614 7362 7813 7531 7018 7589 7529 7443 7899 7257 7416 7354 7608 7992 7962 7415 7462 7508 7808 7480 7511 7876 7733 7534 7672 7427 7658 7934 7410 7588 7978 7962 8020 7377 8129 7899 7629 7350 7506 7435 7417 7664 7314 7164 7450 7320 7702 7768 7614 7668 6792 7912 6841 7483 7679 8364 7742 7713 8197 7652 7517 7364 8146 7518 7299 7862 7642 7215 7715 7850 7769 7214 7263 8131 7830 7746 7322 7801 7071 7571 7478 7845 8364 8270 7476 7481 8023 7550 7741 7806 7391 7517 7869 7572 7447 7732 7113 7067 7690 7475 7703 7450 7104 7260 7974 7749 7697 7377 7608 7430 7585 8051 7687 7610 8168 7482 7644 7164 7829 7716 7746 7464 7371 7624 7781 8072 7226 7378 7336 7463 7610 8167 8006 7671 7531 7780 7395 8096 7479 7689 7975 6864 7352 8003 7082 7606 7048 6974 7641 7347 7798 7297 7391 7756 7719 7816 7471 7373 7863 7992 7289 7125 7515 7672 7629 7847 7546 7869 7438 7380 7851 7636 6972 7501 7577 7518 7730 7183 7533 7820 7660 8148 7481 7647 7402 7606 6867 7429 7455 7788 7247 7455 7559 7659 7801 7701 7643 7880 7412 7750 8099 7273 7838 7564 7683 7670 7541 7147 7618 7564 8069 7835 7372 7353 7644 7857 7758 8095 7759 7142 7322 7550 7357 7439 7783 7203 7365 7761 7944 7910 7608 7621 7333 7624 7390 7777 7677 7428 7715 7000 7397 7645 6859 7921 7407 7630 7780 7146 7548 7777 8125 7951 7401 7452 7408 7492 7298 7366 7753 7801 8221 
7304 8169 8173 7972 8499 7740 8412 8090 7758 7349 8195 7926 7686 8146 8619 7584 8179 8210 7860 8099 8157 7696 8283 8082 8266 8500 7454 8151 7889 8300 7557 7697 7922 7980 8164 7980 8187 7804 7913 8078 8182 8322 7848 8013 7890 7496 8460 7897 8206 8082 7695 7894 8163 8048 8152 8682 7808 8561 8542 7987 7532 8544 7977 7917 8200 7719 7993 8215 8479 8365 8445 8436 7487 8318 7664 7804 8179 8070 8538 7643 7808 8126 8045 7963 8182 7861 8030 7864 8307 8117 7922 8085 8101 7716 7980 8308 8419 8303 8491 7897 7727 8300 7712 8333 7992 8283 8120 8137 7990 7901 7899 8150 7770 7756 8714 7969 7445 7562 7870 7925 8006 7935 7599 7990 7996 8456 8342 7670 8314 8741 8382 8273 8114 7551 8072 8113 7805 8259 8322 7943 7783 8243 7859 7797 8014 8123 8005 8514 7907 7924 7671 7973 8358 8176 7764 8336 7899 8193 7875 8152 8226 8177 8015 8109 8144 8217 8212 7516 7952 7937 8273 8506 8076 8707 8214 8401 8021 8130 7839 8255 8475 7873 7708 7655 7902 8089 8439 8651 8040 7137 8070 7571 7920 7898 8569 8222 8046 8785 8069 7941 7866 8257 8417 7231 7899 7947 7965 8393 8132 8065 7812 7924 8138 8148 8153 7904 8086 7731 8170 7583 7981 8748 8451 8037 8019 8191 7742 8239 8023 7961 8080 8135 7908 7896 8035 7491 7635 8460 8270 7920 7656 7921 7573 8302 8098 8353 7952 8162 7466 8158 8344 7951 8102 8368 8166 8465 7851 7947 7993 8235 7978 7906 7920 8115 8079 7748 7851 7901 8089 8226 8493 8455 8335 7862 7901 7896 8297 7818 7814 8395 7545 7839 8485 7890 7858 8018 7582 7839 8458 7751 7585 7948 8266 7970 8152 7965 8091 8013 8486 8317 7982 8118 7846 8461 8345 8349 7941 8264 8023 8343 8055 7522 8069 7907 7438 7761 7533 8327 8030 7779 8701 7844 8134 8150 7975 7510 7991 7789 8167 7320 7722 7957 8252 8056 8180 8111 8204 7990 8242 8319 7841 8129 7393 8270 8010 8525 7703 8093 8039 8161 8087 7784 7967 8004 8383 8145 8391 7736 7661 7980 7716 7915 7973 8061 7727 7844 8090 8348 8558 7975 8163 7712 7831 7718 8120 8255 7876 7970 7570 8122 8193 7456 7907 8040 8252 8200 7449 7982 7955 8162 8001 7767 8316 7680 7925 8050 8097 8064 8240 8608 
7165 8046 7968 7902 7913 7663 8276 7864 7596 7485 7858 7782 7155 8118 8220 7834 8356 7838 7736 7703 8100 7398 7976 8138 8416 7817 7503 8033 7802 7931 7583 7331 7695 7831 7841 8071 7697 7371 7833 7760 8071 8028 7605 8090 7760 7591 8205 7884 8097 7878 7830 7647 7960 7878 8288 7965 7721 8006 8044 7655 7748 8341 7649 7704 8194 7582 8031 8108 8059 7914 8005 7833 7145 8376 7834 7343 8251 7827 8250 7449 7841 7847 7841 7687 8070 7297 8058 7867 7823 7548 8146 7669 7728 7682 7528 8194 8155 8208 8135 7588 7677 8207 7590 8340 7796 8155 8636 7753 7727 7848 7816 8253 7259 7208 8560 7868 7303 7693 7311 7897 7952 7892 7339 7470 7705 8396 7943 7588 8403 8306 7832 8068 7486 7855 7873 7734 7635 8037 7930 7836 7698 8075 7485 7080 7832 8058 7614 8316 7678 8109 7473 7709 8176 8103 7696 7686 7837 8051 7561 7671 8122 7993 8193 7537 7643 7809 7911 7760 7650 7934 8162 7916 7541 8364 8155 8249 7674 7873 7637 7775 8352 7875 7313 7844 7781 7715 7951 7871 7651 7364 7915 7131 7870 7814 8596 7815 8181 8165 7907 7880 7696 8089 7852 7406 7912 7945 7936 8027 8241 8270 7616 7852 8257 7630 7567 7583 8093 7577 7709 7727 7849 8782 8476 7982 7644 8081 7369 7884 7979 7714 7739 8019 7340 7910 7874 7369 7387 8268 8078 8159 7755 7535 7580 8238 7853 8046 7648 7814 7596 7823 8304 7521 8061 8468 7942 7921 7423 8109 8207 8080 8067 7803 7647 7676 8166 7481 7860 7395 8024 8014 8114 8080 8248 7587 7855 7308 8330 7650 7959 7951 7095 7935 8176 7457 7689 7664 7578 7902 7885 7537 7572 7597 7803 7747 8249 7845 7710 7653 8353 7745 7822 7370 7568 8211 8057 7996 8065 7824 7707 8184 8136 7197 7985 8001 7752 7499 7632 7767 7987 7828 8651 7735 7756 7719 8032 7339 7758 7516 8555 7514 7581 7608 8072 7742 7998 7953 8079 7817 8160 8151 7538 7802 7742 8289 7369 8057 7564 7896 7893 8170 8365 7614 7904 7807 8323 7851 8430 7845 7623 7605 7549 7547 7885 7816 7660 7564 8106 8328 7944 7853 7900 7633 7720 7885 7759 7715 8032 7893 7381 7559 8003 7551 8107 7481 8274 8140 7691 7924 7811 8163 7818 7348 7857 7806 7958 7737 7704 8044 7836 8365 
6891 7910 8037 7585 8164 7794 8182 7960 7857 7551 7976 7837 7374 8290 8171 8145 7872 7933 7534 7985 8383 7650 7613 8322 7925 7783 7628 8021 7717 7930 7546 7429 7750 7798 8168 7946 7346 7367 7653 7812 7845 8180 7695 7591 7393 7528 7970 7595 7905 8153 7789 7415 7524 7606 8234 8043 7676 8144 8146 7904 7561 8068 7710 7661 8255 7754 8015 8034 8193 8124 8142 7755 7250 8013 7734 7566 7982 7607 8224 7508 7430 7886 7841 7890 7947 7954 7573 7641 7989 7854 7794 8011 8119 7608 7894 7941 8254 8442 8227 7706 7939 8712 7799 7984 7751 8006 8215 7726 7377 7655 7924 7997 7638 7420 8524 8154 7266 7560 7595 8162 7837 7947 7146 7520 7884 8279 7917 7895 8035 8320 7951 7730 7710 7731 7841 7737 7714 7727 8253 8029 7757 8207 7759 7346 7657 7965 7708 8378 7724 7646 7431 7829 8329 8193 7742 7978 8114 7976 7835 8127 8062 7999 8172 7734 7652 8171 7841 7658 7965 7729 7972 8612 7676 8625 7853 8065 7635 7857 7662 7905 8186 7593 7663 7666 7500 7843 8171 8326 7735 7273 8221 7081 7891 7763 8497 7823 7761 8171 7904 7720 7894 8058 8106 7371 8011 7994 7832 7946 7709 7843 7687 7681 8055 8215 7886 7880 8288 7687 7815 7964 7901 8609 8483 8372 8072 7964 7669 8197 8217 7670 7717 8113 7690 7705 7692 7612 7514 8105 8094 7987 7700 7544 7714 7877 7997 8081 7773 7840 7481 8497 8059 7731 7767 8213 8061 7962 7704 8055 7770 7666 7967 7797 7778 7946 8338 7831 7659 7581 8193 7900 8233 8156 8106 7766 8021 7641 8150 7828 7811 8087 7314 7726 8133 7648 7782 7606 7743 7833 8071 7694 7223 7699 8037 7799 7869 7520 8016 8164 8247 7828 7802 7621 7848 8149 7854 7839 8207 7861 7954 8342 8005 7371 8097 8029 7692 7411 7515 8001 8105 7612 8255 7744 7998 7924 7829 7068 7553 7835 8213 7503 8016 7785 8245 7956 7861 7886 8261 7689 8454 8534 7932 7980 7566 8268 7674 8107 7702 7578 8005 8583 7850 7686 7745 7591 8330 8178 8364 7627 7450 7506 7533 7780 7724 7984 7513 7533 7709 8209 8247 7831 7986 7894 7958 7755 7840 8166 7636 7993 7189 7724 7751 7584 8127 8058 7886 7980 7078 7794 7674 8313 8198 7661 7833 7431 7850 7846 7819 8151 8166 8684 
7105 8084 8020 7889 8076 7675 8543 7537 7353 7447 7590 7706 7425 8210 7931 7636 7890 8038 7767 7887 8310 7512 7636 7840 8114 7870 7503 8005 7684 7734 7879 7168 7940 7970 8086 7873 7668 7488 7663 7594 7604 8014 7434 7761 7522 7536 8122 7553 7822 7557 7791 7528 8167 7731 8113 7896 7730 8390 8277 7770 7525 7978 7801 7832 8260 7414 7984 8011 8073 8438 7918 7867 7304 8341 7732 7196 7933 7483 8098 7291 7634 7912 7820 7897 7942 7485 7739 7687 8120 7674 7486 8236 8120 7775 7649 8061 8207 8658 8329 7616 7951 8362 7552 8216 7874 7939 8263 7972 7456 7975 7722 8031 7364 7708 8226 7690 7456 7644 7500 8135 8110 7956 7141 7303 8022 8334 7864 7535 8017 8275 7748 8064 7600 7945 7479 7635 7831 7891 8054 8130 7520 8182 7780 7423 7795 7894 7876 7976 7577 7773 7458 7732 7986 7956 7709 8164 8047 7849 7486 7594 7822 7778 8034 7690 7732 7861 8084 7655 7721 7983 8129 8325 7257 8323 7792 7869 7767 7761 7628 8003 8403 7743 7393 7769 7752 7964 7908 8347 7813 7105 8133 7343 7689 8104 8881 8137 7966 8206 7854 7625 8003 8287 7789 7239 7964 7970 7917 7941 7968 8088 7535 7424 8219 8185 7442 7679 7830 7508 7964 7813 8154 8454 8110 8216 8093 8117 7289 7809 7831 7644 7633 7861 7418 7665 7517 7211 7295 8341 8040 7677 7732 7364 7585 7894 7782 8092 7631 7756 7659 8239 8110 7752 7632 8113 7769 8132 7733 8016 8082 7994 7856 7666 8054 7813 8445 7922 7719 7783 8216 7846 8044 8035 8191 7817 7963 7579 8373 8063 7562 7879 7303 7509 8132 7597 7703 7621 7474 8073 7980 7666 7148 7895 7649 7720 7975 7415 7737 8028 8314 7785 7723 7502 7586 8145 8141 8339 8023 7724 7975 7917 7924 7172 7884 7947 7618 7492 7616 7651 8250 7579 8266 7929 7937 7944 7964 7015 7713 7785 7990 7292 7730 7241 7961 8047 7820 7655 8128 8030 8237 8024 7932 7946 7391 8046 7636 8108 7487 7699 8245 8078 7791 7640 7997 7625 8108 7838 8459 7711 7315 7752 7285 7884 7889 8196 7388 7953 7923 8077 7940 7928 7707 7654 7713 7686 7895 7877 7725 8115 7538 7548 7922 7444 7947 7725 7845 8008 7138 8064 7838 8119 7967 7810 7952 7616 7938 7768 7804 7981 7981 8610 
7310 8528 8423 7990 8836 8213 8893 8326 8091 8129 8391 8226 7846 8615 8958 8640 8538 8550 7995 8472 8455 8155 8154 8637 8734 8385 7828 8033 8059 8513 8273 7743 8629 8156 8548 8173 8199 8224 8115 8333 8599 8662 8112 8414 8217 7991 8999 8313 8470 8550 8344 8171 8558 8003 8626 8683 8184 8831 8862 8106 7849 8435 8483 8186 8515 7990 8461 8380 8682 8487 8517 8909 8191 8503 8301 7756 8518 8055 8691 8089 8171 8715 8576 8202 8239 8065 8492 8349 8684 8383 8444 8416 8465 7993 8221 8691 9033 8575 8512 8339 8245 8910 8274 8433 8215 8595 9129 8418 8068 8215 8454 8626 7904 8014 9075 8305 7723 8120 8227 8366 8494 8099 7984 8124 8420 8881 8115 8091 8448 9006 8283 8918 8188 8559 8418 8239 8235 8447 8745 8429 7968 8660 8417 7685 8098 8709 8156 9026 8159 8491 8027 8249 8869 8628 8013 8502 8459 8290 7908 8478 8513 8496 8440 8054 8102 8348 8828 8235 8215 8434 8742 8783 8185 9025 8384 8700 7910 8526 8261 8374 8747 8500 7935 7964 8280 8439 8473 8688 8463 7544 8645 7511 8364 8124 9162 8144 8241 9065 8332 8348 8089 8501 8396 7587 8200 8369 8309 8426 8633 8766 8168 8325 8891 8474 8346 8586 8271 8321 8204 8025 8609 9015 8846 8658 8251 8375 7927 8375 8706 8101 7984 8743 7931 8310 8518 7711 7770 8729 8291 8340 8052 8241 7755 8944 8363 8563 8023 8459 8379 8898 8770 8228 8345 8850 8572 8515 8332 8611 8348 8513 8541 8340 8381 8409 8477 8202 8406 8268 8396 8234 8715 8628 8136 8327 8311 8054 8612 8297 8245 8483 7774 8444 8613 8207 8287 8440 8099 8378 8537 8246 7632 8217 8418 8302 8617 8611 8219 8577 8652 8232 8459 8364 8352 8599 8694 8708 9149 8412 8250 8820 8564 7547 8614 8134 8046 8297 8068 8407 8686 8417 8863 8203 8216 8216 8493 7577 7909 8074 8743 7975 8086 8348 8599 8325 8376 8321 8866 8301 8952 8728 8558 8508 8125 8896 8333 8638 7843 8211 8309 8639 8702 8123 8257 8023 8539 8492 9097 8312 8176 8249 8115 8233 8036 8683 8070 8374 8248 8440 8341 8460 8369 8302 8442 8168 8319 8420 7987 8500 7549 8120 8313 7782 8446 8146 8600 8384 8014 8262 8449 8639 8939 8349 8700 8169 8092 8290 8176 8410 8920 8733 
7266 8081 8132 7605 8286 7387 8526 7676 7591 7328 8015 7730 7400 7915 8220 7922 7983 8004 7791 7495 8227 7716 7713 8223 8303 8228 7341 7854 7671 8133 7756 7412 7531 8186 8190 8014 7716 7914 7639 7588 8006 7878 7838 7750 7722 7770 8072 7465 8103 8062 7655 7776 7973 7685 8392 8267 7820 7897 8267 7771 7582 8185 7481 7593 8014 7721 8101 8094 8384 8166 7996 7933 7598 8138 7895 7440 7851 7866 8107 7014 7526 8046 8146 7991 8118 7602 8135 7694 7817 7795 7588 7830 7777 7265 7851 8249 8203 8367 8188 7533 8061 8237 7799 8214 8036 8201 8260 7911 7743 8062 7970 8052 7585 7535 8531 7514 7498 7347 7306 8242 7700 8054 7289 7477 7848 8480 7704 7668 8207 8245 7749 8155 7666 7694 7694 7962 7550 7759 8347 7815 7619 8006 7800 7186 8133 7847 7846 8372 7464 7774 7526 7683 8285 7863 7508 7780 7876 8007 7617 7722 8098 7980 7708 7726 7837 8180 7885 7552 7804 7840 8195 8306 7702 8514 8065 8238 7740 7823 7636 7792 7925 7513 7763 7755 7503 7949 8121 8372 7915 7225 8129 7660 7770 8037 8756 7928 8170 8246 8124 7963 7636 7965 7730 7046 7956 7697 8117 7891 7984 8067 7526 7443 8395 8082 7304 7739 8043 7496 8032 7825 8368 8537 8407 8044 7854 8071 7567 7884 8001 7615 8037 8169 7498 8173 7855 7420 7523 8425 7823 7917 7797 7764 7676 7770 7821 8288 7886 7692 7613 8145 8477 7652 8238 8314 7700 8055 7709 8222 7547 7988 7883 7886 8107 7813 8243 7514 7835 7454 8342 7942 8400 8172 8108 8082 7588 7570 8325 7694 7697 7835 7233 7575 8100 7236 7896 7609 7355 7961 7976 7824 7111 7814 7865 7649 8021 7970 7888 7781 8324 7795 8017 8085 7860 8194 8145 7961 8225 7791 7959 8116 8452 7462 8152 7790 7919 8098 7582 7901 8000 7977 8477 7708 7715 7913 7921 7041 7893 7667 7900 7465 7602 7292 8276 8088 7943 7889 8304 7726 8279 8366 7829 8192 7486 8476 7726 7788 7198 7920 7805 8425 8393 7830 8131 7850 8137 7819 8187 7757 7680 8033 7628 7975 7851 8102 7525 7445 8170 7949 8021 7950 7502 7912 7703 7739 7775 8115 7997 8379 7481 7819 7616 7771 8060 7761 7765 8188 7431 8089 8155 8269 8089 7948 7959 7554 7651 7861 7642 7811 7906 8458 
7091 7755 8401 7551 8111 7668 8454 7605 7410 7705 7829 7706 7182 8059 8336 7930 8387 7915 7646 7959 8365 7569 7707 8193 8362 8155 7437 8066 7805 8015 7265 7006 7683 7797 7904 7796 7550 7729 7885 7794 7921 7993 7694 7797 7463 7316 8232 7479 8153 8118 7650 7486 7417 7613 8412 8374 7740 7765 8399 7689 7764 8283 7984 7395 8057 7624 7769 7804 8105 8143 7722 8101 7447 7939 7829 7626 8036 7728 8378 7303 7587 7798 8024 8055 8135 8027 7956 7502 8142 7896 7560 7836 7961 7655 7701 8335 8494 8089 8104 7620 7749 8331 7810 8103 7823 7984 8165 7737 7408 8093 8109 8047 7533 7337 8122 7540 7245 7549 7605 8105 7975 7791 7014 7908 7740 8354 7790 7598 8115 8503 7852 8149 7652 7617 7665 7840 7515 7828 8424 8131 7545 8144 7927 7358 7730 7936 7677 8184 7475 8058 7435 7884 8167 7954 7814 7948 7843 7714 7730 7964 8079 7764 7719 7803 7848 8157 8188 7776 7681 7892 7961 8423 7592 8328 8223 8073 7932 7850 7738 7890 8326 7805 7654 7815 7545 7650 8099 8424 8017 7189 8073 7171 7909 7923 8733 8136 8122 8201 7910 7749 7833 8128 7879 7382 7937 8145 7586 7863 7995 8190 7552 7320 8353 7592 7860 7874 7904 7555 7923 7974 8015 8444 8597 8015 7589 8050 7521 7994 8034 7380 7578 8239 7566 7459 7799 7433 7493 8169 7979 8029 8018 7714 7550 8114 7933 8053 7904 7980 7904 8033 8176 7795 7816 8269 7934 8212 7785 7983 8153 7827 8040 7884 8022 8080 8299 7751 7584 7571 8216 8083 8068 8372 7913 7695 7991 7870 8411 7767 7669 8313 6896 7964 8107 7527 7357 7419 7517 8108 8115 7805 7384 7775 8177 7869 7977 7643 7823 8010 8481 7841 7601 7796 7546 8032 8068 7854 8194 8049 7935 8057 8196 7343 8184 7960 7853 7499 7505 7976 8401 7741 8528 7638 7851 7706 7647 7088 7764 7824 8167 7402 7691 7613 7948 7752 7923 7673 8334 7888 8345 8207 7740 8024 7324 8310 7805 8128 7565 7629 7633 8391 7761 7941 7784 7811 8520 8158 8269 7732 7473 7635 7250 7989 7767 8007 7834 7533 7844 8059 8143 7923 7815 7823 7745 7822 7786 8079 7749 8195 7425 7875 8122 7524 8080 7732 8132 7911 7482 7797 8346 8156 8317 7806 8123 7590 7739 7391 7607 7784 8074 8345 
6848 7837 8092 7516 8371 7723 8300 7621 7370 7361 7716 7615 7355 8050 8017 7795 7974 8088 7521 7539 7996 7109 7639 7906 8229 8100 7468 7465 7493 7914 7705 7052 7315 7583 8022 7850 7366 7374 7867 7384 7575 7503 7538 7564 7787 7689 7741 7562 7945 7975 7372 7525 7760 7568 7774 7810 7584 7847 8316 7740 7227 8254 7704 7699 8103 7476 7697 7606 8311 7576 7880 8250 7412 7728 7360 7070 7492 7858 8214 7117 7396 7898 7624 7703 7828 7471 7920 7643 7677 7854 7078 7482 7769 7112 7888 8240 8253 7945 8223 7439 7686 8208 7573 7937 7337 7808 8264 7745 7344 7821 7571 7860 7563 7397 8447 7522 7379 7198 7490 7839 7926 7773 7390 7420 7470 8297 7441 7688 7941 8043 7889 7993 7869 7779 7521 7660 7189 7647 7571 7953 7172 7980 7437 7034 7607 8254 7627 8196 7559 7794 7499 7534 8132 8396 7509 7764 7770 7635 7214 7508 8131 7737 7865 7158 7599 7452 8091 7612 7444 7789 8041 8078 7434 8101 7864 7775 7485 7687 7479 7750 7802 7594 7215 7638 7498 8034 8011 8040 7729 7020 7613 7684 8040 7756 8379 7595 8106 8180 7518 7591 7621 7917 7932 7263 7816 7792 7262 7558 7979 7873 7258 7337 8288 7810 7326 7690 7718 7419 7711 7633 7821 8271 7931 7746 7516 8026 7448 8021 7723 7361 7677 8208 7366 7668 7736 7556 7087 7834 7758 7899 7732 7319 7216 7952 7663 7709 7463 7904 7455 7605 8201 7371 7961 7743 7614 7909 7468 8168 7554 7780 7606 7824 7990 7991 7877 7144 7212 7396 8049 7788 8024 7598 8001 7590 7885 7514 8046 7542 7492 7982 7183 7720 8054 7177 7792 7464 7636 7820 7817 7375 7163 7466 7735 7629 8093 7527 7464 7600 8029 7471 7729 7433 7701 7894 7945 8069 7697 7766 7781 7843 8183 7088 7861 7545 7630 7834 7558 7586 8082 7661 8400 7420 7609 7667 7719 6738 7413 7329 7919 7424 7911 7611 7982 7915 8012 7724 7951 7653 7915 7843 7425 7997 7498 8045 7656 7809 7517 8025 7960 8228 7934 7667 7803 7479 7796 7517 8322 7801 7058 7466 7452 7569 7354 8194 7848 7609 7801 8004 7771 7991 7369 7557 7588 7910 8140 7996 7792 7743 7233 7526 7536 7138 8042 7695 7790 7839 7415 8064 7976 7940 7771 7342 7936 7347 7431 7378 7553 7685 8147 8181 
7313 7699 7974 7726 8190 7821 8333 7524 7478 7083 7777 7615 7331 7850 8147 7718 8156 8085 7611 7906 8054 7486 7708 8241 8087 8138 7509 7609 7480 7804 7452 7231 7967 7876 7835 7591 7336 7615 7702 7535 7733 8067 7701 7632 7643 7282 7801 7454 7945 7959 7337 7694 7748 7513 8238 8248 7377 8194 8208 7670 7752 8015 7827 7551 8305 7400 7632 7803 8454 8117 8265 8051 7352 8248 7777 7257 7701 7557 7933 7288 7723 7711 7758 7671 7949 7510 7854 7616 8016 7665 7570 7780 7487 7417 7611 8048 8087 8096 8149 7570 7850 8222 7704 8249 7793 7982 8175 8102 7419 8110 7716 8026 7461 7304 8039 7738 7166 7142 7683 7939 7799 7881 7313 7202 7795 8365 7902 7662 8087 8279 7788 8078 7879 7567 7796 7455 7667 7785 8126 7669 7545 7729 7727 6697 7653 7721 7906 8177 7392 7724 7572 8028 8133 7618 7681 8087 7816 7528 7458 7649 7992 8054 7879 7694 7683 7639 8248 7676 7479 7752 7871 8212 7545 8095 7737 7523 7676 7588 7399 7667 8257 7740 7275 7652 7451 7793 8055 8203 7743 7187 7794 7377 7740 7860 8314 7667 7854 8412 7598 8166 7957 7839 7772 6826 7503 8008 7473 7662 7887 8107 7738 7213 7755 8237 7446 7666 7926 7479 7849 7819 8193 8422 8545 8126 7478 7897 7297 7512 7759 7541 7912 8057 7395 7877 7639 7171 7436 8140 7801 7898 7609 7342 7178 7913 7720 8314 8062 7763 7494 7865 7772 7586 7600 7961 7796 8076 7825 8049 7961 8059 7973 7705 8194 7874 8003 7349 7547 7732 8000 7640 8382 7979 7744 7390 8144 7679 8076 7743 7675 8225 7200 7451 8218 7290 7953 7594 7377 7881 7964 7497 7298 7435 7692 7821 7845 7592 7730 7856 8041 7566 7801 7695 7704 8031 8028 8001 7815 7616 7889 8410 7866 7137 7670 7713 7538 7772 7314 7849 7977 7635 8774 7735 7655 7701 7767 6998 7755 7602 7976 7066 7631 7619 7909 7792 7782 7710 7893 7495 8009 7910 7533 7814 7371 8368 7955 7913 7437 7812 8263 8051 7501 7562 7766 7799 8026 7773 8135 7485 7642 8045 7533 7430 7769 8124 7703 7527 7858 7924 8073 7951 7310 7779 7675 7634 8058 8153 8033 7962 7370 7633 7534 7653 7827 7960 8134 7894 7388 7932 8085 8251 8092 7484 8069 7348 7863 7623 7722 7716 8026 8073 
7290 8073 7776 8169 8580 8070 8490 7665 7804 7871 8323 8044 7536 8569 8411 8282 8824 8375 7995 7884 8493 7983 7968 8717 8517 8506 7862 7987 8258 8235 7718 7422 7951 7913 8303 8211 8141 7599 8130 7922 8121 8430 8241 8332 7904 7861 8195 7984 8261 8546 7845 7812 8234 7963 8475 8157 8215 8480 8076 8081 7867 8189 8275 7798 8546 7889 8489 8325 8344 8755 8496 8437 7553 8444 7759 7843 8382 7894 8668 7756 8140 8507 8115 8281 8394 8128 8164 7907 8184 7581 7905 8018 8167 7925 7935 8425 8817 8674 8422 8103 8356 8520 8124 8405 7989 8420 8414 8370 7900 8419 8154 8425 7706 7684 8599 8310 7655 7755 7984 8310 8142 8135 7645 7841 8042 8784 8049 7994 8216 8396 8312 8349 8141 7766 8177 8283 8066 8219 8726 7981 7664 8659 8272 7579 8040 8269 7839 8152 7763 8074 7835 8233 8466 8109 7888 7983 8357 8034 7773 8599 8274 8031 8149 8570 7994 8442 8316 8216 8358 8244 8507 8887 7668 8605 8621 8421 8095 8255 7713 8191 8185 8053 7859 8063 7776 8236 8519 8598 7981 7637 8377 7547 8462 7891 8570 8159 8628 8679 8361 8356 7994 8683 8175 7732 8089 8140 8068 8052 8296 8456 7854 7464 8266 8081 7963 8240 8484 8090 7981 8093 8375 8917 8807 8080 8322 8597 7882 8086 8278 7912 8263 8197 7978 8119 8098 7621 8108 8063 8319 8262 7897 8203 7539 8331 8190 8374 8072 8351 7978 8258 8528 8132 8461 8535 8190 8386 8084 8478 8209 8334 8470 8020 8530 8147 8633 7676 8091 7654 8349 7997 8284 8386 8166 7771 8105 8126 8608 7573 7967 8159 7297 7834 8373 7835 7970 7853 7731 8542 8480 8178 7557 7679 8128 8406 8325 8204 8202 8325 8570 8049 7729 8197 7884 8247 8522 8333 8557 8444 8252 8070 8419 7709 8568 7891 7934 7961 7949 8061 8237 8134 8706 7925 8044 7991 8202 7598 7941 7795 8543 7939 7916 8050 8263 8379 8138 8244 8558 7919 8537 8551 8212 8420 7753 8450 8168 8260 7807 8074 7988 8631 8316 7925 7988 7836 8690 8317 8706 7891 7725 8056 7850 8201 7815 8307 7937 7796 8494 8554 8668 8144 8322 7767 8235 8029 8256 8519 8177 8403 7681 8120 8512 7640 8366 8089 8164 8342 7392 8072 8445 8671 8191 8035 8144 7787 8026 8450 7820 8482 8201 8574 
7600 8756 8499 8381 8884 7978 9083 8142 8047 7792 8069 8183 7896 8410 8526 8114 8835 8484 8110 8055 8863 8197 8213 8561 8553 8575 8024 8263 8358 8362 8187 7745 8272 8546 8777 8564 8471 7680 7790 8039 8423 8553 7967 8149 7962 8038 8769 8148 8487 8341 7955 8403 8503 8029 8314 8380 8332 8689 8711 8376 7832 8557 8162 7986 8237 8299 8503 8547 8794 8491 8370 8736 7595 8478 8075 8132 8502 8578 8744 7727 7866 8070 8284 8721 8733 8079 8370 8430 8412 7982 8151 8230 8482 7871 8177 8820 8469 8782 8400 8195 8286 8845 7981 8748 8094 8358 8801 8121 7772 8486 8406 8722 8260 8011 8861 8484 7829 7974 8219 8843 8147 8308 7686 8150 8321 8972 8095 7978 8382 8741 8220 8498 8120 8273 8382 8147 8134 8237 8551 8331 8006 8407 8195 7625 8479 8325 8067 8553 7940 8766 7954 8230 8740 8416 8184 8664 8721 8237 7856 8287 8615 8723 8408 8077 8032 8216 8344 8156 8387 8227 8646 8784 8224 8783 8230 8377 8301 8098 8151 8501 8827 8255 8094 8203 8311 8618 8736 8518 8340 7927 8759 7611 8045 8172 8887 8349 8704 8703 8278 8156 8066 8547 8090 8028 8282 8444 8363 8215 8343 8394 7886 8232 8854 8335 8299 8229 8261 7979 8652 8319 8471 8854 8836 8448 8483 8468 8151 8413 8379 7986 7694 8463 8132 8064 8104 7887 7633 8708 8483 8704 8134 8094 7684 8492 8288 8614 8149 8373 7907 8707 8627 7960 8674 8503 8533 8434 7878 8300 8127 8552 8124 8065 8265 8239 8445 8058 8226 8045 8732 8243 8563 8814 8691 8374 8164 8284 8732 7907 8406 8099 7800 8311 8457 8159 8216 7992 8129 7859 8156 8412 7640 8137 8440 8414 8567 8318 8257 8403 8902 8325 8495 7938 8449 8526 8826 8296 8597 8396 8203 8446 8212 7674 8352 8064 8171 8114 8268 8335 8305 8108 8855 7900 8346 8510 8320 7673 7987 8121 8705 8105 8222 8132 8250 8653 8399 8580 8437 8277 8674 8638 8396 8210 8270 8583 8269 8198 8079 8249 8171 8822 8499 8057 7897 8332 8536 8263 8634 7991 7955 8405 8075 8052 7925 8634 8131 7956 8387 8094 8137 8449 8629 7937 7998 8311 8575 8357 8168 8500 7877 8214 8394 7973 8750 8496 8489 8820 7787 8141 8307 8752 8183 7793 8295 8061 8108 8037 8452 8315 8575 8898 
7268 8227 8182 7813 8243 8081 8564 7824 7715 7971 7943 7617 7205 8255 8429 7759 8437 8316 7603 8015 8398 7401 8167 8278 8306 8187 7882 8090 7903 8094 7601 7876 7838 8241 8042 8229 7672 7462 7745 7995 7742 8292 8024 8009 7505 7522 8394 7870 8253 8128 7703 7779 7962 7915 8564 8449 7725 8294 8692 7813 7846 8265 8043 8108 8494 7848 7986 8040 8255 8438 8048 8374 7676 8105 7893 7403 8008 8152 8324 7615 7794 8132 7890 7899 8062 7844 8094 7779 8382 7764 8094 7984 8063 7554 7715 8246 8545 8325 8401 7733 7926 8742 7912 8224 8104 8127 8642 8337 7899 8700 8130 8123 8160 7444 8778 8026 7418 7580 7833 8119 8249 7934 7310 7739 7957 8286 7981 7796 8156 8845 7959 8297 8034 7967 8014 8372 7756 7942 8291 7631 7658 8347 7817 7322 7936 8144 7839 8271 7536 7956 7867 8062 8364 7904 7954 8185 7979 8171 7992 8007 8249 8021 7901 7862 7830 7798 8494 7829 8198 8024 8069 8416 7684 8323 8187 7981 7947 8138 8015 8237 8408 7855 7690 7914 7845 8322 8185 8605 7868 7504 8115 7452 7917 7817 8869 8357 7985 8593 8154 8191 8170 8409 8067 7474 8194 8145 7780 8066 8322 8237 7890 7625 8110 8195 7817 7954 7920 7989 8201 7779 8110 8763 8509 8176 8051 8363 7765 7986 8185 7788 7630 8406 7432 7930 8267 7388 7696 8385 8047 8070 7717 7775 7510 8481 8312 8080 7819 8217 7634 8137 8024 7876 8142 8502 8137 8371 7916 8573 8181 8677 8224 7975 7988 7921 8212 7724 7419 8024 8208 7967 8271 8437 8177 8063 7928 7946 8715 8054 7850 8472 7523 8159 8374 7579 8003 7723 7630 8064 8069 7746 7195 7749 7984 7750 8384 7756 7834 7949 8313 7894 8237 7997 7949 8372 8067 7866 8149 7720 7794 8362 8302 7368 8229 7961 8019 7654 7895 7966 7974 7902 8935 8213 8015 7969 7927 7101 7892 7820 8301 7282 7853 8121 8183 8387 8074 7980 8532 7912 8265 8526 7775 7939 7752 8667 8055 8395 7762 8156 8158 8197 8273 7838 7819 7647 8156 8225 8568 7979 7838 8200 7801 7811 7810 8128 7666 7955 8130 8349 8423 8241 8024 7750 7959 8055 8039 8143 7966 8020 7642 7842 8562 7839 8038 8094 8302 8156 7700 7942 8209 8115 8257 7603 7950 7875 8039 7945 7972 8464 8163 8489 
7428 8406 8366 8096 8968 8087 8940 8273 7612 7997 8326 8233 7780 9015 8482 8423 8509 8403 7998 8396 8681 8217 8492 8784 8576 8573 8239 8298 8023 8492 8039 7832 8071 8599 8622 8361 7940 8239 8055 8288 8174 8387 8526 8261 8257 8073 8820 8278 8518 8640 7892 8149 8422 8290 8772 8436 8465 8799 8471 8098 7957 8508 8347 8397 8330 8112 8573 8631 8699 8941 8823 8592 7835 8653 8114 8096 8341 8206 8841 7992 8087 8375 8392 8369 8421 8243 8441 8213 8356 8433 8066 8699 8537 7946 8386 8736 8957 8864 8944 8002 8497 8771 8132 8670 8489 8520 8797 8339 8068 8399 8410 8734 8258 7942 8665 8265 7594 8075 8232 8492 8351 8345 7778 8162 8419 9166 8302 8395 8712 8966 8199 8363 8412 7904 8518 8257 8344 8241 8546 8608 7898 8653 8528 7743 8509 8703 8427 8800 7795 8430 8090 8395 8592 8512 8255 8740 8270 8158 8084 8568 8486 8730 8528 8365 8238 8404 8892 8317 8616 8403 8737 8912 8091 8924 8561 8466 8235 8554 7935 8709 8910 8254 8021 8334 8151 8511 8774 8818 8241 7752 8720 7845 8228 8385 9289 8446 8399 8725 8652 8502 8133 8629 8386 7965 8461 8367 8551 8363 8644 8319 8099 7893 8653 8419 8159 8469 8607 8223 8391 8394 8605 9400 8698 8548 8415 8415 8315 8536 8675 8130 8651 8890 8037 8767 8510 7691 8128 9443 8517 8450 8212 8082 7855 8626 8302 8590 8262 8393 8482 8764 8576 8264 8274 8968 8454 9016 8414 8735 8570 8683 8007 8450 8696 8553 8697 7908 8225 8174 8834 8531 8570 8865 8273 8168 8206 8107 8812 8253 8302 8342 7759 8243 8704 7950 8431 8022 7839 8682 8731 8257 7496 7974 8474 8254 8517 8308 8366 8752 8642 8455 8328 8098 8326 8661 8714 8344 8708 8321 8431 8719 8317 7518 8509 8396 8268 8126 8019 8353 8493 8043 8956 8559 8154 8569 8449 7767 8277 8167 9119 7892 8137 8060 8617 8301 8655 8060 8695 8528 8653 8851 8262 8765 7620 8929 8033 8316 7977 8267 8455 9106 8746 8177 7997 8195 8937 8476 8953 8314 7889 8337 7962 8230 8344 8596 7986 7978 8292 8914 8438 8398 8076 8399 8580 8427 8978 8875 8288 8554 7633 8452 8429 8060 8313 8512 8403 8281 7875 8508 8498 8689 8348 8355 8658 7967 8245 8526 8109 8642 8804 8962 
7000 7921 7929 7852 7919 7488 7936 7651 7818 7228 7796 7710 6999 8103 7939 7766 8231 7587 7303 7606 8087 7453 7867 8021 8231 7968 7842 7743 7663 7906 7368 6929 7775 7841 8055 7949 7617 7412 7533 7566 7700 8339 7573 7605 7210 7398 8080 7074 8015 8025 7490 7494 7943 7487 8132 7962 7609 8352 8084 7861 7240 8113 7735 7243 8040 7642 7947 7564 8183 8026 8259 8060 6876 8020 7682 7192 7998 7929 8268 7485 7717 7843 7475 7636 7621 7408 7805 7416 7732 7562 7643 7636 7797 7213 7713 8045 7992 8104 8164 7647 7826 7807 7610 7864 7447 7937 7891 7826 7638 7871 7871 7998 7357 7314 8409 7700 7354 7310 7679 8166 7695 8056 7389 7400 8189 8406 7713 7288 7900 8223 7873 7734 7463 7637 7932 7978 7399 8027 8201 7613 7599 8197 7734 7137 7850 7543 7948 8391 7907 7742 7393 7484 8207 7978 7623 8091 7693 7754 7673 7947 8077 7657 7721 7889 7587 7983 8039 7645 7514 7909 8007 7991 7602 8471 8139 7895 7866 7672 7613 7533 7781 7517 7275 7723 7456 7813 8086 8114 7837 7190 7765 7307 7754 7879 8301 7844 8254 8278 7911 8062 7387 7900 7742 7332 7689 7863 7958 8076 7683 7911 7339 7771 8308 7923 7555 7589 7864 7441 7860 7954 7934 8626 8366 7598 7732 7739 7236 7626 8038 7801 7905 7977 7473 7315 7762 7450 7354 8059 7727 7834 7320 7299 7350 8157 7708 7917 7745 7932 7467 7828 8001 7738 7743 8245 7973 7868 7717 8056 7772 8017 7614 7755 7833 7719 8087 7596 7731 7421 7741 7830 8104 7900 7937 7537 7616 7870 8028 7698 7929 7842 7012 7416 7836 7177 7809 7333 7656 7751 7759 7626 7173 7511 8031 7882 7906 8038 7978 7823 8288 7481 7573 7576 7474 7814 7812 7910 7712 8090 7887 8040 7758 7189 7964 7508 7682 7415 7572 7507 7731 7465 8433 7211 7606 7986 7679 6910 7303 7676 8274 7572 7479 7619 7803 7732 7637 7917 8063 7622 7930 7958 7623 7561 7384 8001 7395 7984 7247 8027 7733 8448 7916 7711 7463 7540 8079 7817 8000 7508 7462 7508 7626 7616 7650 7659 7423 7465 7635 8046 8073 7676 7720 7583 7568 7774 7806 7776 7810 7809 7083 7385 7809 7453 7658 7672 7871 7912 7335 7819 8058 8305 7822 7242 7895 7107 7932 8032 7628 7831 8021 8272 
7057 8281 8277 7938 8495 7704 8581 7817 7896 8046 7798 7863 7863 8800 8509 8104 8354 8263 8152 8113 8329 7943 8061 8242 8723 8312 7726 8148 7837 8434 8164 7323 7967 7693 8266 8474 7820 7705 7778 8015 8199 8364 7751 7883 8067 8096 8395 7809 7997 8218 7876 8137 8061 8017 8202 8387 7809 8422 8589 8061 7894 8277 8034 8121 8235 7871 8403 8272 8523 8256 8284 8254 7624 8249 7752 7682 8572 8044 8664 7708 7947 8065 8288 8058 8417 7938 8233 7831 8406 7715 7701 8024 8264 7877 7685 8483 8574 8686 8402 8022 8510 8933 8235 8330 8028 8329 8451 8033 8129 8232 8098 8364 7552 7853 8776 8387 7541 7764 8002 8105 8280 8157 7234 7621 8131 8714 8075 7936 8547 8695 8216 8329 7807 7753 7946 8259 7796 8039 8290 7993 7899 8407 8025 7509 8026 8116 8186 8257 7652 8002 7754 7942 8370 8436 8099 8054 8405 8262 8091 8269 8150 8060 8451 7703 8336 8446 8384 8380 8091 8444 8196 8499 7886 8546 8304 8398 8223 8260 8080 7935 8433 8002 7674 8006 7772 8121 8413 8440 8048 7519 8302 7713 8177 7964 9110 8320 8272 8543 8044 8166 7832 8352 7965 7716 8044 8438 8088 8445 8267 8401 8008 7775 8464 8460 7979 8151 8297 8250 7849 8196 8319 8823 8554 7887 8235 8474 7838 8163 8402 7683 8173 8352 8098 7950 7782 7716 7537 8781 8332 8000 8068 8177 7525 8396 8345 8418 7982 8042 7732 8374 8439 8059 8333 8590 8224 8280 7981 8090 8241 8241 8063 8309 8382 8040 8751 8035 7909 7831 8292 8091 8522 8431 8546 8075 8115 7835 8459 8275 8021 8515 7674 7877 8479 7605 7893 7803 7782 8112 8118 7986 7502 8058 8137 7999 8518 8067 8227 8204 8533 8288 7954 8051 8106 8252 8680 8323 8305 8284 8093 8189 8424 7786 8184 8171 8184 7890 8065 7880 8332 8245 8927 8092 7968 8120 8238 7540 7678 8300 8590 7739 8364 7986 8250 8248 8055 8300 8546 8048 8393 8332 8132 8446 7908 8164 8166 8247 7806 8378 8361 8552 8460 7632 8188 8043 8391 8154 8627 7949 7731 8049 7702 8155 7915 8158 7762 7998 8540 8428 8379 8199 7984 7820 8057 8127 8280 8510 8350 8739 7515 7991 8314 7631 8383 7877 8285 8477 7602 8188 8331 8554 8332 7829 8037 8010 7995 8373 7988 8093 8334 8732 
7255 8096 8080 7922 8536 8114 8504 8323 7506 7531 8129 8133 7415 8659 8442 8251 8518 8440 8191 8033 8549 8030 8025 8476 8591 8259 7851 8147 8150 8424 8004 7712 7952 8119 8459 8139 7684 8109 7860 8088 8230 8013 8007 8026 8076 7683 8282 7807 8074 8375 8021 7917 8531 7914 8790 8511 8177 8558 8488 7945 7960 8415 8298 7694 8466 8125 7999 8166 8466 8523 8247 8558 7633 8849 8002 7557 8137 7892 8498 7760 7997 8311 8204 8287 8530 7805 8191 7845 8564 7963 7847 8157 8405 7834 7934 8290 8216 8835 8749 8344 8355 8583 8157 8714 8040 8276 8334 8167 8146 8175 8179 8482 7805 7745 8894 7903 7479 7975 8045 8521 8436 8148 7630 7675 8699 8497 7995 8060 8483 8548 8113 8362 8139 8038 8326 7982 8004 8087 8468 8289 7903 8572 8305 7914 8114 8405 8156 8825 8090 8330 8067 8204 8701 8301 8389 8464 8289 8432 7865 8337 8152 8075 7948 8191 7881 7829 8265 8096 8067 8049 8620 8658 7787 8965 8259 8511 7934 7973 8003 8333 8557 8153 8044 7875 7698 8215 8761 8573 8158 7094 8421 7595 8472 8198 8681 8224 8695 8463 8106 8112 8225 8680 8222 7969 8303 8269 8329 8128 8264 8345 7979 7881 8552 8421 8346 8103 8289 8161 7995 8085 8470 8986 8721 8167 7923 8601 7949 8480 8041 7942 8191 8581 8125 8400 8167 7782 7966 8392 8546 8330 7969 7977 8039 8530 8206 8368 8184 8245 8315 8271 8528 8071 8412 8544 8216 8359 7966 8752 8108 8469 8205 8251 8507 8400 8706 7533 8336 8391 8428 8175 8694 8555 8347 8067 8018 7868 8453 7829 8510 8323 7781 7822 8516 7885 8393 8060 7917 8452 8164 8246 7706 8126 8248 8165 8485 8215 7968 8124 8478 7925 8226 8279 8124 8482 8554 8454 8437 8080 8301 8253 8065 7638 8062 7993 8162 8253 7857 8190 8462 8322 8590 7808 8047 8142 8297 7632 8084 7879 8535 7647 7852 7854 8192 8405 7961 8474 8621 7992 8389 8536 8243 8567 7953 8347 8027 8551 8000 7908 8263 8641 8604 8105 8299 8190 8543 8338 8800 7819 7561 8074 7916 8218 8134 8437 8036 7812 8140 8623 8584 8372 8105 8336 8274 8101 8380 7928 8083 8433 7656 8296 8209 7719 8241 7930 8401 8070 7301 8466 8391 8652 8471 8172 8385 7940 8336 8089 8097 8104 8465 8743 
7497 8366 8559 8198 8875 8234 8770 8439 8092 7949 8139 8182 7422 8821 8472 8326 8773 8641 7740 8342 8488 7837 8284 8979 8550 8297 7888 8472 7856 8438 7871 7927 8157 8238 8468 8331 8051 7841 8224 8333 8448 8746 8181 8170 7976 7752 8451 8134 8246 8659 7665 8086 8562 7655 8804 8636 7852 8513 8676 8462 8124 8688 7852 8296 8436 8146 8675 8043 8710 8888 8583 8639 7917 8426 8413 7939 8655 8321 8584 7658 8137 8469 8400 8226 8532 7997 8182 7941 8361 8331 8323 8295 8097 8151 8217 8847 8660 8556 8810 8096 8334 8572 8303 8676 8011 8493 8828 8388 7863 8297 8476 8397 8143 7717 9015 8203 7819 7836 7950 8597 8266 8448 7679 7994 8261 9077 8229 8374 8493 8598 8280 8550 8131 7923 8271 8264 7955 8441 8358 8510 7911 8491 8006 7698 8109 8689 8259 8907 8043 8456 7842 8281 9092 8778 7875 8455 8705 7861 7916 8424 8375 8295 7947 8106 8013 8635 8782 8001 8147 8354 8435 8646 8077 8799 8552 8462 8024 8419 8036 8340 8578 8273 8162 8460 7924 8592 8398 8756 8362 8074 8550 7766 8194 8116 8946 8565 8660 8749 8397 8456 8208 8618 8216 7700 7735 8240 8210 8226 8506 8419 8015 8070 8501 8603 7778 8467 8438 7971 8520 8120 8332 9027 9297 8649 8198 8295 7988 8035 8109 8105 8258 8595 7909 8086 8368 7971 7700 8354 8436 7980 8109 8161 7967 8775 8213 8639 8102 8291 7997 8798 8424 8316 8269 8669 8671 8382 8325 8640 8483 8223 8458 8152 8420 8423 8239 8318 7801 8234 8306 8316 8502 8603 8601 8115 8345 7814 8438 8339 8386 8591 7449 8189 8527 7982 8356 8231 8165 8444 8413 8220 7594 8091 8341 8074 8588 8031 7882 8582 8699 8468 8097 8386 8359 8531 8564 8583 8632 8453 8577 8790 8566 7777 8190 8013 8210 8276 8129 8485 8340 8117 8956 8357 7936 8242 8268 7509 8498 7824 8817 8097 8415 7903 8544 8407 8359 8680 8736 8056 8945 9065 8301 8186 8174 8885 8149 8491 7658 8366 8302 9144 8276 8278 8159 7938 8814 8277 8811 8301 8338 8141 8004 7964 8362 8510 8235 7824 8291 8231 8810 8139 8320 8305 8363 8380 8425 8451 8447 8290 8064 8039 8491 8037 8170 8341 8291 8321 7740 8337 8398 8543 8552 8275 8572 7751 8227 8213 8215 8372 8453 8760 
7206 8236 8229 8034 8790 7951 8875 7842 7678 7661 8465 8079 7732 8226 8382 8248 8383 8522 8167 8118 8421 8149 7854 8404 8471 8110 7773 8209 7919 8411 7851 7423 8037 8136 8164 8334 7820 7842 8032 8037 8077 8608 7738 7936 7896 7674 8656 7500 8444 8413 7580 8004 8158 8127 8585 8291 7942 8458 8374 8039 7677 8262 7864 7729 8479 7740 8155 8107 8548 8368 8065 8389 7645 8369 7844 7658 8285 7986 8402 7677 8077 8246 8081 8162 7977 7730 8266 7815 8453 7972 7684 7860 8214 7905 8081 8414 8403 8711 8400 7848 8064 8334 7949 8412 8364 8180 8520 8333 7571 8280 8002 8332 7568 7747 8868 8023 7544 7311 7613 8165 8300 8202 7648 7853 7961 8537 8140 7883 8346 8358 8342 8270 8078 8082 8132 7922 7924 8073 8227 8001 7942 8477 7912 7525 8093 7898 8021 8539 7700 7889 7536 8005 8297 8077 7719 8592 8008 8234 8138 8263 8151 8135 8104 8170 8249 8244 8398 7955 7891 8419 8461 8534 7885 8645 8294 8249 8036 8251 7985 8055 8372 8023 7980 7782 7704 8044 8340 8522 8066 7568 7991 7601 8339 8370 8599 7871 8351 8740 8151 8237 7859 8238 8247 7640 8029 8163 7857 8040 8508 8503 7461 7507 8684 8206 7751 7859 8217 7879 8245 7975 7972 8875 8419 8185 8347 8298 7876 8274 8083 7696 8097 8293 7957 8237 8002 7632 7641 8382 8058 8196 7885 7937 7731 8124 8030 8289 7886 8016 7741 8526 8537 7967 8193 8439 8097 8262 7782 8413 8122 8468 8199 8398 8252 7976 8451 7739 7962 7956 8499 7958 8627 8480 8255 7904 7905 8239 8563 8046 7860 8299 7402 7941 8443 7333 8321 8010 7952 7991 8100 8091 7613 8083 8253 8189 8436 8291 8314 8216 8788 7944 8108 7984 7982 8329 8455 8113 8352 8182 8234 8073 8360 7423 8289 7847 8253 7775 7936 8034 8224 7863 8776 7920 8362 8143 8131 7429 8063 7991 8302 7963 8099 7738 8277 8331 8103 8291 8397 8282 8339 8338 8002 8087 7599 8401 7916 8019 7523 8100 8454 8616 8280 7787 8104 7840 8335 8320 8745 7715 7851 7779 7739 8020 7823 8008 7877 7733 7882 8112 8664 8199 7859 8232 7948 8106 8310 8444 8195 8281 7584 7989 8247 7763 8135 8242 8298 8505 7592 8065 8275 8703 8340 7825 7901 8102 7957 7992 8108 8127 8509 8642 
6808 7760 7764 7787 8317 7641 8516 7779 7616 7598 7707 7735 7493 8237 8083 7867 8025 8155 7820 7683 8095 7318 7781 7941 8043 7854 7459 7811 7620 8297 7824 7449 7865 7748 7922 8021 7599 7280 7903 7642 7828 8021 7692 7773 7794 7649 8077 7619 7791 7734 7340 7449 7992 7694 8173 7901 7514 8040 7911 7704 7631 8021 7415 7702 8378 7628 7906 7954 7751 7950 7877 7896 7197 8080 7637 7513 7905 7761 8191 7185 7717 7940 7889 7781 7820 7326 7783 7436 8001 7796 7626 7519 7903 7566 7745 7998 8258 8223 8306 7787 7705 8005 7653 7986 7742 7791 8303 7789 7463 7770 7534 8121 7244 7315 8358 7745 7370 7575 7965 7794 7737 7720 7505 7529 7744 8374 8013 7508 8148 8427 7786 8137 7632 7576 7742 7907 7679 7845 7716 7615 7394 7809 7721 7181 7528 8146 7376 8391 7519 7675 7421 7849 8183 7896 7573 8117 7803 7671 7335 7787 7593 7868 7948 7902 7509 7856 7880 7787 7713 7742 8159 8319 7274 8747 7587 7556 7676 7935 7487 7828 8202 7570 7722 7908 7473 7653 7754 8369 7690 7080 7582 7182 8065 7761 8000 7696 8289 8278 7794 7819 7764 8184 8022 7163 7364 8013 7648 7676 7928 8061 7175 7583 8134 7916 7549 7462 7726 7615 7564 7595 7748 8603 8147 7926 8043 7661 7367 7773 7943 7344 7740 7675 7361 7664 7809 7255 7477 8164 7735 7577 7649 7484 7343 7929 7742 7876 7686 7489 7528 7868 8088 7670 7952 8005 7594 7665 7611 7907 7872 8176 7601 8129 7898 7306 8144 7617 7712 7717 8112 7471 7930 8177 7834 7389 7767 7576 8078 7448 7614 7825 7438 7635 7985 7089 7827 7602 7567 7723 8028 7928 7010 7574 7778 7368 8283 7646 7488 7896 8006 7894 7893 7726 7570 8170 8082 8336 8156 7936 7684 7734 7702 7211 7902 7727 7653 7681 7609 7683 7988 7942 8288 7655 7846 7631 7989 7227 7734 7736 8078 7734 7868 7485 7807 7767 7798 7990 7954 7593 8187 7830 7883 7711 7699 8261 7646 8117 7239 7568 7924 8196 7954 7640 7636 7435 8138 7888 8435 7705 7395 7666 7306 7447 7538 7841 7657 7192 7564 8096 8108 8141 7464 7459 7703 7767 7672 7807 7761 7653 7187 7630 7889 7443 7662 7885 7866 7866 7054 7808 7780 7983 8081 7505 7580 7615 8128 7777 7415 7869 7893 8367 
7347 8339 8477 8014 8669 8101 8430 8198 7902 7636 8132 7889 7512 8469 8592 8209 8241 8358 7902 8188 8375 7658 7836 8496 8678 8810 7930 8348 8504 8277 7875 7378 8246 8201 8269 8324 7926 7974 8016 8298 8323 8417 8253 8508 7813 8182 8562 7962 8258 8239 7893 8034 8423 7838 8555 8375 8038 8447 8531 8307 8041 8352 8355 8091 8537 8028 8263 8235 8463 8555 8380 8623 7757 8520 8204 8085 8280 8174 8354 7772 8032 8567 8061 8368 8317 8095 8478 7927 8713 8089 8057 8181 8415 7799 7968 8437 8348 8564 8619 8002 8389 9079 8333 8589 8066 8912 8650 8305 7556 8335 8126 8446 7642 7779 8725 7879 7766 7960 7458 8532 8301 8209 7394 7936 8030 8217 8125 8258 8576 8867 8282 8508 7972 7867 8201 7974 7948 8271 8408 8028 8247 8328 8394 7666 8112 8194 8212 8998 7857 8306 7997 8200 8595 8124 8540 8615 8356 8378 8022 8189 8083 8566 8101 7763 8111 8086 8096 7982 8265 8457 8381 8839 8480 8823 8206 8070 8286 8359 7895 8179 8734 8387 8018 8182 7725 8215 8572 8764 8295 7578 8124 7673 8317 8073 8771 8279 8628 8915 8200 8396 8184 8449 8526 7571 8024 8290 8079 7977 8506 8128 8028 7674 8566 8445 7362 8166 8471 8025 8320 8231 8583 8947 9072 7997 8077 8598 7743 8129 8173 8012 8301 8602 8135 8076 8408 7665 7671 8737 8214 8214 7944 8109 7939 8656 8165 8562 8013 8158 8357 8325 8533 8266 8368 8498 8025 8312 8546 8363 8093 8402 8374 8261 8572 8045 8577 8101 8405 8304 8401 8256 8616 8728 8530 8302 8223 8145 8711 8098 8159 8341 8007 8155 8545 7940 8195 7853 7994 7997 8208 8025 7698 7991 8400 8058 8419 7886 8332 8372 8405 8016 8046 8263 8182 8718 8348 8516 8593 8438 8377 8467 8278 7722 8485 8053 8103 7699 7937 8266 8499 8507 8911 8264 8176 8409 8534 7793 8007 8053 8451 8093 8286 8023 8627 8188 7993 8369 8612 8250 8379 8514 8370 8250 7814 8522 7869 8370 7970 7746 8150 8460 8609 8266 8231 7818 8804 8714 8600 7972 7681 8319 7790 8172 8136 8332 7868 7932 7723 8533 8537 8268 8261 8238 8346 8046 8546 8457 8049 7869 8076 8201 8322 7986 8324 8575 8508 8652 7662 8021 8607 8453 8543 8070 8661 7721 7979 8058 8017 8173 8554 8390 
7325 7753 7984 7731 8326 7432 8215 7552 7345 7421 7885 7648 7190 7923 8114 7545 8086 7844 7701 7520 8224 7262 7584 8057 8549 7945 7078 8040 7579 8104 7577 7317 7552 7889 7973 7934 7633 7260 7852 7980 7657 8128 7406 7962 7518 7393 8146 7317 7861 7653 7426 7467 7990 7700 7978 8149 7323 8209 7897 7818 7549 8080 7779 7420 8185 7629 7887 7753 8120 8223 7896 8038 7604 7838 7327 7357 7883 7831 8106 7276 7689 8096 7500 7851 7934 7917 8062 7624 8174 7626 7291 7548 7814 7505 7529 8168 8205 8411 8103 7895 7830 8148 7826 8029 7697 7984 8419 7782 7343 7873 7624 7734 7366 7415 8152 7492 7241 7175 7147 7801 7972 7762 7093 7695 7717 8327 7536 7441 8327 8077 7747 8268 7386 7500 7799 7404 7378 7449 8205 7851 7555 8168 7702 7155 7792 8183 7672 8289 7447 8081 7500 7795 7972 7775 7858 7646 8129 7797 7537 7655 7958 7995 7849 7500 7785 7921 7759 7868 7508 7778 7840 8395 7748 8619 7909 7679 7511 7883 7554 7626 7924 7551 7455 7822 7603 8012 8008 8263 8064 6982 7744 7335 7545 7860 8502 7926 7648 7962 8099 7649 7647 7936 7438 7195 8152 7944 7456 7724 8156 7827 7790 7295 7973 7451 7654 7916 7716 7567 7841 7658 7925 8114 8304 7904 7624 7712 7332 7694 7676 7179 7647 8104 7690 7714 7623 7406 7535 7905 7756 8174 7277 7561 7588 7973 7825 7588 7648 7658 7807 7910 8444 7642 8025 8144 7541 7941 7754 7994 7615 7667 7646 7971 7967 7698 8065 7611 7447 7276 7935 7717 7917 7860 7886 7546 7753 7639 8461 7668 7767 7792 6946 7657 8189 7674 7601 7356 7549 7755 7747 7684 6903 7923 7826 7875 7960 7629 7520 7644 8078 7558 7673 7695 7769 8187 8056 7920 7852 7643 8058 7806 7990 7253 7724 7613 7603 7568 7554 7921 7890 7875 8413 7931 7870 7592 7503 7217 7804 7569 7977 7290 7523 7467 7930 7837 7497 8005 8340 7632 8178 8270 7811 7808 7395 8083 7598 7825 7264 7770 7696 7799 7887 7420 7554 7339 8343 8017 8246 7519 7505 7717 7414 7332 7693 7751 7622 7254 7687 8046 8094 7826 8039 7689 7743 7643 8080 7700 7592 8089 7346 7483 7954 7338 7596 7814 7709 7900 7237 7820 7913 8083 8103 7464 7963 7520 7658 7643 7856 7895 7890 8275 
7432 8258 8388 8266 8606 8036 8555 8085 7677 7755 8030 7976 7561 8755 8516 8658 8498 8180 8067 8036 8495 7973 8189 8444 8391 8354 7775 8457 8172 8278 8108 7621 8129 8141 8431 8167 8083 7968 8377 8211 8208 8366 8038 8408 8183 7737 8592 8159 8641 8351 7845 7949 8257 7759 8427 8281 7906 8606 8556 8122 7930 8752 8098 7977 8511 7893 8130 8110 8633 8528 8154 8155 7649 8537 8145 7846 8527 8214 8285 7615 7850 8398 8108 8442 8575 8130 8350 7843 8497 8061 8095 7842 7993 7721 8310 8686 8576 8758 8303 8032 8335 8406 7989 8616 7976 8080 8514 8100 8011 8126 8004 8669 7899 7632 8959 7873 7568 7943 7925 8491 8029 8187 7966 8187 7898 8793 8315 7831 8086 8244 8056 8587 8205 8127 8178 8272 7811 8259 8610 7961 7842 8493 8290 7916 8273 8299 8064 8741 7787 8538 7613 8158 8653 8431 8140 8122 8400 7818 8126 8118 8470 8443 8030 7906 8507 8334 8370 8188 8155 8222 8419 8754 8027 8611 8051 8436 8274 8185 7588 7973 8918 8026 8254 7956 7729 8349 8492 8926 8099 7451 8028 7847 7953 8213 8888 8176 8640 8507 8568 8077 8083 8108 8117 7581 7998 8524 8068 7892 8501 8304 7792 7858 8758 8376 7925 8219 8087 7766 8204 8259 8154 8645 8574 8385 8129 8413 7702 8359 8119 7652 8019 8326 7867 8050 8139 7856 7989 8557 8113 8230 7942 8076 7853 8321 8434 8266 7637 7947 7770 8409 8643 7890 8094 8386 8149 8093 8196 8582 8242 8104 8459 8134 8459 8132 8680 8009 8034 8033 8390 8305 8522 8263 8729 8169 8044 7984 8371 8076 8026 8580 7779 8114 8676 7687 8347 7820 7960 8341 8241 7776 7559 7897 7950 8070 8479 7863 7787 8335 8862 7830 8221 8078 8016 8722 8368 8195 8365 8239 8509 8257 8359 7799 8536 8034 7886 8143 8124 8060 8480 8190 8732 8236 8188 8028 8203 7596 8537 8106 8512 7792 7946 7983 8224 7983 7749 8115 8335 8276 8857 8667 8234 8299 7811 8669 7793 8357 7689 8259 7955 8685 8251 7911 7998 7660 8833 8004 8412 7941 7951 8148 7715 8220 8239 8346 8095 7876 8198 8735 8292 8222 8458 8197 8298 8388 8201 8241 8235 8189 7584 8024 8355 7852 8498 8231 8098 8346 7665 8364 8157 8518 8477 7905 8395 8007 8374 8144 8023 8207 8577 8818 
7194 8252 7953 7936 8228 7942 8154 7728 7474 7483 8246 7704 7175 8303 7994 7819 8453 8046 7595 8034 8067 7486 7998 8571 8280 8353 7895 8034 7543 8040 7571 7637 8088 7938 7902 8117 7684 7575 7895 7720 8058 8227 7679 8154 7771 7640 8418 7682 8131 8197 7501 7802 8004 7801 8334 8219 7637 8108 8207 7687 7752 8391 7935 8000 8178 7928 8158 7762 8458 8097 8362 8642 7133 8266 7579 7555 8086 7911 8241 7355 7709 8087 7981 8266 7904 7978 7893 7583 7995 7433 7786 8113 8321 7621 7737 8455 8299 8397 8188 7966 8109 8410 7804 8129 7776 8294 8049 7844 7960 7893 7937 7914 7911 7457 8746 8109 7644 7514 7691 8232 7860 8030 7472 7766 8067 8713 8019 7841 8369 8177 8076 8076 8021 7621 7908 7896 7552 7945 8176 8039 7687 8258 7958 7467 7850 8120 8054 8329 7332 7813 7703 8194 8160 8073 7593 7938 8087 8035 7522 8079 8113 8124 7906 7739 8028 8112 8416 7817 8431 8233 7981 8499 7451 8513 8219 8373 7976 8228 7428 8081 8226 7915 7673 7909 7805 8034 8104 8133 8030 7243 8489 7516 7998 7979 8764 7947 8080 8490 8261 7929 7985 8405 8211 7424 7754 8128 7769 8039 8087 7991 7499 7656 8344 8034 7654 7996 8122 7760 8025 7991 8275 8631 8766 7801 7857 8458 7832 8029 8253 7528 7789 8230 8056 7958 7617 7605 7619 8627 8031 8032 7643 7933 7506 8530 8125 8442 7905 8038 7741 8009 8085 8146 8240 8251 8099 8230 7660 8199 7715 8080 8156 7719 8362 7887 8346 7868 7763 7495 8067 7971 8173 8230 8146 8086 7847 7743 8231 7800 7875 8291 7303 8030 8150 7587 8068 7696 7634 7960 8103 7990 7316 7756 8023 7907 8256 7747 7804 8086 8361 8073 8055 7682 8361 8471 8172 8086 8327 8126 7871 8039 7927 7323 8262 8230 7708 7817 7694 7886 7868 7722 8696 8002 7903 8027 7996 7358 7705 7964 8456 7739 7706 7880 8093 8132 8028 8099 8124 7952 8313 8401 7933 8282 7791 8367 8008 8106 7588 7821 7567 8551 8369 7699 7705 8087 8503 7861 8224 7688 7624 8205 7742 7680 8158 8187 7732 7680 8167 8071 8161 8192 8105 7776 7742 7644 8198 8089 7815 8094 7729 7694 8258 7377 8411 7881 8198 8118 7169 7938 8264 8514 8058 7669 8254 7767 7978 8004 7724 7992 8416 8330 
6930 7784 7902 7504 7986 7655 8195 7503 7489 7309 7616 7378 7395 7837 7906 7776 8181 8025 7572 7702 7976 7319 7464 7861 8261 7742 7116 7788 7855 7823 7409 7277 7142 7467 7774 7768 7404 7417 7897 7623 7642 7916 7770 7477 7615 7255 7965 7463 7743 7864 7395 7477 7770 7492 8063 7892 7582 7797 8223 7459 7373 8046 7748 7675 7852 7646 7583 7641 7800 7744 8118 7840 7349 7951 7621 7379 7890 7763 7913 7320 7549 7625 7610 7766 7740 7472 7810 7460 7813 7695 7689 7734 7897 7354 7542 8149 7919 8286 8018 7735 7753 7948 7464 8148 7753 8076 7980 7751 7223 7961 7706 7720 7551 7002 8267 7337 7414 7275 7086 7912 7191 7182 7327 7559 7684 8063 7396 7185 8092 8176 7788 7904 7691 7497 7799 7437 7636 7708 8066 7714 7752 7658 7879 6787 7699 7907 7501 8013 7461 7616 7165 7589 8031 8003 7391 7477 7557 7705 7465 7649 7737 7847 7851 7498 7444 7693 7675 7558 7559 7735 7857 8184 7453 8152 7697 7887 7651 7554 7553 7699 7970 7498 7316 7405 7295 7650 7937 7813 7864 7055 7923 7289 7631 7909 8284 7505 7757 8018 7974 7747 7694 7779 7905 7171 7655 7505 7318 7725 8103 8022 7665 7354 7866 7742 7353 7566 8010 7591 7909 7458 8047 8531 8063 7867 7504 8068 7471 7596 7950 7512 7935 7819 7643 7605 7633 7448 6878 7666 7632 8110 7356 7792 7293 7992 8156 8130 7531 7490 7322 7962 7842 7689 7623 8073 7241 7722 7641 7873 7786 7767 7315 7773 7907 7547 7955 7569 7635 7614 8051 7413 8138 8036 7545 7485 7775 7698 8039 7309 7694 7971 6962 7360 7878 7105 7601 7159 7370 7794 7780 7609 7282 7619 7676 7447 8061 7722 7574 7977 8032 7577 7507 7348 7531 7638 7806 7720 7885 8040 7533 7896 7895 7198 7734 7621 7654 7437 7106 7730 7889 7744 8335 7291 7592 7770 7642 7126 7450 7307 8358 7224 7780 7696 7996 7761 7791 7653 8002 7498 8101 8342 7616 7816 7319 8227 7345 7801 7312 7537 7778 7871 7662 7722 7361 7386 8061 8027 7895 7448 7360 7476 7617 7696 7644 7882 7682 7531 7659 8143 7832 7819 7579 7328 7759 8079 7761 7879 7836 7819 7187 7498 7640 7193 7926 7614 7973 8348 7145 7580 7513 7658 8003 7321 7835 7437 7515 7526 7582 7564 7866 8188 
7865 8383 8640 8309 8820 8133 8943 8211 7870 7718 8416 7833 8018 8760 8703 8388 8777 8878 7993 8641 8776 7814 8160 8577 8707 8774 8072 8544 8122 8664 8510 7613 8218 8474 8612 8362 8219 8243 8302 8170 8372 8525 8170 8417 8082 8179 8513 8007 8456 8587 8230 8216 8793 8089 8967 8385 8524 8809 8699 8598 7954 8557 8196 8258 8884 8219 8373 8389 8761 8847 8789 8582 7847 8632 7760 7507 8621 8009 9112 7826 8374 8536 8583 8701 8481 8157 8482 7987 8555 8041 7652 8248 8339 7921 8359 8683 8627 8782 9251 8301 8554 9100 8475 8611 8201 8835 8751 8453 8223 8427 8100 8516 7897 7702 8677 8277 7994 8087 8151 8733 8728 8584 7935 7916 8777 8934 8168 8298 8569 9064 8759 8532 8645 8172 8243 8241 8039 8372 8837 8637 7884 8827 7979 8083 8171 8726 8415 8680 8367 8551 8014 8348 8481 8447 8217 8186 8758 8283 8049 8534 8210 8618 8481 8450 8259 8379 8735 8399 8408 8309 8885 8967 8043 8879 8754 8506 8372 8451 8046 8589 8825 8160 8042 8372 8168 8637 8721 8868 8591 7856 8715 8107 8775 8464 8779 8628 8701 9024 8403 8632 8527 9024 8232 7840 8149 8240 8403 8697 8520 8626 8158 7988 8907 8333 8154 8284 8383 8336 8396 8409 8685 9311 9057 8562 8462 8620 7980 8250 9034 8176 8641 8793 8314 8269 8354 7875 8004 8822 8906 8131 7956 8353 8007 8654 8587 8840 8488 8288 8152 8787 8499 8234 8984 8817 8599 8562 8362 8588 8208 8664 8602 8632 9044 8490 8969 8271 8225 7980 8764 8135 8730 8781 8469 8296 8366 8288 8979 8492 8476 8383 7974 8335 8456 7966 8115 7959 7877 8563 8564 8000 7802 8436 8301 8179 8169 8429 8696 8380 8793 8619 8021 8269 8394 8790 8818 8408 8796 8803 8439 8470 8804 8119 8323 8332 8290 8112 8214 8022 8429 8245 9245 8376 8401 8667 8535 7644 8451 8278 8823 7881 8273 8218 8841 8753 8667 8500 8748 8074 8942 8528 8337 8837 7982 8698 8263 8382 7765 8196 8411 8964 8510 8324 8215 8180 8841 8522 8744 8444 7763 8520 8035 8346 8201 8821 8226 8225 8563 8427 9032 8667 8353 8436 8286 8097 8495 8674 8542 8573 8368 8012 8617 7815 8492 8335 8258 8512 7964 8403 8784 8436 8625 8288 8573 8303 8296 8605 8658 8250 8455 8970 
7333 8393 8218 8052 8620 8071 8649 8235 7808 7770 8276 7814 7582 8219 8079 8276 8697 8289 7940 8040 8194 7864 8147 8588 8655 8042 7578 8086 8198 8218 8140 7558 8156 8047 8330 8196 7747 7838 7903 7803 8165 8221 8100 8182 7948 7944 8487 8060 8368 8182 7746 8148 8021 8191 8586 8285 8166 8366 8272 7988 7523 8586 7880 7878 8319 8272 8079 8551 8377 8331 8199 8483 7548 8330 8032 7653 8365 7903 8346 7433 8034 8294 8297 8297 8063 7629 8158 7749 8636 8003 8110 7892 8306 7782 7991 8443 8656 8558 8408 8040 7998 8721 8119 8404 8177 8234 8436 8218 7863 8427 8055 8562 7786 7625 8542 8076 7819 7841 7792 8288 7936 8065 7600 7912 7979 8758 7943 8141 8491 8761 8195 8039 7955 8012 8254 8040 8013 8435 8593 7903 8137 8274 8111 7246 8301 8466 7797 8694 7947 7820 7573 7966 8263 8096 8286 7972 8175 7769 7974 8044 8191 8146 8009 8328 8092 8592 8337 7737 8011 7872 8562 8331 7875 8940 8210 8463 8092 7993 7477 7894 8320 7938 7994 8058 7865 8345 8460 8575 8030 7809 8140 7847 8220 8294 8839 7751 8359 8812 8255 8071 8318 8319 8012 7889 8013 8294 7992 8270 8630 8589 7984 7604 8568 8312 8026 7759 8371 7910 8206 8357 8305 8927 8428 8257 7990 8320 7658 8039 8339 7624 8080 8296 8097 8012 8331 7847 7436 8243 8160 8395 7727 8081 7777 8457 8139 8484 8037 8085 8225 8304 8417 7821 8144 8618 7859 8246 7871 8452 7999 8555 7835 8475 8352 8081 8170 7599 8085 8038 8320 7921 8666 8450 7945 8160 8176 7808 8611 7834 7984 8385 7613 8035 8532 7840 7752 7747 7562 8096 8313 8068 7366 8002 7983 8046 8314 7915 8021 8631 8648 7921 8360 7763 8390 8362 8557 7937 8524 8275 8030 8319 8217 7669 8173 7735 8135 8064 7483 8130 8419 7948 9047 7991 8023 8012 8164 7560 8038 8158 8977 7480 7943 7982 8214 8263 7937 8080 8048 8113 8480 8346 8164 8182 7990 8512 7555 8233 7751 7871 8291 8230 8186 8165 8312 7720 8755 8385 8690 7838 8022 8048 7906 8101 8209 7991 7885 7583 7826 8265 8282 7927 8092 7711 8379 8157 7975 8324 8270 8263 7658 8252 8194 8027 8139 8055 8150 8301 7477 8047 8389 8503 8319 8009 7902 7961 8142 8417 8053 8549 8486 8737 
7496 8487 8351 8205 8553 8210 8553 8253 8183 8063 8404 8101 7684 8781 8826 8622 8954 8301 8219 8269 8938 8115 7998 8689 8822 8595 7853 8281 8424 8534 7988 7546 8436 8035 8550 8127 8090 8001 8360 8441 8296 8629 8293 8409 7944 8021 8502 8164 8299 8302 8378 7901 8386 8026 8523 8467 7917 8632 8804 7979 8270 8504 7842 8133 8791 8117 8576 8387 8810 8631 8545 8608 8055 8380 7940 7712 8640 8208 8628 7763 7992 8590 8483 8610 8462 8099 8401 7947 8750 8352 8020 8182 8580 7733 7841 8888 8764 9273 8734 7991 8385 9153 8426 8886 8055 8532 8796 8035 7910 8187 8248 8601 8158 7773 8947 7960 7563 7675 7975 8157 8188 8232 7722 8111 8280 8840 8321 8274 8309 8616 8407 8444 8238 8041 8256 8197 8169 7953 8486 8147 7908 8591 8322 7761 8455 8618 8178 8825 7833 8449 7687 8299 8686 8232 8284 8573 8450 8164 7875 8346 8644 8502 8708 8435 8449 8630 8395 8271 8080 8578 8596 9055 7949 8755 8629 8305 8336 8627 8124 8296 8751 8416 8153 7965 7938 8420 8609 8767 8368 7665 8707 8073 7974 8128 8831 8354 8604 8892 8327 8293 8238 8567 8192 7846 8519 8715 8139 8409 8542 8436 8042 7837 8903 8673 8172 8151 8409 7992 8499 8367 8539 8649 8960 8629 8439 8404 7917 8405 8621 8029 8432 8510 8127 8416 8193 7790 7678 9034 8234 8317 8380 8152 7695 8401 8363 8609 8258 8065 8013 8673 8773 8060 8562 8524 8449 8603 8228 8430 8173 8289 8258 8027 8565 8602 8645 8199 8113 8055 8669 8394 8509 8963 8503 8089 8478 8145 8988 8249 8199 8582 7752 8120 8522 8210 8347 8087 8019 8610 8142 8090 7693 8524 8443 8230 8548 8300 8264 8472 8771 8345 8128 8316 8140 8269 8204 8531 8632 8424 8433 8608 8729 7976 8255 8221 7994 8179 8313 8396 8810 8321 8897 8168 8074 8297 8084 7639 8155 8026 8745 7876 8018 8018 8529 8367 8281 8149 8835 8167 8617 8761 8363 8446 7903 8675 8284 8668 7854 8284 7925 8659 8449 8475 7941 8100 8785 8434 8744 8166 8134 8300 8033 8168 8312 8633 8296 8369 8524 8626 8797 8203 8092 8150 8301 8185 8358 8701 8098 8342 7853 8278 8486 7939 8601 8180 8280 8557 7875 8726 8344 8711 8321 7893 8482 7933 8245 8500 8366 8408 8948 8941 
7636 8503 8596 8294 8620 8437 9000 8161 8120 7880 8266 8361 7516 8707 8564 8176 8732 8740 8464 8232 8778 7841 8188 8740 8608 8785 8404 8112 8747 8163 8306 7817 8235 8162 8662 8748 7921 8027 8267 8361 8379 8559 8696 8462 7878 8290 8713 8273 8364 8543 8236 8266 8375 8157 8663 8690 8229 8726 8842 8156 7953 8763 8135 8504 8755 8302 8559 8371 8793 8502 8469 8764 7810 8750 8026 8272 8442 8168 8919 7862 8211 8504 8274 8486 8492 8125 8660 8274 8709 8136 8281 8103 8445 7920 8264 8833 8733 8758 8409 8237 8419 9027 8106 8698 8639 8500 9174 8414 8035 8556 8347 8362 7876 7948 8947 8340 7705 7762 7992 8411 7981 8263 7882 8237 8351 8896 8285 8227 8459 8494 8348 8517 8244 7964 8466 8378 8073 8320 8757 8294 8002 8483 8375 7862 8573 8558 7959 8995 8320 8453 8091 8536 8934 8412 8120 8341 8775 8242 8228 8102 8503 8552 8210 8212 8088 8245 8536 8497 8200 8355 8579 8992 8534 9107 8547 8341 8398 8563 8384 8557 8710 8443 8045 8322 8113 8482 8848 8556 8389 7840 8622 7721 8139 8087 8992 8298 8783 8945 8451 8734 8338 8689 8422 7517 8325 8420 8107 8608 8490 8613 8116 8093 8577 8412 8038 8063 8422 8061 8514 8370 8866 9249 8981 8455 8284 8824 8133 8328 8009 8014 8409 8443 8245 8497 8392 7971 7655 8708 8451 8484 8417 8215 7782 8445 8482 8656 8271 8644 8451 8500 8579 8641 8476 8944 8248 8416 8316 8643 8599 8513 8713 7888 8591 8344 8706 8140 8238 7890 8692 8267 8857 8746 8305 8349 8152 8208 8763 7902 8132 8763 7859 8157 8456 7901 8412 7947 7766 8399 8423 8528 7864 8055 8554 8192 8740 8381 8456 8512 8817 8355 8390 8116 8124 8747 8525 8625 8733 8452 8281 8625 8558 7751 8645 8526 8235 8211 7846 8529 8175 8090 8917 7901 8418 8190 8365 7488 7961 8343 8768 8018 8377 8225 8517 8438 8438 8588 8641 8266 8480 8496 8058 8331 8083 8968 8360 8646 8086 8538 8356 8413 8829 8360 8172 8407 8964 8377 8896 8208 8011 8299 7956 8219 7923 8549 8005 8100 8460 8669 8629 8394 8387 8296 8185 8433 8444 8771 8330 8229 7772 8152 8200 7968 8596 8430 8706 8642 8025 8278 8580 8850 8626 8066 8318 7835 8294 8327 7781 8422 8688 8555 
7251 7933 8449 7849 8124 7823 8427 7857 7709 7745 8062 7527 7371 8271 8173 7763 8057 7826 7902 7701 8130 7649 8063 7999 8302 8189 7588 7949 7830 8119 7525 7240 7819 7497 8129 8148 7718 7611 7998 7760 8153 8130 7675 7845 7549 7584 8357 7780 8218 7916 7560 7660 7781 7885 8243 8172 7765 8442 8053 7820 7712 8240 7866 7763 8256 7814 8268 8126 8200 8194 8094 7879 7461 8065 7786 7494 8089 7824 8385 7499 7948 8104 8142 7736 7954 7718 8002 7652 8496 7603 7691 7906 8056 7652 7521 8003 8307 8273 8107 7687 8061 8770 7684 8207 8186 7945 8375 8183 7832 7940 7569 8054 7572 7586 8496 7878 7455 7638 7766 8135 8032 8104 7513 7435 8089 8641 7745 7904 8259 8458 7958 8209 8055 7537 7774 7965 7708 8195 8463 8141 7416 7969 7908 7468 7677 8347 7635 8325 7807 7652 7473 7693 8173 8136 7747 7914 7998 7744 7761 7822 8061 7998 8049 7990 8012 8186 8098 7635 8102 7839 8339 8342 7629 8430 7966 8105 8042 8137 7466 8149 8129 7843 7739 7871 7513 7981 7977 8475 7924 7337 8300 7316 8025 7999 8603 8103 8061 8354 8007 7991 7868 8236 7806 7472 7693 7837 7658 7774 8184 8179 7561 7433 8330 8176 7863 8134 8009 7984 8020 7895 8097 8506 8325 8261 7634 7956 7580 7875 8001 7491 8061 8068 7563 7927 7760 7624 7731 8487 8016 7968 7842 7830 7558 8351 7893 8132 8092 7968 8004 8047 8075 7460 8465 8301 7872 8062 7603 8190 7723 8152 7898 7795 8316 7834 8353 7585 7739 7914 7848 7867 8225 8487 8070 7888 7798 7611 8348 7736 7782 8239 7678 7579 8082 7662 7792 7830 7735 8063 8107 8064 7083 7903 7885 7834 8189 7646 7775 7879 8133 8028 8195 7787 7802 8236 8244 8213 8406 7923 7708 8101 8362 7368 8130 7709 7642 7644 7634 8080 8223 8106 8778 7903 7875 8050 7967 7705 7890 7837 8263 7779 7788 7743 8151 8142 7903 7968 8139 7917 8324 8195 8018 8286 7728 8248 7668 8371 7543 7909 7965 8117 8076 7973 7874 7620 8524 7922 8135 7710 7379 7915 7557 7790 7859 8269 7863 7737 7937 8163 8087 8147 8053 7791 8264 7979 7803 8198 7914 8323 7527 7605 8162 7810 8224 8058 7988 8108 7376 7972 8103 7912 8059 7932 8001 7708 8018 8177 7740 8252 8291 8353 
7707 8576 8255 8200 8722 8137 8718 8328 8261 8002 8541 8308 7499 8423 8546 8287 8677 8354 8023 8161 8525 7634 8189 8361 8590 8620 8039 8615 8315 8583 8146 7782 8061 8385 8454 8601 8161 7606 8020 8045 8699 8431 8080 8299 8168 8215 8601 7785 8376 8198 7889 8264 8295 8364 8700 8432 7807 8470 8485 8251 8007 8599 8175 8111 8685 7930 8809 8318 8393 8322 8533 8551 7712 8144 8383 7819 8386 8286 8276 7633 7713 8249 8247 8063 8410 7706 8441 7942 8338 8085 8087 8120 8293 7758 7993 8697 8507 8631 8919 8008 8344 8628 8241 8598 8296 8280 8682 8172 7983 8293 7997 8440 8183 7733 8656 8396 7664 7953 8000 8472 8308 8335 7557 7855 8420 9103 7990 7996 8323 8728 8455 8479 7994 8096 8132 8315 7857 8415 8670 8292 7960 8447 8027 7806 8231 8348 8471 8614 8040 7978 7911 8137 8730 8498 7910 8294 8463 8588 8040 8027 8605 8213 8405 8085 8223 8346 8532 8133 8541 8475 8727 8385 7823 8875 8228 8587 8232 8465 8089 8535 8553 8111 7904 8465 7734 8316 8307 8778 7940 7798 8383 7458 8318 8116 9323 8271 8499 8831 8208 8395 8420 8640 8084 7836 8158 8391 8130 8322 8821 8572 7838 8072 8666 8523 8090 8280 8625 8156 8354 8422 8435 8849 9161 8108 8396 8750 7892 8213 8247 7927 8045 8272 8026 7982 8326 7755 7583 8333 8243 8322 7836 7800 7803 8798 8389 8217 8208 8534 7987 8435 8194 8016 8483 8611 8642 8238 8114 8408 7848 8533 8005 8237 8270 8037 8779 7830 7960 8079 8399 8095 8449 8864 8639 8288 8007 8053 8845 8332 8225 8464 7673 8093 8658 7621 8151 7975 8071 7958 8266 8284 7877 8071 8326 8244 8555 7846 8125 8325 8699 8228 8242 7926 8159 8893 8584 8396 8329 8205 8127 8864 8227 7864 8227 8130 8162 8109 8267 8188 8419 8419 9188 8303 7951 8299 8351 7472 7818 7973 8736 8140 8143 7944 8764 8436 8466 8304 8806 7960 8550 8321 7956 8372 8536 8735 8246 8314 7766 8341 8415 8725 8433 7995 8096 8441 8501 8288 8813 8081 7843 8080 7863 7923 8206 8631 8064 7832 8303 8618 8157 7999 8080 8093 8384 7819 8352 8394 8193 8585 7634 7996 8621 7955 8647 8334 8079 8492 7721 8388 8655 8466 8545 7968 8191 7920 8354 8350 7985 8285 8585 8763 
7438 8618 8409 8442 8683 8268 8948 8315 7945 7875 8265 8403 7772 8745 8654 8704 8708 8680 8339 8127 8910 8338 8125 8902 8745 8515 8296 8109 8533 8425 7900 7780 8462 8440 8630 8379 7919 8163 8335 8212 8361 8702 8405 8378 7956 8162 8744 8106 8709 8861 8227 8283 8720 8130 8643 8430 8295 8625 8777 8360 8361 8884 8752 8035 8583 8367 8586 8566 8557 8849 8325 8855 7904 8271 8283 8182 8184 8459 8596 7857 7907 8432 8178 8453 8121 8235 8413 8631 8696 8038 8009 8448 8642 7865 8319 8942 8658 9013 8728 8266 8266 8750 8138 8851 8349 8802 8514 8474 7986 8519 8303 8258 7799 7787 8945 8461 8361 8231 8087 8390 8566 8489 7808 8000 8533 8759 8443 8414 8509 8990 8182 8786 8307 8243 8123 8446 8471 8714 8480 8347 8222 8579 8281 7874 8422 8437 8108 8812 7942 8061 7880 8135 8813 8583 8361 8741 8280 8439 8234 8278 8844 8612 8365 8328 8331 8357 8544 8353 8130 8464 8636 8601 8031 9144 8635 8451 8341 8374 8026 8544 8365 8484 7873 8579 8117 8340 8685 8786 8648 7877 8555 7901 8330 8499 8825 8324 8615 8743 8877 8905 8528 8464 8329 7917 8218 8503 8071 8233 8655 8730 8135 8050 8685 8726 8125 8726 8368 8519 8634 8165 8600 9195 9045 8572 8276 8620 7999 8130 8255 7855 8414 8734 8337 8425 8313 7981 7792 8615 8663 8368 8197 8290 7789 8793 8131 8849 8156 8410 8027 8757 8581 8391 8596 8621 8541 8653 8482 8713 8440 8373 8339 8420 8810 8241 8644 7823 8538 8176 8746 8253 8971 8723 8531 8544 8537 8218 8721 8224 8304 8867 8081 8085 8541 8107 8156 8174 7952 8620 8840 8351 8183 8240 8539 8312 8572 8510 8404 8333 8767 8225 8466 8513 8238 8547 8735 8686 8784 8777 8421 8333 8883 8085 8298 8136 8375 8110 8159 8519 8664 8347 9021 8268 8520 8525 8414 7464 7925 8087 8925 8414 8422 8140 8423 8379 8417 8653 8476 8208 8717 8894 8331 8700 7680 8705 8239 8246 8063 8345 8527 8919 8637 8212 8256 8358 8713 8755 8822 8021 7944 8181 7918 8216 8408 8432 8195 8270 8303 8728 8707 8251 8371 8393 8605 8457 8732 8507 8363 8424 8015 8334 8278 8082 8371 8380 8709 8700 8145 8316 8525 8998 8575 8422 8594 7959 8130 8159 8240 8623 8672 9234 
7349 8461 8353 7805 8599 7870 8970 8027 8051 7835 8294 7736 7504 8366 8440 8148 8399 8429 7922 7706 8342 7763 8153 8363 8772 8182 7683 8055 8274 8306 7468 7484 8102 8239 8315 8148 7875 8022 8182 7920 8109 8214 7979 8387 8217 8012 8779 7877 8663 8055 7850 8114 8262 8200 8528 8281 8014 8429 8415 8263 8078 8350 8329 8121 8376 7988 8273 8291 8613 8314 8429 8413 7658 8639 8053 7427 8440 7697 8750 7668 7865 7936 8177 8372 8093 7770 8495 7776 8106 8238 8084 8042 8081 7941 7849 8453 8480 8544 8526 7839 7873 8516 8036 8367 8093 8491 8331 8217 7877 8409 8057 8138 7410 7773 8865 7778 8106 7597 7877 8391 8248 8155 7571 7688 7926 8504 8193 7944 8325 8440 7965 8593 8177 7780 8135 8360 7987 8274 8485 8225 7888 8539 8083 7576 8138 8209 8154 8735 7745 8080 7479 8109 8602 8246 8369 8110 8303 8124 7814 8143 8527 8360 8345 8177 7917 8188 8065 7999 8028 8172 8570 8500 7874 8707 8388 8642 8096 8530 8079 8132 8236 8079 7585 8206 7984 8150 8460 8522 7988 7316 8260 7238 8430 8144 8748 8047 8257 8555 8261 8083 8035 8866 7897 7318 7962 8370 7945 7970 8548 8426 7888 7818 8596 8626 7697 7897 8155 7956 8483 8181 8159 8778 8728 8293 7813 8592 7794 8026 8179 7919 7875 8514 7508 8207 8135 7719 7831 8307 8027 7960 7816 7661 7674 8495 7745 8335 7921 7866 8035 8561 8507 8132 8105 8374 8149 8370 8198 8409 7862 8297 8384 8111 8477 7953 8383 7583 8256 8031 8285 7684 8649 8749 8035 7980 7961 7815 8499 7760 7962 8561 7423 8123 8140 7819 8100 7980 7808 8473 8272 7786 7767 7901 8366 7995 8750 8265 8129 8174 8407 7929 8234 7987 7775 8588 8251 8193 8390 8217 8240 8249 8295 7544 8237 7944 7990 7971 7806 8055 8374 8110 8634 8044 8210 8133 8020 7863 7860 7846 8908 7851 8355 7801 8010 7659 8152 8432 8350 8141 8574 8434 7543 8051 8038 8604 7953 8361 7812 7813 8230 8754 8068 8238 8114 7665 8833 8528 8298 8370 7598 8070 7447 7841 8183 8451 7859 7663 8122 8429 8439 8244 8135 7756 7856 8118 8432 8188 8272 7984 7516 8041 8412 7966 8143 8210 8293 8365 7804 7966 8413 8519 8389 7909 8167 8081 8256 8019 8048 8256 8364 8689 
7679 8520 8704 8077 8999 8043 8941 8305 8158 8177 8409 8107 7772 8516 8449 8329 8839 8398 8292 8297 8623 7725 8199 8496 9096 8531 8013 8373 8232 8567 8187 7773 8170 8348 8639 8360 8354 8171 8667 8163 8315 8495 8442 8532 8388 7862 8557 8308 8375 8619 8049 7868 8275 8214 8481 8783 8285 8563 8660 8244 7986 8564 8222 8100 9067 8152 8215 8435 8671 8582 8446 8712 7973 8423 7863 8009 8377 8349 8798 7872 8128 8662 8427 8508 8362 8415 8375 8241 8427 8378 8069 8039 8626 8274 8256 8646 8727 8548 8786 8331 8332 8841 8275 8887 8000 8248 8716 8317 8371 8263 8461 8678 8304 7513 8868 8097 7725 8229 8220 8426 8473 8433 8124 8321 8196 9009 8071 8089 8582 9075 8360 8699 8589 7919 8469 8219 8123 8180 8687 8303 8102 8814 8366 7596 8524 8774 8161 8912 7920 8305 8153 8533 8606 8497 8240 8569 8274 8376 8213 8394 8860 8567 8439 8408 8323 8439 8291 8459 8071 8771 8757 8873 7989 8886 8680 8445 8396 8385 8167 8458 8826 7835 7981 8372 7881 8532 8611 8883 8646 7661 8353 7876 8125 8373 8780 8342 8479 8675 8242 8157 8367 8644 8122 7799 8214 8532 8173 8364 8620 8813 7971 7983 8595 8351 8310 8581 8385 8456 8209 8472 8328 9016 8858 8311 8254 8454 8269 8255 8191 8330 8282 8696 8391 7962 8165 7809 7814 8368 8490 8654 8316 8411 7827 8508 8378 8553 8245 8214 7970 8656 8506 8296 8385 8638 8533 8503 8143 8787 8645 8466 8497 8613 8829 8827 8853 8010 7847 7875 8592 8289 8872 8750 8567 8603 8229 8569 8547 8258 8541 8544 7772 8017 8595 8206 8341 8191 8199 8543 8728 8027 7830 8324 8186 8266 8860 8161 8208 8343 8983 8166 8345 8283 8384 8310 8733 8217 8617 8327 8088 8416 8782 8056 8718 8265 8451 8138 7699 8296 8671 8207 9198 8020 8130 8533 7942 7482 8404 8437 8766 7584 8215 8198 8438 8456 8460 8429 8474 8178 8901 8931 8170 8233 8182 8798 8314 8619 8208 8572 8497 8932 8723 8645 8478 7904 8790 8635 8936 8212 8027 8399 7972 8216 8129 8488 8337 8189 8200 8808 8475 8354 8126 8306 8488 8428 8308 8323 8348 8575 7798 8437 8371 7828 8582 8209 8337 8574 7601 8336 8700 8971 8721 7881 8712 8334 8562 8145 8417 8653 8722 8842 
7715 8716 8565 8449 8590 7993 8878 7837 8325 8166 8114 8072 8023 9025 8796 8324 8500 8833 8483 8287 8936 8315 8243 8905 8997 8566 7755 8236 8375 8309 8196 7942 8400 8482 8823 8604 8071 8355 8258 8229 8456 8701 8186 8297 8207 8320 8425 8418 8720 8538 8125 8209 8709 8354 8777 8569 8238 8925 8454 8659 8227 8802 8286 8553 9044 8209 8898 8677 8448 8609 8897 8465 7926 8944 8039 7708 8539 8479 9107 7936 8413 8659 8671 8392 8799 8460 8385 8297 8873 8422 8353 8480 8747 8328 8168 8584 8820 8849 8426 8364 8676 9131 8461 9101 8263 8509 8930 8648 8266 8376 8547 8785 7908 8082 8942 8440 8001 8000 8348 9022 8601 8551 7893 7983 8496 8786 8292 8303 8685 8611 8441 8689 8345 8047 8248 8391 8208 8454 8677 8399 8139 8928 8579 7849 8488 8585 8315 9190 8229 8730 8015 8411 9030 8633 8433 8623 8713 8567 7962 8657 8590 8560 8262 8550 8158 8803 8551 8478 8371 8602 8555 9153 8208 9177 8559 8491 8027 8745 8251 8461 8883 8130 7932 8569 8014 8540 8503 8593 8572 7566 8789 7923 8419 8587 9041 8781 8808 8812 8795 8682 8610 8972 8278 7759 8572 8477 8544 8440 8565 8401 8260 8206 8638 8866 8340 8300 8822 8163 8614 8127 8723 9141 9182 8711 8667 8533 8011 8261 8500 7868 8388 8891 8229 8443 8161 7959 8101 8944 8695 8390 8750 8238 7929 8987 8434 8702 8483 8429 8501 8931 8798 8307 8742 8715 8346 8787 8471 8905 8400 8700 8740 8198 9026 8391 8800 8509 8463 8086 8967 8288 8650 8681 8537 8559 8599 8069 9024 8274 8011 9031 7946 8177 8842 7857 8418 7919 8157 8431 8395 8478 7721 8514 8658 8294 8606 8514 8211 8599 8649 8477 8447 8295 8200 8578 8512 8555 8875 8382 8730 8603 8554 7852 8324 8563 8152 8494 8188 8488 8538 8488 9160 8526 8365 8459 8677 7797 8178 8263 9037 8104 8632 8344 8688 8570 8317 8432 8772 8390 8875 9014 8181 8576 8637 9014 8683 8767 7920 8533 8343 8833 8724 8508 8637 8203 9277 8720 8629 8634 8209 8228 8399 8270 8519 8844 8467 8264 8511 8565 8934 8736 8659 8217 8522 8290 8513 8577 8222 8511 7715 8222 8393 8190 8785 8481 8591 8656 7899 8452 8671 8660 8931 8078 8576 7902 8316 8753 8530 8660 8870 9169 
6796 8202 7942 7947 8199 7829 8181 7819 7650 7601 7823 8085 7100 8160 8349 8280 8214 7992 7699 7763 8293 7667 7840 8319 8511 8155 7650 7995 7717 8292 7514 7601 7801 7609 8262 7947 7605 8154 8288 8039 7908 8169 8050 7866 7975 7701 8121 7806 8474 8154 7395 8014 8132 7408 8373 8374 7689 8361 8375 7997 7640 8244 7955 7658 8082 8124 8207 7940 8224 7878 8251 8215 7679 8224 7858 7669 8011 7689 8395 7346 8079 8144 8245 7805 7812 7867 8166 7752 7786 7721 7854 7894 8137 7365 7731 8567 8381 8566 8072 7794 7915 8645 7793 8226 8090 8127 8223 8058 7371 7714 7683 7803 7620 7563 8471 8015 7595 7525 7715 7911 7764 7795 7397 7737 7725 8414 7846 7823 8286 8698 7950 8229 8032 7832 8136 8057 7965 7941 8076 7949 7638 8032 7765 7695 7831 8367 8080 8464 7449 7746 7507 7922 8404 8373 7694 8097 8104 7708 7690 8032 8122 8046 8148 7894 7921 8079 7876 7514 7978 7966 8267 8503 7635 8672 8274 7966 7964 7971 7781 7873 8386 7794 7701 8026 7482 8395 8242 8307 7967 7659 8314 7621 7445 8029 8583 8384 8551 8349 7888 7956 8041 8227 8033 7466 8026 8096 7744 7620 8553 8192 7639 7610 8194 8295 7777 7810 8212 7872 7974 7792 7855 8653 8470 7961 7583 8424 7900 7933 8181 7616 7676 7846 7678 8161 8019 7788 7546 8109 7760 8280 7929 7776 7790 8077 7944 8480 7839 7935 7828 8148 8517 7796 7813 8234 7718 8370 7826 8499 7805 7781 8378 7702 8018 7815 8373 7645 7981 7587 7985 8071 8505 8713 8142 7777 7822 7344 7968 7492 7908 8125 7740 8103 8598 7737 7769 7960 7404 7799 8133 8005 7410 7628 7816 7688 7896 7776 7728 8264 8191 7687 8111 7838 8051 8447 8250 8344 8123 7984 8127 8309 8186 7640 7750 7640 7639 7866 7517 7792 8143 7907 8531 7979 7971 8333 7728 7366 7824 7721 8401 7723 7776 7916 8137 7933 7849 8068 8114 7712 8298 8276 8106 8218 7569 8183 7838 7997 7605 7630 7807 8498 7934 7870 7800 7791 8455 8133 8486 7765 7635 7785 7563 7788 7897 8240 7593 7863 8151 8398 8310 7655 7944 7898 8226 7825 7655 8167 7915 8115 7662 8089 8110 7723 8195 8193 7962 8321 7104 7996 8197 8328 8123 7798 8044 7844 7582 8034 7904 8108 8363 8522 
7121 8204 8265 7797 8610 7591 8451 7706 7698 7290 7640 7940 7350 8005 8072 7737 8054 8077 7640 7895 8275 7322 8024 7974 8141 7959 7498 7866 7823 7975 7806 7185 7868 8057 8028 8014 7406 7681 7923 7708 7843 8325 7722 7615 7488 7367 8277 7610 8038 7982 7559 7688 8054 7526 8235 8048 7817 8071 8393 7855 7358 8258 7919 7966 8385 7684 8259 7597 8213 8289 8114 8235 7399 8051 7921 7396 8063 7550 8104 7779 7866 7891 7785 8189 8088 7859 7868 7814 8184 7766 7548 7675 7972 7448 8053 8186 7986 8364 8267 7586 7807 8272 7616 8162 7792 7895 8110 8116 7582 7801 7804 8049 7655 7551 8563 7863 7254 7231 7783 7955 8035 8127 7622 7786 7786 8628 7666 7508 8133 8312 7934 8027 7816 7617 7803 7710 7761 7929 8232 8017 7458 8133 7767 7419 8103 7837 8070 8440 7464 7846 7363 7865 8439 8178 7862 7907 8080 7582 7549 7602 8119 7913 8087 8210 7901 7885 8067 7686 8029 8043 8215 8594 7648 8570 8057 8129 7668 7851 7715 7937 8342 7638 7608 7885 7693 8537 8297 8529 8081 7310 8150 7713 8011 7719 8441 7858 8109 8411 8361 7876 7751 8110 7693 7449 7934 8333 7541 8026 8212 8099 7418 7623 8256 8096 7742 7833 7711 7398 7977 8026 7897 8410 8378 7991 8044 7999 7553 7698 7952 7538 7809 7945 7666 7882 7847 7555 7808 8174 7842 7698 7719 7714 7591 7862 7696 8160 7659 7785 7886 8062 7998 7921 7875 8327 8051 8270 7667 8249 7694 7809 7974 7939 7964 8178 8024 7648 7882 7817 8025 7850 8254 8359 8162 8188 8008 7583 8463 7790 7742 8368 7288 7866 8325 7592 7716 7731 7619 7856 7993 7951 7182 7857 8008 7749 8093 7583 7768 7992 8337 8013 7702 7393 7933 8409 7965 7979 8112 7874 7629 8193 8139 7523 7996 7777 8004 7667 7633 7779 7863 7434 8556 7690 8136 7921 7968 7095 7683 7964 8025 7576 7962 7786 8042 8172 8028 8073 8293 8047 8067 8524 7347 7661 7739 8161 8014 8223 7474 7670 8124 8420 8181 7715 7818 7810 8437 8098 8167 7784 7573 7702 7324 7747 8226 7936 7608 7327 7981 7957 7987 7658 7777 7980 8051 7595 7982 8011 7734 8089 7446 7860 7939 7597 7990 7720 8093 8119 7226 8094 7980 8198 8137 7780 8003 7376 7849 8078 7683 8236 8268 8362 
7053 8154 8184 8316 8438 7882 8572 7859 7817 7660 8064 7930 7450 8479 8307 8038 8479 8009 7917 7898 8576 8149 8004 8739 8655 8353 7955 7921 8059 8070 7873 7531 8261 8101 8288 8373 7711 7670 8085 7958 8313 8258 7836 8026 7703 7699 8277 7940 8441 8036 7672 7784 8331 7764 8527 8257 7923 8578 8590 7909 7957 8470 8103 7908 8195 8144 8179 8164 8348 8509 8427 8121 7549 8418 7711 7695 7941 8173 8308 7498 7830 8256 7845 8103 8409 7732 8333 7914 8369 8070 7963 8119 8228 7735 7866 8492 8575 8633 8232 7948 8069 8507 7936 8541 8213 8477 8435 8146 7796 8241 7768 7960 7784 7670 8827 7667 7345 7823 7955 8312 8251 8531 7611 7862 8111 8735 7860 8046 8523 8489 8089 8179 8019 7813 8220 8268 7841 8124 8477 7946 7837 8435 7977 7367 7820 8106 8166 8584 7633 8084 7858 7953 8290 8035 7876 8301 7813 7926 7765 8330 8299 8123 8035 7854 8031 8181 8042 7990 8073 8266 8109 8446 7972 8870 8332 8444 7816 8139 7946 7981 8305 8326 7748 8172 7912 8146 8519 8585 8039 7661 8282 7614 8021 8414 8651 8349 8488 8449 8294 8421 7947 8340 7994 7635 7643 8261 8374 8137 8436 8492 7493 7633 8312 8339 8080 8051 7754 7672 8234 8163 8388 9044 8316 8232 8293 8351 7816 8058 7964 7913 8088 8075 7562 7942 7784 7750 7743 8341 8333 8080 8240 7863 7589 8357 7989 8373 7710 7846 7985 8270 8537 7922 8168 8220 8031 8326 8177 8356 8237 8276 8026 7894 8092 7756 8566 8043 8047 8020 8330 8278 7970 8698 8209 7672 7784 7903 8442 7872 8090 8298 7636 7740 8472 7886 8140 7923 7815 8322 8086 8039 7445 7598 8214 8307 8147 8123 8109 8245 8785 7835 8092 8231 7963 8395 8429 8205 8481 8360 7915 7937 8260 7550 8485 7894 8337 7700 7794 8198 8260 7960 8702 7933 8016 8335 7923 7258 7765 8050 8499 8072 8047 7824 8168 7968 7988 8091 8400 8060 8673 8283 8050 7960 7666 8678 7822 8418 7749 7877 7883 8437 8554 8242 7970 7696 8584 8061 8435 7870 7963 7910 7821 8371 8039 8186 7892 7908 8399 8401 8622 8117 8190 7652 8070 8112 8187 8452 8345 7909 7364 8190 8296 7767 7957 8348 8339 8584 7732 8397 8289 8572 8354 7652 7826 7598 8160 7853 7592 8354 8400 8572 
7418 8255 8729 8309 8611 7986 8360 8092 7871 7834 8436 8088 7663 8445 8774 8255 8312 8372 8104 8138 8732 8274 8026 8338 8558 8396 7770 8485 8116 8345 7816 7679 7914 8088 8483 8382 8276 8279 8032 8162 8261 8536 8051 8093 8073 7785 8624 8006 8697 8510 8112 8092 8427 7983 8654 8590 8228 8796 8788 8188 7951 8564 8184 8172 8530 8195 8420 8147 8350 8435 8522 8375 7888 8536 8240 7734 8695 8382 8963 8056 8167 8313 8061 8226 8426 8101 8279 8105 8299 7988 8094 8126 8300 7848 8000 8479 8352 9039 8565 8257 8218 8923 8060 8688 8417 8170 8694 8256 7945 8208 8315 8401 7836 7784 8777 8087 7852 7901 8304 8469 8568 7953 7714 8153 8244 8900 8071 8123 8407 9052 8441 8583 8262 8027 8261 8121 8006 8038 8616 8281 8028 8529 7842 7356 8145 8368 8033 8523 8032 8420 7910 8045 8727 8710 8348 8065 8494 8093 7840 8123 8412 8440 8439 8090 8204 8016 8582 8376 8172 8192 8609 8847 7916 9150 8166 8074 8181 8373 7930 8341 8580 8332 7990 8156 7834 8218 8675 8856 8605 7607 8482 7516 8184 8269 8878 8347 8616 8659 8361 8409 8167 8592 8151 7811 8217 8326 8149 8089 8180 8418 8051 8292 8908 8475 8356 8159 8331 7860 8242 8338 8350 9190 8661 8421 8195 8441 8125 8346 8083 8076 8615 8711 7745 8018 8240 7741 7844 8763 8287 8152 8090 8228 7883 8521 8080 8688 8099 8195 7894 8583 8422 8101 8736 8442 8155 8401 8205 8553 8183 8488 8156 8503 8482 8504 8622 7790 7927 8182 8575 8455 8558 8385 8321 8227 8008 7937 8928 7961 8184 8396 8169 7940 8578 7895 8341 7938 8228 7941 8428 8053 7277 8075 8339 7830 8641 7784 8008 8568 8325 8283 7809 8120 8230 8650 8288 8401 8417 7964 8346 8441 8713 7932 8433 7832 7970 8176 8281 8295 8647 8107 9036 7829 8318 8216 8174 7765 8077 8158 8834 7968 8138 8350 8471 8398 8280 8118 8518 8183 8569 8428 8343 8513 7945 8628 8013 8411 7861 8271 7985 8668 8268 7942 8189 8013 8885 8288 8640 8046 8014 8235 7959 8035 8303 8520 8079 7933 8254 8749 8700 8081 8312 8337 8161 8473 8244 8442 8083 8203 7623 8058 8284 8141 8219 8466 8350 8442 7615 8139 8397 8696 8467 8064 8566 8352 8103 8434 8236 8175 8558 8684 
7639 8666 8607 8173 8825 8182 8917 8175 8361 8138 8631 8144 7746 8533 8315 8472 8810 8598 8193 8067 8831 7938 8415 8346 8938 8462 7746 8285 8143 8479 7672 7744 8249 8243 8448 8433 8157 7805 8587 8125 8262 8800 8263 8130 7889 8140 8705 8129 8718 8503 8084 8076 8458 8309 8876 8400 8385 8731 8725 8085 7831 8606 8321 8074 8632 8026 8762 8687 8617 8538 8761 8544 8025 8447 8049 7844 8507 8466 8707 7576 7984 8566 8678 8240 8470 7966 8458 8242 8678 7988 7720 8194 8240 8046 8023 8900 9026 9101 8587 8368 8214 8591 8420 8608 8395 8473 9124 8238 7850 8410 8200 8394 7829 7723 8829 8200 7853 8180 8228 8370 8339 8316 7662 8360 8383 9099 8177 8489 8693 8799 8330 8393 8324 8005 8444 8164 8044 8181 8713 8597 8109 8892 8227 7868 8572 8370 8197 8696 7964 8481 8014 8085 8621 8617 8309 8477 8638 8409 8343 8067 8582 8554 8443 8178 7948 8553 8557 8192 8614 8377 8471 9100 8083 9224 8530 8347 8151 8851 8077 8557 8773 8374 8043 8696 8135 8554 8753 8708 8486 7573 8698 7595 8658 8494 8840 8329 8470 8814 8762 8532 8345 8728 8498 8040 7967 8807 8066 8296 8406 8789 8166 7975 8739 8648 8340 8232 8339 8454 8529 8645 8473 8910 8815 8723 8209 8903 8064 8485 8732 7960 8392 8644 8100 8182 7979 8005 7978 8652 8478 8040 8332 8014 7887 8579 8297 8458 8391 8233 8547 8575 8860 8301 8530 8806 8525 8649 8153 8778 8089 8529 8312 8587 8632 8297 8892 8188 8125 8215 8431 8099 8579 8516 8726 8300 8342 8195 8814 8485 8364 8362 7761 8128 8789 8083 7967 8077 8065 8437 8576 8380 7647 8202 8412 8401 8676 8070 8363 8420 8806 8336 8047 8313 8358 8817 8533 8506 8827 8509 8495 8702 8854 7604 8326 8072 8291 8145 8275 8298 8664 8173 8940 8161 8540 8322 8072 7781 8375 8413 8601 8061 8408 8139 8251 8627 8582 8526 8731 8239 8956 8815 8481 8595 8224 8941 8149 8454 7906 8330 8377 8780 8748 7985 8261 8193 8681 8356 8741 8576 8282 8320 7989 8053 8424 8682 8204 7928 8524 8738 8475 8654 8167 8237 8318 8401 8295 8622 8234 8528 7624 8056 8632 8106 8624 8330 8596 8627 7473 8278 8321 8707 8653 8272 8351 7889 8191 8206 8332 8363 8752 9100 
7159 7766 8125 7575 8225 7671 8371 7778 7787 7473 7719 7823 7458 8229 7958 8052 8335 8411 7812 7630 8037 7662 7810 8027 8590 7952 7503 8129 7645 7928 7623 7447 7897 8015 8105 7925 7509 7893 7942 7925 7794 8142 7699 7974 7831 7577 8110 7685 8398 7807 7607 7503 8267 7684 8199 8103 7759 8117 8343 7871 7647 8044 7853 7447 8047 7794 8038 7812 8242 8401 8296 8320 7368 8080 7893 7283 8179 7491 8107 7348 7751 8308 7816 7921 7853 7289 8019 7514 7974 7844 7379 7593 8019 7467 7805 8168 8359 8441 8165 7996 8012 8263 7665 8477 7579 7991 8437 7871 7504 8065 7899 8041 7625 7254 8238 7544 7840 7620 7734 7971 7975 7592 7427 7815 7997 8626 7762 7685 7830 8149 7719 8356 8117 7718 8016 7582 7683 8005 8338 7971 7550 8076 7990 7386 8075 8072 7717 8351 7826 8146 7515 8131 8383 8059 7774 7735 8133 7604 7331 7916 8070 8015 7842 7884 7734 7696 8112 7719 7820 7633 8414 8291 7566 8456 8013 7785 8303 8163 7715 7516 8152 7691 7638 7698 7704 8204 8296 8252 8123 7147 7766 7523 7789 7869 8550 7803 8048 8577 7728 7905 7839 7756 7857 7311 7907 7993 7717 7983 8065 8064 7368 7609 8316 8016 7811 7922 7957 7743 7987 7986 7696 8304 8400 8040 7575 8009 7576 8101 8025 7411 7741 8018 7603 7864 7896 7259 7592 8171 7764 7990 7747 7335 7527 7954 7881 8120 7643 7867 7710 8173 8060 7867 7860 7990 7784 7905 7721 8165 7940 8193 7719 7881 8277 8056 8322 7517 7805 7904 8032 7623 8062 8055 7796 7885 8047 7761 8544 7429 7546 8098 7266 7845 8181 7246 7952 7324 7797 8183 8292 7542 7456 7408 7651 7526 8316 8093 7735 7983 8308 7792 7857 7910 7516 8047 8004 7984 7943 7727 8022 7950 7919 7588 7766 7627 7722 8098 7917 8198 8058 7918 8787 7853 8122 7811 7607 7360 7693 7682 8407 7447 7871 7750 8218 7978 7502 8253 7996 8032 8156 8173 7560 7807 7909 8244 7787 7963 7450 7866 7995 8359 8009 8012 7545 7542 8066 8331 8380 7804 7485 7901 7648 7677 7767 8746 7801 7507 7887 8151 7945 7809 7718 7941 7781 8142 7907 8124 7749 8165 6894 7619 8054 7458 7969 7916 7775 8095 7278 7831 8029 8057 8222 7687 7879 7588 7947 7960 7672 8035 8027 8719 
7090 7989 7803 7676 8204 7794 8248 7571 7444 7399 7785 7447 7288 7914 8168 7685 8023 7757 7883 7754 8449 7572 7798 8285 8302 8022 7827 7917 8052 7615 7660 7403 7732 7545 8000 7854 7592 7345 7908 7889 8137 7768 7710 7543 7787 7421 8171 7714 7942 7863 7414 7754 8149 7216 8573 8111 7777 8263 8392 7564 7646 8190 7657 7784 8429 7767 8313 7586 8118 8189 8288 8020 7670 8168 7893 7396 8398 7722 8083 7511 7838 7922 7380 7956 8028 7495 7916 7939 7997 7700 7702 7953 8057 7375 7535 8148 8454 7827 8129 7527 8020 8106 7566 7963 7859 8106 8317 7779 7522 7611 7637 7953 7504 7596 8632 7920 7414 7513 7623 7966 7796 7862 7494 7248 7567 8594 7493 7800 8132 8374 7872 7992 7863 7985 7632 7768 7515 7999 8110 7673 7444 7956 7636 7003 7864 8144 7837 8392 7614 7799 7413 8040 7975 8222 7709 8384 8172 7628 7312 7945 8226 7974 8137 7494 7765 7953 8367 7910 7925 8001 8101 8186 7875 8327 7936 8070 7634 7989 7277 8078 8554 7941 7407 8073 7623 8118 8338 7944 8070 7027 7887 7195 8012 8080 8936 7783 7921 8300 7689 8104 8073 8260 7866 7753 7517 8015 7596 7780 8134 7868 7264 7453 8023 8039 7535 7649 7888 7368 7837 7876 7652 8765 8311 7958 7853 8406 8094 7659 8084 7676 7896 8081 7324 7752 8028 7492 7528 7788 7896 7644 7883 7403 7292 7970 7584 7949 7872 7801 7503 8140 8262 7819 7818 8276 7877 8058 7337 8091 7450 8295 7959 7766 8007 7972 8192 7654 7631 7779 7936 7538 8337 8256 8135 7834 7595 7828 8362 7653 7587 8148 7293 7714 8323 7456 7782 7615 7328 8157 8159 7888 7098 7561 7988 7952 8285 7624 7822 7759 8366 7640 7969 7541 7970 8200 8152 8139 8041 7980 7834 8159 8070 7098 7816 7579 8011 7661 7895 8208 8316 7719 8496 7742 7517 7675 7727 7074 7583 7903 8303 7449 8017 7737 8101 7902 7836 8014 7872 7986 8114 8381 7769 8196 7464 8314 7658 8157 7072 7710 7829 8181 8122 7696 7930 7892 8220 7855 8622 7601 7639 7472 7771 7884 7757 8105 7521 7448 7918 8385 8177 8198 7676 7596 8135 7546 8108 8043 7742 8149 7466 8046 8218 7182 7906 7927 8044 8131 7552 7735 8107 8290 8019 7564 8064 7646 7950 7895 7652 7949 8038 8071 
7531 8532 8253 8447 8693 8152 8695 8116 8088 8069 8294 7899 7722 8893 8545 8352 8329 8806 8288 8628 8751 7899 8165 8611 8713 8568 7961 8123 7968 8095 8144 7856 8247 8656 8636 8729 7889 7820 8577 8000 8402 8248 8200 8331 8092 7950 8244 8059 8241 8264 8089 8057 8498 8125 8686 8539 7936 8694 8848 7955 7976 8840 8082 8173 8748 7952 8117 8269 8456 8529 8288 8743 7960 8415 8148 7847 8376 8134 8888 7737 8123 8569 8404 8637 8383 8090 8313 7942 8528 8022 8079 8177 8569 8072 8124 8571 8807 8783 8683 8303 8517 8534 8271 8593 8453 8284 8689 8451 8244 8717 8235 8710 7927 7666 9009 8128 7661 7945 8136 8624 8361 8160 7977 8095 8259 9047 8061 8289 8539 8626 8155 8561 8374 8067 8065 8205 8256 8241 8499 8528 8049 8567 8385 7871 8188 8299 8006 8964 8409 8484 8284 8264 8496 8313 7903 8331 8709 8414 7890 8162 8617 8127 8338 8317 7984 8461 8528 8168 8371 8443 8208 8640 7940 8917 8507 8175 8197 8371 8077 8522 8582 8117 7973 8455 7997 8312 8206 8939 8246 7497 8517 7862 8119 8127 8745 8178 8561 9007 8442 8285 8099 8928 8618 7711 8505 8496 8318 8525 8558 8657 7730 7958 8808 8401 8296 8187 8413 8072 8026 8296 8598 9104 8695 8207 8498 8304 8043 8242 8408 8172 8592 8490 8071 8156 8153 7866 7887 8615 8604 8060 8344 8128 7724 8642 8161 8675 7948 8194 8233 8627 8448 8560 8547 8675 8387 8291 8315 8728 8449 8332 8447 8380 8592 8198 8647 8335 7951 8052 8590 8228 8411 8660 8552 8461 8252 8273 8483 8385 8140 8571 7572 7980 8457 8052 8262 7927 8024 8433 8273 8311 7794 8227 8406 8032 8699 7996 8297 8329 8697 8326 8428 8236 8240 8786 8373 8271 8978 8168 8187 8529 8392 7695 8682 8462 8020 8099 8031 8091 8503 8229 8698 8291 8180 8047 8255 7222 8118 8202 8379 7672 8265 7918 8524 8402 8317 8642 8529 8053 8676 8627 8174 8398 8076 8398 8108 8717 8030 8483 8118 8554 8892 8278 8151 8254 8476 8485 8759 7972 7728 8146 8193 8047 8343 8846 8204 8076 8489 8884 8395 8326 8187 8268 8719 8349 8333 8509 8035 8324 7398 8063 8220 7588 8647 7942 8378 8646 7507 7899 8682 8421 8767 8026 8187 8127 8266 8090 8432 8428 8694 8845 
7009 8309 8186 8208 8397 8040 8385 8006 7917 7841 8170 8053 7185 8527 8454 8089 8452 8149 8008 8118 8313 7780 8189 8270 8519 7867 7790 8315 7890 8008 7736 7615 8010 8022 8380 8166 7928 7630 7983 7898 8140 8126 8000 8370 7798 7943 7996 7965 8256 8053 7911 8012 8440 7732 8461 8272 7948 8416 8774 8259 7613 8570 8135 8119 8244 7791 8471 8352 8495 8025 8552 8102 7709 8622 8115 7596 8472 7680 8366 7377 7842 8130 7850 7867 8093 7749 7992 7849 8124 7636 7699 7925 8367 7860 7593 8774 8218 8315 8803 8075 7985 8440 7798 8463 8245 8173 8396 7886 7962 7937 7837 8096 7716 7310 8822 7834 7457 7928 7906 8254 8209 7999 7661 7765 7947 8849 8091 7947 8157 8266 8405 8580 7957 7553 8020 7885 7985 8100 8092 8357 7995 8534 8047 7253 7930 8174 8292 8721 7931 8096 7824 8327 8411 8353 8010 8024 8177 7778 7585 7953 8337 7910 7965 7973 7943 8024 8050 7707 7914 8251 8566 8419 7896 8625 8359 8396 8026 8218 7615 8067 8555 8210 7533 7961 7960 8229 8130 8180 8083 7627 8271 7716 7926 8118 8630 8383 8335 8278 7956 7924 8049 8648 7794 7620 8059 8237 7942 7904 8400 7887 7815 7775 8113 8469 8064 8016 7710 7827 8302 7962 8194 8845 8423 7973 8224 8116 7669 7831 8518 7729 8069 7994 7589 7801 8039 7397 7618 8342 8365 8110 8013 7664 8022 7949 7865 8089 7956 7912 7700 8038 8255 8132 8192 8491 8503 8501 7999 8257 7799 8342 8312 7918 8004 7974 8302 7736 7837 7849 8303 7856 8276 8707 8269 7875 7999 7764 8209 7816 8177 8238 7473 8208 8227 7709 8013 7797 7714 8062 8567 8001 7726 7527 8183 7943 8490 7968 7854 7989 8810 7889 8084 7843 8096 8149 8279 8233 8397 8267 7995 8272 8279 7519 8240 8126 7756 7960 7630 8090 8252 7799 8544 7821 7834 7908 8295 7427 7896 7772 8388 7661 8138 7762 7963 7870 7864 8195 8278 7998 8372 8443 8100 8311 7732 8411 7997 8195 7760 7933 7893 8487 8000 7834 8317 7835 8199 8113 8465 8048 7634 8082 7753 7988 7749 8233 7530 7963 8052 8071 8305 8214 8174 7825 8284 7882 8150 8102 8114 8071 7556 7921 8476 7517 8356 8032 8088 8419 7371 8111 8174 8304 8110 8027 8283 7927 8098 8345 7828 8035 8305 8437 
7295 7865 7967 7843 8302 7723 8250 7930 7598 7563 7877 7535 7421 8371 8220 7791 8534 8270 7613 7898 8805 7704 7794 8009 8686 7984 7500 7890 7958 7912 7601 7297 7708 8076 8496 8284 7887 7789 7590 7716 8140 7892 7831 7888 7835 7637 8583 8067 8005 8145 7817 8008 8368 7306 8326 8224 7748 8268 8273 7689 7369 8112 7745 7677 8366 7975 7964 7992 8336 8177 8153 8509 7501 8234 7536 7768 8216 7841 8198 7794 7521 7688 7778 8264 8150 7637 8513 7740 8250 7652 7774 7810 8123 7149 7696 7924 8232 8653 8145 7568 8092 8401 7681 8250 7857 8166 8697 8051 7447 8003 8137 8621 7460 7525 8602 7887 7553 7534 7479 8138 7993 8008 7468 7819 7960 8640 7728 7811 8393 8377 7639 8499 8163 8012 7868 7838 7572 7914 8535 7768 7709 8334 7617 7182 8063 8178 7926 8431 7714 8206 7788 8175 8433 8002 7701 8069 8207 8289 7958 7959 7870 7786 7979 7843 7574 7826 8252 8098 8206 7959 8171 8427 7661 8322 8197 8017 8029 7905 7693 8134 8497 7870 7590 7969 7677 8133 8133 8300 7913 7409 8037 7399 8096 7606 8605 8078 8079 8429 8031 8417 7860 8451 7911 7846 7990 8042 7789 8157 8293 8409 7791 7556 8228 8081 7893 7650 8235 7771 8109 8035 8104 8736 8540 7982 8020 8528 7555 8002 7934 7844 7805 8192 7669 7803 7641 7423 7567 7962 8172 8217 7760 7918 7583 8268 8075 8249 7512 7967 7588 8387 7749 8132 8117 7877 7950 7886 7854 8449 8202 8177 7858 7841 8091 8187 8118 7888 7612 7693 8278 7938 8365 8222 8113 7962 7478 8056 8357 7878 7854 7799 7401 7885 8071 7590 7808 7581 7540 8242 8083 7974 7358 7682 7987 7889 7948 7727 8072 8183 8508 8406 7991 8181 7840 8351 8029 7701 8330 8022 8145 7895 7943 7256 7924 7898 7793 7608 7611 7982 7873 7938 8510 7677 7658 7813 7500 7330 7701 7699 8433 7060 7997 7650 8073 8136 8075 8147 8152 7417 8321 8213 8017 7711 7916 8325 7935 8175 7533 7931 8072 8518 8133 7903 7818 7829 8537 8125 8541 7664 7896 8113 7726 7831 7662 8249 7799 7679 8133 8033 8201 8110 8012 7616 7877 7651 7938 8171 7903 7960 7564 7824 8121 7307 8274 7920 8080 8575 7519 7761 8002 8220 8101 7719 8181 7727 7929 7688 8079 8110 8279 8328 
7292 8193 8123 8177 8292 8008 8419 7857 8008 7750 8168 7898 7650 8383 8055 8009 8623 8482 7905 7937 8760 7879 8037 8624 8716 8084 7923 8196 8073 8496 8051 7662 8017 8048 8200 8408 7903 7721 8055 7979 7982 8402 8029 8107 8150 7994 8653 8223 8254 7946 7909 8068 8579 7834 8599 8387 8003 8826 8731 8032 7787 8639 8002 8083 8480 8144 8198 8359 8468 8513 8256 8402 7910 8321 7816 7895 8187 8087 8458 7517 7943 7716 8355 7841 8237 8253 8318 7782 8695 7779 8190 8329 8269 7561 8046 8510 8822 8511 8425 8069 8189 8451 8014 8517 8454 8346 8623 7896 7846 8310 7850 8441 7904 7551 8656 8063 7651 7918 7708 8274 7790 8060 7813 7924 8138 8701 7979 7998 8637 8598 8058 8301 7805 8083 8511 8120 8139 8302 8479 7938 7914 8405 8024 7696 8237 8357 8087 8864 7825 8095 7789 7956 8519 8334 8428 8481 8305 8547 7748 8117 8433 8236 7979 8016 7784 8378 8314 8007 8225 8284 8380 8761 7909 9156 8221 8507 7897 8071 8055 8261 8598 8252 7895 8399 7907 8462 8218 8668 7940 7368 8341 7736 8157 8343 9016 8418 8384 8784 8610 8188 8164 8366 8080 7909 8137 8205 8389 7990 8423 8322 7799 7771 8471 8185 8180 8249 8329 7687 8474 8095 8428 8988 8685 8353 8073 8461 7779 8061 8542 7738 8027 8307 7441 8044 8247 7858 7921 8377 7949 8089 8096 7805 7761 8314 8163 8534 7668 8050 8291 8607 8564 8193 8093 8683 7709 8383 8085 8420 8151 8441 7975 8177 8717 8033 8614 8055 8193 8073 8522 8047 8416 8387 8431 7957 8028 8115 8327 7949 8153 8432 7615 7920 8734 7777 8233 8017 7795 8254 8251 8088 7705 8006 8226 8300 8542 8060 8052 8653 8308 7914 8227 7954 8575 8498 8322 8220 8325 8275 7975 8582 8503 7878 8495 7798 8352 8055 7896 8486 8384 8038 8633 8199 8052 8124 8160 7408 7955 8108 8713 7818 7989 7731 8462 8336 7991 8274 8801 8240 8504 8847 8213 8231 7824 8550 7980 8437 7994 8116 7867 8534 8291 8020 8158 7967 8529 8318 8615 8237 7734 7880 8019 7916 8459 8507 8209 7949 7946 8588 8556 8061 8329 8074 8080 8553 8439 8382 8211 8112 7413 8218 8093 7975 8171 7811 8112 8156 7431 8092 8440 8673 8660 7811 8159 8016 8269 8220 8133 8532 8670 8821 
7653 8446 8690 7952 9021 8237 8701 8312 8427 8148 8264 8438 7907 8995 8753 8480 9047 8573 8750 8264 8434 8019 8290 8952 8981 8508 8148 8319 8124 8340 8119 7756 8212 8216 8814 8666 8479 8424 8340 8422 8477 8507 8512 8505 8287 8151 8620 8548 8709 8680 8188 8465 8420 8507 8821 8653 8362 9114 9084 8542 8380 8951 8291 8171 8599 8269 8570 8529 8809 8556 8700 8691 7974 8416 7931 7662 8764 8172 9065 7900 8104 8905 8503 8235 8489 8293 8297 8474 8651 8455 8283 8349 8892 8100 8419 8628 9035 9242 8653 8209 8395 9008 8193 8686 8326 8442 9136 8304 8476 8425 8164 8575 8266 8052 8988 8041 7460 7977 8166 8632 8556 8640 8303 8402 8370 8949 8169 7957 8617 8897 8676 8557 8464 8229 8368 8505 8198 8492 8669 8382 7980 8675 8338 7815 8325 8615 8345 9006 8315 8273 8018 8650 8846 8380 8038 8461 8105 8566 8104 8557 8566 8324 8496 8228 8444 8469 8651 8299 8120 8685 8679 8640 8276 8867 8770 8933 8240 8422 8512 8478 8627 8383 7939 8278 8027 8597 8656 8739 8593 7714 8510 8085 8690 8415 9123 8811 8736 8927 8636 8288 8565 9056 8386 8054 8233 8408 8184 8695 8677 8480 8029 8128 8782 8516 7979 8488 8507 8238 8383 8257 8760 9150 8936 8457 8308 8177 8185 8610 8298 8179 8374 8324 8273 8211 8236 8084 8210 8753 8582 8529 8217 8143 8168 8684 8381 8472 8123 8538 8377 8660 8901 8339 8541 9160 8339 8839 8530 8667 8421 8479 8349 8065 8643 8454 8614 7867 8224 8169 8550 8485 9023 8714 8377 8264 8374 8256 8724 8519 8607 8668 7940 8443 8537 8147 8156 7851 8121 8422 8652 8296 8038 8385 8581 8424 8674 8413 8393 8373 8556 8322 8336 8110 8490 8709 8812 8535 8480 8337 8643 8659 8444 7850 8320 8468 8194 8363 8011 8661 8595 8384 9113 8188 8225 8499 8158 7462 7942 8212 9050 7893 8319 8493 8617 8494 8415 8727 8724 8324 8756 8602 8485 8452 8106 8834 8247 8469 8153 8201 8553 8781 8559 8528 8388 8249 8945 8911 8846 8319 7937 8221 8255 8150 8138 8289 8321 8204 8170 8359 8678 8895 8727 8075 8595 8171 8768 8624 8347 8609 8048 8203 8502 8012 8614 8385 8569 8855 8197 8451 8669 8819 8808 8325 8637 8121 8536 8481 8594 8614 8743 9364 
7884 8849 8862 8468 8908 8426 9082 8457 8421 8136 8525 8379 8330 9125 8952 8702 8966 8918 8599 8273 8834 8323 8569 9066 8755 8746 8166 9111 8714 8745 8358 7957 8704 8818 8989 8647 8417 8419 8632 8843 8549 8755 8466 8482 8572 8367 8866 8670 8911 8653 8199 8531 8892 8451 8707 8712 8417 9027 9043 8318 8378 9040 8393 8976 9133 8574 8989 8718 8801 8650 8647 8843 7880 9096 8392 8157 8696 8744 9031 8046 8465 8776 8326 8854 8728 8530 8769 8774 8758 8630 8443 8500 8610 8564 8140 8999 9136 9306 9134 8371 8586 9631 8583 9039 8527 8921 9099 8810 8337 8844 8632 8732 8353 8045 9327 8817 8429 8170 8242 8925 8641 8694 8281 8689 8399 9326 8473 8237 9006 8860 8549 8625 8436 8497 8445 8630 8578 8753 8910 8621 8190 8814 8769 8006 8591 8714 8754 9089 8166 8596 8092 8847 9188 8761 8490 9036 8509 8349 8140 8763 8796 8686 8506 8615 8609 8597 8870 8561 8435 8759 8855 9218 8678 9074 8703 8749 8488 8842 8750 8760 8988 8536 8312 8730 8651 8840 8897 9067 8523 7746 8729 8183 8642 8555 9072 8802 8762 8902 8751 8829 8496 8946 8905 7815 8492 8883 8244 8814 8891 8707 8424 8260 9242 8911 8061 8665 8416 8461 8729 8461 8905 9281 8979 9010 8443 8766 8036 8542 8714 8452 8688 9025 8535 8717 8623 7834 8373 8887 8773 8791 8332 8310 8100 8794 8871 8564 8335 8451 8168 8868 8936 8477 8620 9113 8456 9016 8685 9081 8564 8841 8653 8707 8885 8520 8876 8401 8526 8223 9073 8132 8869 8854 8937 8454 8299 8770 9083 8554 8672 9113 8188 8381 8536 7911 8647 8317 8084 8585 8770 8459 8061 8729 8630 8666 8596 8908 8500 8922 8952 8700 8619 8300 8528 9005 8996 9131 8760 9031 8924 8738 8713 7981 8574 8519 8508 8296 8031 8516 8729 8518 9368 8673 8781 8604 8350 7759 8312 8416 9544 8561 8538 8701 8797 9114 8644 8464 8998 8696 9083 9089 8687 9012 8460 9209 8872 8712 8390 8519 8712 9026 8574 8402 8396 8078 9163 9023 9212 8739 8324 8440 8412 8498 8617 8802 8460 8369 8602 8838 8799 8872 8430 8246 8658 8752 8780 9048 8749 8702 8187 8549 8729 8186 8776 8865 8729 9157 8145 8732 8736 8840 8670 8405 8956 8156 8531 8488 8783 8759 9005 9238 
7011 7893 7408 7617 8383 7532 8184 7695 7535 6992 7630 7173 6991 7736 7799 7630 8194 8218 7279 7621 8109 7523 8090 8182 8078 7850 7182 7793 7579 7656 7399 7220 7359 7986 7797 7555 7308 7427 8033 7542 7380 7715 7403 7395 7562 7123 7867 7380 7946 7909 7278 7492 7995 7456 8129 8080 7466 7592 7947 7907 7282 7998 7784 7689 8128 7172 7757 7694 7938 8048 8238 8236 7357 8115 7593 7152 7791 7572 8082 7188 7674 7757 7616 7418 8143 7526 7689 7234 7952 7605 7599 7493 7762 7274 7570 8176 7851 8053 8059 7670 7614 7974 7568 7836 7723 7718 8161 7927 7685 7628 7648 8055 7226 7359 8311 7675 6941 7198 7769 7796 7879 7910 7289 7546 7158 8212 7287 7593 8095 8185 7781 7802 7466 7209 7533 7615 7161 7692 8101 7596 7482 7687 7806 7208 7703 7796 7751 8123 7418 7603 7551 7267 8079 7812 7552 7968 7494 7361 7524 7802 8129 8013 7637 7819 7720 7925 7838 7671 7850 7394 7886 8244 7450 7988 7839 8161 7303 7657 7330 7715 7795 7660 7499 7495 7520 8105 7595 8082 7433 7368 7736 7458 8128 7770 7995 7653 7967 8214 7755 7851 7583 8355 7799 7199 7540 7745 7613 7784 7880 7732 7079 7376 7828 7963 7470 7805 8015 7655 7716 7410 7589 8629 7685 7485 7317 7722 7401 7560 7753 7466 7803 7889 7531 7668 7360 7184 7372 7495 8040 8001 7357 7557 7072 7753 7991 7859 7719 7534 7496 7562 7992 7662 8028 8270 7393 7980 7615 8143 7596 8103 7814 7710 7833 7695 7985 7414 7547 7389 7625 7547 7730 8027 7751 7469 7738 7391 8106 7304 7708 8000 7128 7761 7964 7479 7414 7304 7560 7737 7977 7736 7338 7582 7668 7791 7788 7752 7678 7743 8065 7426 8061 7738 7644 7714 7914 7642 8001 7948 7635 7875 8140 7407 8262 8198 7434 7120 6858 7620 8038 7632 8478 7437 7704 8152 7556 6952 7408 7427 8078 7113 7654 7306 7695 7642 8045 7680 8001 7640 8093 8089 7371 7740 7674 8178 7613 7943 7392 7413 7821 8333 7842 7904 7737 7566 8100 8082 8025 7320 7442 7751 7539 7144 7877 7712 7629 7640 7742 8143 8036 7615 7778 7375 7382 7428 8183 7615 7776 7876 7226 8012 7795 7111 7915 7450 7873 7835 7030 7622 7846 8115 7531 7258 7790 7433 7940 7646 7639 7662 7993 7973 
7408 8595 8337 8267 8995 8112 8724 7686 7755 7581 8226 8045 7604 8708 8586 8251 8917 8597 8421 7867 8406 7912 8358 8584 8563 8772 8216 8344 8183 8529 7922 7762 7871 8301 8716 8200 8190 7538 8081 8072 8390 8310 8163 8193 8116 8162 8598 7996 8500 8100 8009 8093 8590 8157 8401 8491 8160 8847 8649 8254 8030 8692 8346 8041 8754 8171 7967 8291 8652 8377 8394 8574 7847 8845 8058 7903 8125 8336 8748 8055 8102 8341 8082 8419 8423 8143 8353 8138 8464 7614 7855 8050 8558 7805 8143 8399 8645 8862 8858 8230 8200 8989 7885 8591 8183 8163 8763 8196 8329 8290 8103 8586 7992 7816 9001 8519 7689 7863 7828 8227 8330 8331 7602 7973 8348 8904 8319 7929 8197 8393 8204 8313 8073 8152 8358 8429 7775 8034 8662 8222 7614 8649 8018 7523 8323 8702 7965 8702 7666 8779 7858 8127 8550 8396 8252 8260 8313 8128 7896 7954 8515 8265 8130 8267 8333 8246 8522 8045 8523 8289 8792 8683 7952 8683 8093 8497 8149 8062 7995 8229 8704 7981 8053 7932 7696 7994 8212 8993 8290 7704 8812 7611 8330 7890 8495 8659 8487 8649 8166 8182 8198 8651 8184 7537 8104 8414 8516 8080 8606 8155 7907 7753 8454 8611 8127 8009 8083 8161 8479 8136 8173 8891 8714 8205 8211 8568 7838 8406 8394 8074 8052 8760 7893 8055 8056 7683 7972 8466 8722 8320 7998 8090 8119 8395 8159 8248 8545 8270 8077 8488 8478 8159 8406 8487 8359 8161 8405 8178 8602 8385 8277 8053 8318 8453 8673 7920 8109 8070 8587 8506 8165 8578 8278 8056 8279 7944 8500 7697 8009 8420 7796 8192 8464 7810 8460 8029 7840 8085 8553 8317 7718 7967 8412 8148 8504 8130 8048 8340 8651 8067 8280 8233 8042 8604 8455 8486 8493 8194 8266 8338 8398 8024 8641 8401 8001 7876 7950 8387 8649 8344 8956 7806 8104 8057 8122 7523 8189 7890 8649 7870 8044 8381 8159 8187 8337 8415 8583 7925 8420 8613 8089 8108 7812 8726 8133 8508 8329 8226 8224 8687 8691 7946 8001 8056 8582 8358 8480 8034 7987 8341 8029 7598 8222 8371 7932 8072 8338 8391 8671 8246 8172 8059 7937 8285 8200 8516 8343 8176 7534 8203 8427 7852 8236 8039 8440 8482 7672 8573 8288 8677 8163 8193 8195 8010 8067 8480 7973 8274 8491 8738 
7180 8277 8583 8181 8535 7760 8620 8150 7849 7840 8061 8195 7830 8311 8182 8071 8517 8162 7639 8008 8184 7894 8085 8169 8491 8178 8079 8167 8120 8249 7876 7601 8107 7880 8511 8549 7709 7772 8061 8237 8178 8211 7807 8306 7795 7823 8401 7975 8128 8275 8079 8126 8407 8152 8507 8391 7945 8480 8563 7928 7607 8584 8224 8072 8412 7971 8276 8373 8579 8408 8560 8419 7658 8558 8025 7730 8094 7852 8412 7574 8108 7904 8056 8234 8301 7670 8121 7688 7942 7924 8223 8348 8036 7788 8167 8428 8318 8261 8812 7997 8071 8667 7845 8526 8234 8271 8366 8005 7926 7929 8018 8520 7817 7583 8534 7990 7502 7825 7743 8358 8114 8080 7790 7613 8488 8870 7900 7693 8155 8473 8034 8638 7944 7852 7995 8084 7817 8198 8580 8233 8141 8210 7967 7284 8079 8305 8157 9005 7742 7947 7753 8111 8473 8387 8063 8360 8148 8335 7728 7983 8373 8151 8064 8267 7832 7976 8298 8232 8008 7770 8417 8416 7919 8595 8244 8288 7890 7814 7984 8203 8326 8290 7570 7986 8042 8193 8452 8249 8040 7484 8323 7721 8338 7934 8561 8011 8570 8401 8080 8128 8211 8194 8085 7475 8285 8120 8159 8050 8258 8596 7670 7917 8250 8241 8126 7994 8121 7323 8131 8002 8157 9081 8743 8182 8005 8401 7843 7869 8181 8066 8147 8407 7877 8057 8194 7602 7772 8484 8573 8035 8115 7799 7965 8236 7913 8423 7945 8215 7958 8281 8086 8085 7794 8627 8003 8676 7978 8144 8426 8225 8151 7882 8122 8058 8301 7896 7891 7806 8373 8103 8392 8724 8274 8229 7994 7455 8224 8073 8053 8605 7519 7825 8463 7597 8054 7859 7675 8308 8331 8382 7521 7914 8219 8243 8471 8099 7981 8227 8487 8008 7963 8253 8167 8687 8334 8393 8560 8197 8131 8746 7849 7703 8238 8316 7523 7949 7435 8195 8081 8203 8576 7995 8227 8468 8106 7495 8054 8105 8780 7522 7695 7899 8197 8017 8172 8125 8560 8069 8492 8416 8082 8511 8022 8345 8152 8411 7977 7968 8327 8750 8483 8019 8272 8080 8788 8252 8601 8188 7743 7983 7561 7813 7727 8128 7721 7861 8277 8534 8277 8315 8053 7919 8354 7689 8327 8207 8135 8374 7700 8065 8313 8008 7927 8083 8287 8519 7808 8169 8263 8327 8505 7867 8279 7677 8320 8015 7932 8126 8713 8487 
7179 8287 8087 8260 8556 7879 8694 7938 7772 7953 8067 8062 7655 8258 8307 7850 8421 8151 8006 7953 8599 7876 7919 8421 8551 8165 7720 8090 7884 8195 7799 7316 7752 8052 8349 8397 7982 8067 7999 8113 8075 8441 8026 7929 7877 7905 8710 7973 8501 8074 7893 8076 8175 8130 8002 8489 7569 8630 8700 8034 8197 8526 7987 7952 8437 7836 8598 8137 8359 8426 8251 8057 7649 8218 7982 7824 8477 8158 8720 7713 8191 8167 8164 8177 8397 7765 8289 7832 8265 7575 7913 8077 8359 7916 8029 8546 8359 8823 8478 7973 7970 8467 7965 8613 8466 8225 8586 8247 7955 8100 7868 8172 7915 7745 8810 7725 7385 7841 7547 8277 8201 8232 7784 8071 7926 8699 7934 8119 8480 8512 8280 7892 7993 7713 8142 8153 8014 7912 8379 8150 7809 8325 8148 7519 8047 8132 8033 8727 7724 7997 7813 7923 8743 8313 8015 7977 8250 8145 7869 8314 8420 8019 8034 7938 8042 7899 8537 7927 8274 8162 8388 8625 7736 8560 8468 8360 8107 8335 7772 8111 8337 8092 8003 8110 7761 8416 8281 8839 8128 7757 8337 7294 7947 8352 8800 8147 8424 8168 8240 8329 7994 8385 8263 7491 8378 8104 7836 8381 8084 8194 7599 7815 7923 8112 7778 8455 8422 7810 8348 8031 8005 8655 8882 8215 8116 8217 7705 8195 8174 7629 8039 8094 7749 7962 7891 7927 7704 8486 8400 8238 8010 7955 7738 8245 8258 8262 7956 7839 7746 8586 8412 8210 8256 8447 8140 8409 7858 8318 8088 8376 8196 8153 8275 8305 8497 7750 7646 8058 8218 8145 8331 8699 8433 8060 7836 8161 8334 7656 8040 8324 7224 7840 8494 7708 8092 7870 7898 8145 8022 8132 7606 8343 8477 7757 8364 7866 7960 8035 8448 7769 7878 8081 8028 8611 8347 8422 8193 8342 8314 8269 8220 7357 8178 7964 7991 7494 7844 8666 8412 7996 8848 7974 8084 8184 8133 7577 7842 7789 8462 7551 8065 7932 8221 8012 8209 8098 8228 8327 8289 8498 7881 8134 7960 8625 7744 8454 7741 8293 7860 8734 8311 7930 7840 7857 8731 8286 8443 7901 7679 8304 7770 7726 7895 8281 8362 7771 8257 8288 8327 8009 7937 7698 8113 8202 8549 8548 7992 8706 7484 7882 8356 7419 8236 8124 8300 8213 7588 8326 8124 8232 8337 7845 8305 7765 8014 7952 8428 8056 8560 8831 
7183 8127 8085 7742 8306 7566 8465 7784 7633 7679 8155 7799 7624 8369 8440 7992 8247 8064 8360 7598 8032 7774 7809 8100 8340 8183 7863 8277 8220 8129 7757 7679 7954 8048 8138 8038 7526 8086 8324 8121 8138 8118 7771 8146 7832 7758 8286 8142 8059 7987 7925 7704 8323 7577 8408 8064 7923 8231 8348 8023 7724 8374 8071 7982 8280 7783 8017 7893 8579 8020 8022 8249 7708 8575 7810 7464 8016 7871 8205 7749 7649 7991 8415 7922 7840 7557 8177 7434 8003 8025 7790 7900 7858 7817 8034 8394 8259 8243 8281 7612 7918 8239 7661 8243 7996 7837 8698 8087 7766 7945 8043 7986 7726 7559 8691 7812 7414 7481 7865 7905 7888 7751 7595 7793 7741 8586 8151 7607 7861 8033 8239 8290 8263 7774 8269 8035 7517 7936 8404 7790 7510 8189 8023 7390 7783 8613 7941 8494 7978 8005 7715 8101 8565 8190 7867 7974 8032 7660 7761 7923 7937 8162 8027 7797 8041 7795 7953 7905 7918 7810 8299 8278 7564 8502 8000 8252 7895 8154 7834 8085 8651 7949 7700 7588 7828 7723 7999 8446 7890 7519 8213 7592 7867 8151 8669 7829 8248 8588 8114 7925 7799 8025 7773 7527 7993 8085 7826 7991 8235 7939 7638 7531 8190 8054 7745 7965 8097 7679 8024 7818 8081 8725 8201 7818 7873 7846 7543 7950 7892 7547 7889 8320 7838 7866 8255 7584 7231 8383 7869 7880 7857 7967 7496 7871 8050 8183 7951 7863 8052 8198 8393 7586 8177 8302 8162 8089 7523 8447 7956 8219 8032 7754 8180 8006 8465 7622 7741 8090 8039 7819 8357 8355 7831 8073 8031 7662 8165 7383 7910 8112 7325 7714 8152 7956 7826 7829 7631 8061 8411 7908 7204 7698 7920 7719 8237 8038 7853 8275 8521 7974 7726 8051 7826 8110 8166 7964 8111 7751 7818 7940 7970 7648 7980 7811 7696 7789 7475 8118 7930 7857 8405 7772 8035 8112 7740 7309 8064 7568 8142 7510 7694 7631 7994 7947 7918 7985 8458 7759 8621 8339 7748 8101 7669 8372 7866 8255 7548 7734 7575 8232 7826 7717 7871 7755 8194 8214 8167 7660 7661 8229 7767 7905 7827 8550 7705 7714 7723 8375 8338 7895 8042 7804 7893 7680 7949 8253 7913 8106 7570 7886 8202 7801 8133 7949 7929 7897 7542 7926 7950 8338 7998 7870 8174 7730 7951 7983 8070 8324 8289 8262 
7144 8093 8230 7771 8431 7833 8329 8190 7539 7944 8013 7746 7267 7900 8086 7733 8462 7857 7765 7918 8287 7701 7914 8152 8646 8123 7642 7996 7986 8277 7547 7454 7868 7715 7980 8061 7817 7519 7797 8179 7991 8516 7799 7836 7440 7410 8426 7695 8186 7964 7821 7788 8067 8077 7985 8367 8136 8134 8354 8072 7790 8582 8084 7908 8157 7818 8227 8233 8603 8121 7888 8125 7837 8306 7998 7748 8368 7839 8230 7643 7700 8200 7873 7888 8336 7781 8139 7860 8332 7690 7792 7817 8256 7543 7965 8340 8250 8621 8491 7823 7890 8354 7877 8651 7977 8056 8595 8159 7947 7785 7980 7957 7602 7474 8427 7587 7262 7945 7562 8004 7880 7951 7240 7813 8203 8357 7859 7511 8329 8778 8029 8154 8071 7841 7926 7761 7733 8035 8333 8278 8024 8218 8061 7248 7820 7754 7953 8721 7378 7901 7536 7729 8247 8165 7939 8225 7941 7777 7612 7812 8327 8272 7933 7728 7816 7900 7967 7905 7703 7822 8491 8723 7878 8416 8139 8139 8058 8252 7720 8103 8314 8103 7589 8053 7865 7953 8474 8366 8135 7357 7952 7387 7881 8158 8680 8064 8174 8570 7988 8103 7939 7867 7807 7143 7966 7975 7855 8010 8249 8300 7619 7604 8336 8147 7749 8216 7860 7911 8424 8203 8194 8578 8650 8143 7979 7913 7701 7849 8345 7275 8120 8335 7840 7918 8046 7671 7615 8634 8119 8034 7591 7665 7509 7943 7872 8113 7804 7964 7902 8161 8027 7787 8076 8230 8004 8207 7987 8174 7946 8415 7806 8080 8242 8133 8091 7823 7835 7958 7955 7824 8320 8566 8104 7980 8164 7806 8500 7968 8083 7984 7704 7537 8207 7686 7788 7665 7604 7791 7848 8206 7356 8035 8233 7818 8294 7784 7768 8407 8296 8068 7765 8045 8020 8281 8324 8061 8523 8116 8185 8151 8278 7623 8132 7460 7759 7826 7748 8138 8146 8188 8486 7781 8029 8197 7838 7762 7866 8099 8390 7543 7818 7798 7884 7605 8082 8022 8231 7701 8369 8460 7935 8045 7593 8211 7862 8000 7459 8062 8008 8262 8285 8393 7692 7800 8552 8221 8318 7883 7610 7937 7395 7903 7569 8070 7882 7699 7793 8372 8177 7763 7958 7756 8176 7960 8129 7997 7886 8133 7365 7841 8241 7605 8078 8164 8183 8162 7357 8481 8074 8240 8408 7491 8219 7374 7799 8198 7743 7975 8255 8625 
7061 7781 7808 7393 8065 7154 8117 7482 7705 7132 7417 7504 6929 8013 8000 7426 8070 7642 7463 7327 7650 7391 7498 7770 7941 7623 7085 7736 7610 7858 6867 6756 7398 7565 7984 7778 7243 7488 7463 7647 7721 7572 7461 7674 7641 7271 7763 7223 7762 7754 7517 7576 7853 7281 7980 7909 7167 7757 7776 7499 7300 7880 7638 7432 7998 7438 7751 7672 7896 7752 7650 7975 7093 7861 7489 7002 7831 7464 7850 6857 7009 7914 7673 7779 7808 7310 7714 7431 7773 7418 7565 7474 7931 7362 7376 8061 7933 7944 7819 7357 7697 7836 7685 7922 7530 7614 7925 7461 7322 7361 7642 7950 7260 6842 7936 7465 7038 6669 7237 7786 7196 7527 6940 7323 7485 8118 7465 7140 7818 8204 7493 7572 7326 7206 7521 7444 7609 7367 7600 7306 7215 7569 7402 7257 7246 7563 7365 8013 7227 7418 7279 7453 7787 7605 7379 7632 7592 7418 7212 7981 7610 7496 7523 7269 7596 7452 7680 7437 7671 7742 7872 8116 7449 8207 7865 8052 7384 7909 7122 7282 7919 7176 7043 7473 7521 7768 7908 7955 7329 6962 7563 7172 7459 7445 8085 7627 7983 7998 7589 7789 7438 7765 7761 7288 7429 7976 7405 7486 8016 7574 7127 7066 7874 7711 7460 7456 7777 7519 7434 7683 7404 8253 8029 7664 7500 7901 6942 7460 7429 7430 7555 7613 7389 7630 7268 7108 7359 7791 7832 7542 7209 7565 7269 7592 7540 7969 7326 7482 7258 7539 7642 7628 7833 8490 7559 7551 7197 7962 7465 7725 7710 7700 7697 7510 7928 7016 7878 7516 7382 7416 7973 7833 7536 7459 7645 7241 7823 7217 7925 7755 7079 7285 7957 7176 7457 7677 7645 7698 7554 7297 7083 7436 7728 7807 7942 7457 7478 7539 7911 7502 7238 8009 7506 7825 7845 7721 7710 7677 7895 7619 7764 7135 7791 7443 7701 7716 7245 7332 8039 7599 8232 7499 7533 7664 7535 6932 7383 7510 8002 7049 7480 7483 7693 7607 7513 7617 7699 7561 7593 8017 7401 7527 7357 7848 7676 7423 7341 7484 7439 7930 7862 7492 7426 7022 7943 7979 8020 7577 7097 7439 7158 7475 7506 7968 7605 7576 7545 8012 7849 7422 7533 7494 7480 7598 7831 7543 7416 7761 6947 7609 7364 7173 7776 7359 7857 7632 7030 7752 7648 8070 7962 7201 7458 7207 7474 7453 7500 7677 7847 8239 
7606 8296 8313 7855 8575 8291 8503 7848 8040 8218 8423 8046 7844 8847 8428 8067 8816 8341 8055 8066 8686 7886 8114 8446 8513 8135 8108 8117 8244 8113 7956 7692 7968 8179 8585 8414 8070 7966 8191 7894 8489 8370 7999 8177 8193 8034 8537 8061 8401 8187 8181 8044 8701 8138 8515 8776 8237 8446 8568 8163 8104 8685 8086 8047 8436 7955 8224 8384 8498 8029 8650 8374 7637 8626 7988 7870 8325 8193 8697 7747 8065 8364 7965 8207 8344 8151 8513 8016 8340 7937 8113 8442 8207 8122 7880 9011 8646 8678 8681 8157 8427 8876 8312 8773 8082 8532 8414 8254 8071 8404 8232 8409 8056 7905 9004 8209 7917 7799 8136 8056 8513 8180 7931 8156 8231 8983 8189 8046 8350 8994 8232 8437 8329 7880 8387 8174 8130 8261 8424 8257 7880 8440 8121 7606 8435 8405 8349 8818 8051 8272 7890 8019 8747 8334 8008 8156 8353 7941 7731 7787 8580 8382 8076 8150 7919 8223 8441 8273 8050 7833 8588 8939 8144 8817 8453 8405 8285 8541 8018 8208 8601 8112 7911 8087 7868 8474 8381 8324 8091 7526 8376 7768 8138 8312 8849 8216 8384 8676 8303 8136 8018 8413 8063 7928 7899 8499 7866 8113 8600 8798 8012 7959 8682 8693 7994 8267 8473 8164 8432 8251 8571 9175 8595 8651 8119 8338 7920 8525 8236 8015 8243 8400 8113 8166 8306 8007 7670 8374 8200 8352 8110 8242 7827 8349 8114 8843 8214 8712 8292 8395 8674 8186 8328 8704 8167 8251 8182 8232 8296 8332 8269 8359 8284 8363 8663 7819 8171 8133 8171 8176 8530 8583 8266 7886 8279 8074 8641 7858 8454 8062 7529 8200 8439 7928 7914 8268 8021 8514 8350 8158 7643 8164 8486 8211 8447 8173 7909 8379 8723 7955 8092 7967 7958 8620 8791 8195 8562 8255 8299 8371 8564 7733 8471 8152 8254 8050 7941 8448 8588 8493 8708 8114 8174 8010 8180 7588 7932 8027 8655 7667 8032 8052 8404 8310 8321 8147 8595 7847 8895 8776 8270 8338 8164 8268 8181 8598 8212 7860 8260 8697 8271 8258 8266 8327 8859 8461 8612 8085 7900 8098 7869 8421 8235 8727 8014 7871 8074 8427 8586 8120 8034 8181 8147 7926 8565 8277 8285 8515 7660 8137 8302 7910 8277 8152 8479 8604 7730 8287 8381 8584 8270 8399 8469 7832 8339 8253 8257 8593 8517 8760 
7123 7814 8004 7846 8411 7572 8071 7855 7744 7598 7992 7689 7338 8386 8563 7886 8103 7963 7856 7710 8276 7503 7721 8258 8455 8290 7634 8105 8028 7926 7685 7219 7504 7846 8138 7886 7708 7791 8062 7936 8080 8069 7981 7684 7328 7370 8154 7788 8314 7836 7745 7985 7736 7710 8244 8110 7887 8517 8574 7750 7680 8137 7961 7600 8370 7670 8375 8109 8149 8171 8120 8065 7513 8103 7577 7454 7954 8007 8159 7690 7876 8225 7816 7697 8388 8171 8228 7946 8225 7616 7720 7893 7906 7366 7788 8481 8334 8492 8324 7775 7995 8601 7837 8232 7837 8266 8438 8043 7184 7776 7860 8326 7450 7700 8397 7790 7176 7617 7476 8005 8047 7964 7506 7679 7951 8123 7847 7520 8163 8193 7825 8390 7980 7630 7635 8148 7898 7739 7996 8000 7486 8138 7850 7448 7898 8248 7537 8761 7532 7978 7523 7649 8228 8006 7862 8155 8154 8066 7754 8021 8543 8053 7717 7824 7994 7689 8000 7749 7742 7909 7896 8304 7699 8636 7879 7873 7588 7828 7870 8061 7817 7930 7591 8007 7504 7837 8117 8423 7743 7584 8305 7105 8114 7812 8400 8206 7982 8263 7962 7802 8022 7919 7902 7582 7508 7984 7696 7758 7911 8038 7694 7866 8633 8126 7757 7896 7875 7799 8112 7962 7915 8691 8328 8229 7741 8094 7531 7919 7813 7521 7723 8325 7611 8011 7920 7088 7809 8178 8144 8018 7600 7648 7629 8099 7895 8051 7913 7823 7498 7998 8480 7729 8258 8304 7953 8262 7829 8216 7723 8176 7734 7805 8149 8007 8220 7314 7923 7634 8185 7948 8328 8178 8183 7936 7765 7695 8396 8064 7957 8268 7560 7955 7851 7669 7856 7709 7554 7735 7833 7827 7395 7667 7969 7700 7957 7638 7555 7871 7920 7911 7579 8149 7854 7898 8034 8252 7995 8179 7995 7992 8270 7310 7982 7763 7493 7623 7481 8054 8449 8017 8311 7992 7879 7674 7915 7212 7760 7608 8151 7823 7833 7636 8034 7957 7705 8039 8238 7729 8383 8318 7931 8003 7796 8322 7809 7866 7555 8085 8053 8789 8402 7656 7883 8013 8754 8063 8265 7682 7694 7760 7420 7990 7991 7973 7404 7774 8001 8193 8562 7655 7761 7810 7718 7973 7816 8067 8137 7923 7413 7699 7793 7894 8104 7618 8146 8419 7380 8069 8038 8068 8005 7759 7870 7478 7655 7967 7857 8159 8145 8564 
7587 8503 8431 7905 8582 7663 8882 7819 7904 8028 7963 7777 7526 8453 8263 8250 8409 8161 8022 7899 8596 7937 8065 8194 8519 8398 7887 8269 8223 8012 7586 7572 8157 8495 8719 8024 7888 7633 8213 7945 8188 8537 7946 7996 7859 7877 8323 7842 8355 8055 7765 7959 8248 8057 8423 8170 7538 8375 8535 7839 7952 8444 7851 7885 8380 8116 8120 8499 8405 8536 8185 8477 7756 8410 7987 7921 8305 8403 8498 7627 7747 8203 8274 8254 8158 8007 8438 8154 8239 8000 7859 7838 8301 8100 7952 8507 8410 8720 8466 7917 8076 8616 7827 8543 8307 8258 8590 8319 7735 8089 8137 7967 7703 7199 8778 7973 8142 7696 7590 8196 8314 7984 7636 7724 8222 8551 8062 7808 8409 8756 7967 8623 8275 7847 8126 8045 7736 8182 8467 7982 7806 8079 7798 7588 7883 8213 7908 8723 7686 8284 7668 7833 8586 8309 7979 8041 8120 7925 7727 7971 8508 8517 8104 8086 8149 8107 8187 8118 7995 8309 8321 8643 7860 8576 8252 8019 7957 8337 7840 7907 8599 8027 7499 8233 8292 8191 8407 8591 8195 7399 7858 7632 7735 8155 8777 7988 8517 8746 8294 8249 8141 8508 7902 7526 8341 8241 8098 8287 8445 8621 7797 7678 8336 8328 7810 7814 8253 8048 8140 8142 8437 8617 8539 8067 7985 8343 7865 8168 8040 7616 8030 8551 7837 7886 8304 7533 7583 8536 8280 8117 7933 8102 7563 8337 8247 8562 7763 8271 8163 8201 8579 7789 8817 8625 8041 8344 7866 8554 8001 8137 8280 8176 8564 7970 8463 7779 8117 7864 8175 7946 8632 8739 8425 8182 7813 7819 8542 7759 8077 8305 7724 7937 8361 7645 7970 7857 7708 8277 8238 7963 7628 7487 8160 7849 8409 8090 8246 8296 8499 8270 8133 7991 7910 8793 8149 7982 8610 7908 8321 8146 8509 7639 8037 7592 7827 7757 7936 7889 8088 8182 8871 7824 8435 8126 8079 7493 7746 8239 8422 7837 8243 7919 8225 8344 8123 8293 8470 7977 8566 8357 8102 8281 7999 8449 8013 8351 7883 7975 8199 8328 8284 8245 8028 7605 8392 8132 8583 7896 7716 8010 7625 8008 8137 8351 8148 7836 7897 8425 8302 8043 8158 8052 7949 8158 8198 8359 7994 8239 7591 7994 8325 7889 8255 8359 8294 8102 7383 8115 7997 8629 8176 7935 8059 7855 7837 7890 7998 8357 8518 8825 
6628 7850 7551 7880 8381 7583 8301 7521 7420 7482 7386 7192 7222 7978 8039 7787 7885 7674 7201 7474 7778 7171 7390 7736 8128 7609 7240 7689 7579 7961 7434 7057 7680 7659 7880 7448 7531 7065 7574 7536 7666 7812 7620 7771 7226 7473 7766 7221 7768 7742 6989 7143 7503 7409 8039 7825 7593 8012 8121 7680 7227 8029 7736 7489 8069 7575 7575 7658 8058 7916 7782 7842 7409 7757 7430 7659 7935 7710 8287 7460 7556 7699 7843 7727 7750 7567 7552 7502 7805 7165 7654 7447 7606 7384 7646 7628 8128 8008 8077 7444 7653 8108 7475 7968 7625 7516 7923 7553 7195 7712 7669 7884 7464 7202 7994 7704 7076 7385 7394 7544 7527 7692 7319 7085 7406 7883 7749 7514 7767 8100 7645 7861 7729 7494 7639 7701 7206 7716 7873 7841 7284 8302 7668 6831 7662 7956 7552 8237 7463 7604 7207 7427 7966 7739 7628 7850 8011 7444 7211 7615 7905 7695 7600 7375 7766 7688 7915 7233 7587 7780 7800 8370 7655 8107 7705 7713 7583 7607 7293 7810 8177 7559 7507 7695 7327 7825 8193 7999 7820 6825 7668 7425 7526 7708 8472 7908 7652 8071 7700 7567 7709 7761 7476 6842 7684 7721 7485 7579 7726 7560 7516 7210 7839 7441 7460 7602 7739 7414 7626 7555 7853 7855 8045 7978 7629 7679 7325 7376 8094 7292 7738 7773 7379 7403 7709 7136 7390 7855 7708 7429 7272 7530 7044 7766 7593 7804 7451 7523 7344 8160 7939 7437 7529 7620 7730 7750 7495 7661 7940 7718 7739 7659 8157 7674 8120 7245 7451 7477 7894 7651 7710 8264 7833 7805 7675 7425 7798 7706 7618 7913 7039 7497 7959 7343 7335 7320 7334 7602 7779 7127 6742 7506 7334 7440 8148 7606 7587 7636 8329 7561 7737 7704 7887 8073 7973 8021 7683 7675 7702 8003 7621 7051 7486 7727 7274 7362 7360 7568 7882 7380 8183 7643 7627 7888 7789 6973 7845 7339 7926 7131 7755 7552 7821 7241 7854 7539 7777 7602 8150 8285 7279 7645 7159 7935 7373 7857 7359 7894 7787 8083 7795 7599 7329 7252 7792 7607 7888 7478 7282 7865 7177 7465 7628 7738 7155 7249 7550 8125 7813 7683 7411 7493 7665 7814 7721 7749 7556 7888 7243 7533 7676 7375 7970 7831 8037 7773 6927 7825 7907 7941 7834 7601 7682 7525 7943 8108 7233 7725 7814 8108 
7406 8216 8438 8122 8294 8014 8536 8084 7893 7932 8149 7778 7520 8381 8511 8083 8486 8442 7982 7961 8579 7688 7846 8506 8545 8428 7732 8239 8003 8203 7890 7617 8125 8005 8191 8233 7897 7951 8325 7707 7991 8314 8013 8173 7853 7944 8426 8042 8246 8330 7809 7938 8426 7852 8199 8173 7747 8591 8392 8021 7659 8444 8140 7975 8218 8160 8479 8165 8377 8137 8573 8351 7974 8169 7952 7404 8378 8188 8178 7626 7893 8211 8134 8058 8245 8026 8027 7720 8263 8001 7872 8083 8352 7877 7872 8401 8454 8651 8531 7716 7990 8889 7882 8444 7964 8425 8481 8179 8016 8495 8058 8142 7707 7522 8610 7882 7685 8012 7739 8305 8335 8127 7807 7794 7923 8645 8083 7974 8142 8559 8301 8512 8085 7805 7915 8000 7700 8448 8549 7965 7567 8521 8098 7252 7724 8355 7940 8574 7916 8067 7731 7952 8349 8164 7788 8324 8015 8022 7626 7868 8381 8244 8083 8207 8278 8076 8060 8076 7940 8452 8593 8660 7657 8554 8430 8094 8187 8374 7937 8370 8434 8047 7863 8085 7927 8190 8265 8174 8465 7294 8118 7572 8198 7965 8719 7900 8103 8561 8328 8368 8234 8279 8017 7693 8122 7866 7928 8247 8219 8403 7815 8088 8492 8209 8136 7971 8483 7516 8322 8170 8103 8787 8567 8541 8122 8451 7804 8189 8466 8114 7974 8116 7902 8188 8128 7586 7775 8550 8171 8007 8147 7861 7666 8278 7869 8315 7916 7824 7830 8330 8289 8037 8206 8531 8338 7830 7994 8170 8182 8376 8285 8255 8139 8302 8648 7915 7731 8076 7938 8225 8451 8507 8311 8290 8116 8089 8292 7893 8061 8300 7449 7842 8239 7854 7851 7642 7702 8363 8433 7836 7384 7935 8093 7824 8195 8081 7909 8209 8274 7841 7863 7810 7918 8233 8346 8165 8041 7985 8339 8065 8413 7573 7828 7800 7651 7980 7877 8202 8260 8166 8914 8162 8147 7994 7949 7332 7902 8039 8730 7657 7894 7794 8319 8257 8119 8126 8353 8073 8627 8622 8026 8212 7719 8702 7971 8382 7653 8041 8001 8494 8203 8038 8148 7627 8352 8356 8339 8253 7957 8348 7878 7881 8156 8189 7768 8037 8418 8529 8077 8149 8009 7590 8108 8142 7977 8088 8026 8355 7566 7864 8265 7851 8095 8402 8112 8189 7643 7880 8255 8610 8351 8168 8475 7785 8256 8010 7895 7975 8557 8567 
7144 8175 7854 8011 8581 7722 8502 7642 7557 7945 7749 7597 7440 8278 8469 8064 8357 8310 7833 8050 8305 7685 8048 8473 8262 7999 7895 8048 7745 7974 8077 7642 7980 7719 8156 8220 7691 7693 8064 7784 7897 8061 7980 7710 7677 7644 8004 7729 8084 7950 7428 7868 8403 7828 8701 8276 7840 8342 8252 7966 7995 8273 7924 7901 8265 7848 7833 7884 8307 8380 8146 8295 7405 8076 7562 7372 8501 8112 8452 7421 7914 8362 7909 7842 7979 7846 7772 7832 8327 7573 7849 8075 8440 7713 7917 8366 8599 8367 8210 7826 8208 8410 7824 8189 8319 8386 8650 8070 7497 8487 8128 8299 7897 7925 8643 7600 7403 7618 7599 8073 7903 8235 7286 7662 7609 8474 7750 7404 8390 8081 8044 8508 7648 7934 7673 7926 7805 7921 7809 8014 7656 8442 8115 7440 8058 8104 7747 8616 7798 8262 7595 7882 8359 8430 8115 8157 8366 7968 7769 7848 8354 7951 7962 7984 7930 8140 8446 7733 7779 8189 8323 8656 7841 8446 8017 8183 7789 8084 7722 8125 8545 7712 7791 7925 7534 8236 8389 8349 8119 7192 8194 7433 8318 7990 8618 8219 8264 8548 8156 8126 8184 8632 7983 7537 7879 8240 7681 7814 8214 8125 7728 7746 8415 8257 7794 7859 7929 7882 8159 7794 8217 8513 8515 8468 7499 8470 7999 7987 7967 7591 7936 7930 7799 7467 7968 7491 7608 8246 8296 8120 7825 7873 7626 7817 7918 8185 7615 8221 8039 8334 8310 8190 8443 8570 7833 8095 8064 8333 7860 8384 7951 8040 8226 7918 8133 7833 7993 7749 7887 7792 8288 8512 8076 7599 8103 7881 8615 7703 8101 8231 7470 8011 8583 7484 8125 7552 7455 7976 7850 8138 7610 7756 8416 8201 8389 7769 7478 7946 8211 7891 7932 7552 7751 8248 8350 8040 8002 7914 8430 8367 8227 7512 7982 7876 7703 7661 7977 8001 8134 7991 8628 8113 7914 7826 8297 7197 7645 7535 8207 7602 8016 8400 8244 8213 8226 8224 8455 7879 8622 8674 7927 7995 7963 8448 7698 8201 7683 8113 8148 8340 8157 7656 8146 7827 8394 7953 8554 7519 7793 7785 7680 7996 7776 8006 7996 7759 7954 8253 8152 8017 8146 7825 8006 7854 8688 7871 7938 7888 7183 8197 8534 7649 8220 7673 7899 8403 7268 7702 8376 8126 8407 7893 7990 7549 7977 7901 7810 7953 8304 8650 
7186 8187 8104 7883 8530 7792 8149 7840 7847 7513 8395 7500 7560 8218 8336 8116 8347 8180 7623 7868 8537 7665 8023 8157 8355 8525 7556 8149 8108 8036 7681 7309 8264 8363 8266 8559 7680 7501 8085 7888 8254 7940 8036 7987 7636 7772 8549 7722 8345 8063 7846 7910 8292 7783 8337 8277 7412 8445 8641 8337 7849 8259 8105 7964 8423 7918 8461 8135 8151 8266 8396 8127 7447 8315 8006 7856 8270 7641 8390 7414 7917 7918 8008 7930 8210 7592 7889 7829 8197 7960 8087 8124 7946 7530 7868 8393 8270 8513 8538 7962 8151 8545 7654 8545 7895 8325 8588 8283 7808 7782 7767 8227 7596 7434 8547 8045 7730 7393 7804 8107 8039 8012 7854 8032 7676 8376 7731 7824 8335 8396 7865 8420 7978 7931 8140 7908 7883 8180 8585 8060 7770 8295 7814 7456 8116 8053 8300 8680 7706 8043 7636 8015 8590 8000 7987 8123 8509 8372 7678 8188 8358 8274 8153 8016 7863 7889 8591 7700 7887 7976 8208 8389 7713 8498 8320 8006 8138 8064 7645 8013 8342 8204 7622 7942 8037 8042 8307 8116 8044 7304 8191 7650 7841 7917 8888 8117 8346 8555 8187 8299 7955 8072 8054 7454 8258 8061 7924 8063 8326 8374 7755 7954 8259 7863 7730 8159 8221 7911 7998 7829 8176 8739 8542 8321 7909 8253 7747 8064 8458 7669 8383 8356 7880 7581 8069 7552 7847 8478 8250 7987 7806 7682 8005 8097 8229 8479 7529 7915 7828 8241 8330 7868 8156 8287 7873 8400 7825 8184 7615 8172 8015 8215 8104 7810 8327 7858 7899 7738 8098 7965 8166 8593 8486 8115 7924 7921 8377 7819 8167 8194 7653 7817 8220 7717 8039 7789 7711 8054 8000 8229 7589 7708 8172 7880 8067 8036 7955 8086 8370 8248 7873 7845 8137 8522 8232 8262 8313 8343 8036 8521 8156 7352 8053 8095 7778 7698 7721 8099 8112 7807 8638 8013 8098 8166 8097 7274 7885 7661 8165 7908 7934 7717 8386 8064 7958 8157 8526 7898 8510 8665 8205 8254 7826 8333 7737 7873 7607 7742 8141 8466 8285 7720 7879 7562 8438 8354 8674 7728 7517 7936 7914 7722 8154 8388 7676 7751 8259 8264 8064 7927 8128 7518 7882 7905 8303 8280 7777 8307 7533 7920 8076 7579 8222 8036 8417 8546 7366 7978 8069 8342 8281 8065 8362 7326 7901 8052 7890 8008 8481 8629 
6940 7753 7962 7696 8213 7505 7937 7749 7595 7172 7578 7776 7114 8114 7754 7570 8052 7712 7548 7754 8118 7711 7572 7702 8324 8295 7637 7563 7717 7912 7361 7411 7608 7559 7966 7627 7242 7743 7851 7723 7757 7895 7483 7577 7208 7247 7975 7501 8016 7649 7560 7626 7755 7513 7984 7922 7360 8494 7851 7683 7480 8126 7640 7491 7987 7825 7933 8101 7973 7813 8256 8263 7196 8024 7162 7429 7789 7527 8246 7123 7783 7813 7971 7829 7597 7475 7871 7593 7922 7509 7524 7610 8144 7147 7705 7932 7989 8123 8096 7541 7760 8131 7697 7853 7783 8027 8044 7840 7438 7810 7888 7734 7312 7334 8414 7503 7582 7217 7803 7589 7932 7558 7676 7487 7832 8040 8120 7537 8052 8272 7605 8040 7648 7543 7785 7696 7404 7775 7877 7809 7425 7977 7459 7230 8047 8401 7229 8087 7398 7782 7297 7777 7924 7902 7789 7571 8038 7679 7499 7730 7966 7886 7916 7705 7806 7795 7797 8123 7705 7395 8033 8176 7504 8042 7986 7701 7559 7989 7352 7948 8144 7707 7714 7859 7525 7766 7817 8051 7739 7065 7691 7331 7595 7515 8430 7720 7953 8261 7801 8024 7699 7939 7673 7497 7704 7974 7681 7650 8075 8200 7651 7053 8328 7943 7822 7807 7678 7680 7725 7620 7781 8462 8336 7959 7627 7806 7712 7644 7769 7242 7903 7870 7435 7719 7484 7210 7167 7988 7935 7719 7640 7593 7344 7906 7647 8003 7787 7853 7521 8026 7950 7725 7574 7986 7831 7991 7515 7765 7759 7942 7541 7750 8151 7644 7785 7556 7516 7598 7817 7514 8172 8184 7869 7512 7478 7682 8160 7884 7550 8078 7150 7525 7888 7355 7619 7124 7319 7903 8096 7632 7149 7692 7879 7572 8278 7512 7570 8008 8258 7729 7690 7490 7617 8202 8060 7458 7808 7786 7708 7775 7479 7506 7502 7631 7539 7281 7566 7680 7586 7711 8162 7808 7837 7587 7670 7138 7615 7462 8171 7429 7342 7436 7910 7962 7843 7659 7988 7695 8162 8058 7926 7999 7480 7788 7576 7745 7287 7743 7930 7746 7534 7683 7478 7434 8314 8047 8293 7877 7461 7722 7489 7794 7422 7990 7470 7378 7759 7918 7899 7648 7809 7504 7735 7480 7763 7715 7863 7490 7314 7755 7969 7431 7715 7667 7660 8136 6737 7327 8012 7964 8217 7415 8054 7622 7553 7899 7796 8043 8075 8589 
7235 8302 8294 8143 8456 7953 8581 8129 8008 8119 7882 7594 7538 8218 8437 8087 8583 8432 7996 8479 8461 7972 7705 8276 8358 8307 7841 8120 7828 8079 8168 7719 7851 8266 8265 8323 7951 7896 8176 8171 7900 8210 7664 7823 8155 7530 8258 7804 8674 8169 7663 7985 8070 8047 8715 8550 8230 8633 8449 8317 7916 8427 8230 7998 8213 8113 8426 8273 8466 8628 7920 8422 7727 7853 7813 7791 8261 8207 8543 7623 7660 8304 7899 8263 8213 8030 8178 7720 8564 7998 7939 8092 8380 7553 8127 8386 8319 8585 8634 7982 8237 8723 8162 8630 8309 8084 8311 8407 7574 8034 7864 8504 7894 7440 8426 7961 7596 7673 7763 8416 8194 7886 7922 7990 8075 8795 7714 7891 8158 8459 8053 8351 8170 7681 7998 7814 7549 8099 8182 8296 7763 8338 7824 7403 8145 8196 7901 8816 7832 8044 7952 7818 8615 8197 7887 8203 8360 8058 7885 7946 8098 8297 7877 8049 8365 8278 8317 7982 8119 8303 8131 8299 7738 8606 8185 8228 7832 8179 7611 7943 8368 7865 7399 8265 7585 8413 8209 8492 8028 7580 8369 7545 8038 8056 8732 7804 8341 8431 8226 8097 7957 8298 8268 7748 8166 8117 7809 7888 8290 8570 7912 8036 8448 8586 8110 8233 8539 8102 8171 8272 8188 9168 8850 8454 8128 8711 7589 8135 8297 7794 7898 8376 7918 7924 7929 7986 7646 8322 7805 7977 7897 8062 7658 8518 8458 8496 7908 8008 7789 8642 8252 8083 8158 8298 8140 8284 7971 8351 8038 8325 8098 8235 8283 8071 8802 7845 7850 7816 8214 8194 8477 8577 8304 8040 7721 7881 8576 8028 7961 8480 7502 7846 8527 7798 7872 7960 7784 8358 7957 8047 7594 8075 8321 7933 8554 7994 7766 8131 8206 8135 8167 7904 8150 8371 8337 8144 8376 8023 8211 8034 8603 7734 8088 7908 7874 8056 7700 7881 8385 8114 8672 8165 8108 7984 8099 7315 7609 8077 8477 7622 8028 7780 8388 8375 8156 8299 8420 8044 8440 8786 8164 8475 8124 8473 7896 7980 7577 8269 8090 8338 8113 7926 8241 7994 8913 8272 8501 7801 7961 8030 7875 7940 7861 8024 8116 7663 8187 8506 8245 7942 8328 8158 8161 7930 8224 8063 8079 8333 7688 7971 8143 7817 8126 8037 8221 8346 7676 8040 8093 8032 9035 7954 8280 8087 7822 8017 8282 8159 8278 8771 
7593 8715 8446 8200 8719 8036 8622 8083 8125 7939 8387 8031 7760 8808 8617 8037 8711 8617 8075 7541 8578 8137 8466 8572 8552 8343 7812 8166 8049 8346 7931 7863 7961 8430 8724 8611 8195 8029 8186 8371 8656 8192 8103 8329 7939 7923 8437 8096 8119 7913 7794 8443 8518 8053 8675 8443 8207 8535 9034 8313 8047 8575 8175 8018 8395 8030 8162 8457 8196 8517 8475 8390 7681 8580 8414 7638 8163 8071 8466 7527 8105 8576 8189 8515 8521 7838 8051 8038 8518 7728 8006 8367 8367 8010 8191 8751 8540 8690 8616 7993 8161 8512 8117 8812 7983 8218 8500 8254 8226 8592 8446 8454 8109 7807 8390 8243 7868 7666 8107 8399 8247 8102 7685 8220 8349 8771 8050 7962 8315 8728 8362 8101 8146 8135 8339 8203 8122 8069 8509 8382 8000 8681 8112 7599 7998 8216 8273 8769 7897 8550 7870 8257 8789 8437 8077 8195 8363 7821 7930 8194 8382 8117 8320 8092 8095 8160 8406 8149 8349 8158 8372 8748 7897 8514 8641 8509 8377 8243 7826 8380 8311 8198 8231 8043 8013 8504 8111 8825 8272 7684 8173 7901 8430 8439 8928 8213 8796 8723 8147 8283 8561 8274 8176 7946 8370 8418 8276 8167 8244 8308 8173 7988 8688 8143 8112 7836 8285 8147 8494 8229 8351 8681 8965 8430 8267 8227 7710 8186 8315 7681 7889 8350 7994 8084 8549 7959 7905 8427 8464 8465 7997 7942 7875 8372 8547 8513 7884 8135 7904 8506 8481 8079 8523 8766 8354 8071 8384 8531 8370 8458 8407 8552 8354 7962 8418 8075 7931 8094 8237 8152 8493 8844 8674 8390 8255 8106 8214 7910 8277 8466 7809 8217 8385 7876 7826 7927 8017 8069 8355 8212 7392 8030 8412 7935 8760 8165 8203 8568 8550 7907 8227 8061 8019 8999 8265 8493 8508 8106 8386 8255 8157 7994 8438 7875 8058 7991 7854 8223 8498 8352 8912 8227 8327 8289 8429 7532 8011 8273 8646 7458 8268 8236 8369 8453 8004 8538 8365 8132 8461 8800 8051 8432 7748 8755 8233 8544 7900 8215 7896 8368 8433 7781 8293 7821 8657 8608 8614 7808 7596 8559 8070 8138 8460 8503 8019 7761 8041 8692 8139 8245 8399 7759 8113 8565 8481 8420 8150 8258 7566 8032 8529 7774 8418 8346 8268 8610 7696 7888 8467 8548 8320 7928 8270 8059 8406 8491 8496 8307 8595 8779 
7503 8739 8682 8331 8657 8150 8806 8351 8282 8190 8145 8001 7885 8578 8527 8389 8599 8481 7955 8150 8871 7960 8141 8648 8753 8282 7914 8548 8390 8423 7774 7935 8088 8329 8430 8558 8065 8090 8416 8234 8522 8478 8275 8336 8159 8298 8636 8266 9086 8419 7954 8491 8841 8370 8706 8663 8024 8431 8706 8224 7943 8960 8513 8073 8396 8346 8368 8491 8426 8698 8076 8431 7581 8695 8467 8377 8533 8282 8882 7840 8200 8239 8501 8540 8573 8228 8357 8548 8482 8279 7951 8632 8751 8415 7886 8591 8578 9279 8827 8330 8103 8959 8123 9079 8234 8386 8816 8709 8060 8472 8487 8305 8244 8019 8846 8309 7811 8191 8307 8986 8348 8452 7558 8395 8501 8894 8354 8130 8559 8619 8032 8571 8361 8285 8152 8478 7904 8322 8376 8853 7928 8636 8378 7883 8555 8492 8183 8769 8127 8406 8154 8083 8726 8653 8428 8476 8373 8316 7890 8295 8764 8463 8240 8318 8362 8319 8624 8360 8294 8346 8801 8877 8279 9034 8499 8875 8334 8535 7963 8547 8503 8342 8035 8351 8135 8257 8446 8836 8486 7746 8400 7866 8224 8563 8795 8659 8815 9154 8423 8381 8453 8500 8395 7747 8363 8544 8267 8385 8515 8806 8026 7972 8949 8410 8262 8329 8824 8144 8924 8400 8329 9011 9026 8802 8040 8433 8045 8369 8189 8199 8432 8673 7865 8204 8492 7880 7711 8763 8876 8421 8188 8043 8179 8583 8037 8585 7969 8393 8196 8639 8710 7887 8451 8681 8455 8859 8277 8849 8647 8657 8566 8391 8724 8565 8701 7844 8175 8211 8479 7944 8553 8840 8732 8381 8385 7744 8656 8134 8423 8264 7985 7866 8581 8153 8389 8206 8113 8340 8413 8165 7955 8377 8305 8066 8648 8408 8312 8629 8630 8380 8075 8061 8225 8636 8672 8671 8524 8622 8706 8619 8766 8044 8073 8196 8170 8035 7867 8186 8574 8279 9358 8446 8527 8451 8269 7891 8293 8174 9000 7743 8115 7705 8226 8518 8498 8476 8522 8342 8773 8885 8353 8524 8135 8748 8283 8625 8288 8290 8455 9002 8842 8166 8291 8097 9007 8421 8667 8154 8081 8211 8026 8582 8424 8303 8235 8159 8366 8964 8945 8404 8404 8194 8327 8142 8579 8663 8342 8410 7967 8161 8530 8386 8913 8716 8455 8557 7690 8457 8334 8666 8176 8375 8433 8093 8354 8298 8177 8479 8415 8967 
7280 8330 8319 8192 8492 8019 8498 8318 7907 7814 8141 8213 7877 8553 8400 8369 8634 8251 8044 7780 8553 7652 7778 8250 8597 8333 7517 7972 7873 8218 7956 7518 7770 8004 8545 8339 7728 7635 8087 8122 8071 8455 7782 8085 8068 7842 8749 7919 8581 8125 8077 8060 8198 8037 8557 8285 8013 8712 8448 7921 7836 8575 8214 8028 8418 8132 8112 8230 8426 8422 8225 8664 7677 8438 7797 7795 8048 8186 8670 7740 7865 8062 8236 8309 8191 7906 8356 7977 8343 7836 7827 8217 8350 7746 8187 8808 8715 8513 8621 7730 8134 8590 8216 8444 8191 8225 8504 8205 7747 8298 8096 8162 7866 7661 8599 8049 7296 7755 8023 8520 8141 7913 7666 7461 8106 8784 8117 7731 8271 8608 8340 8269 8003 8209 8033 7771 7717 8051 8617 8303 7747 8396 7977 7518 7913 8349 8060 8541 8178 8004 7609 7885 8288 8271 7917 8504 8311 8121 7892 8067 8478 7806 8467 8189 8198 8262 8211 7874 8118 8195 8224 8606 7650 8839 8472 8428 8123 8126 7879 8160 8253 8124 7697 8168 8085 8004 8085 8769 8117 7784 8666 7821 8164 8322 8693 8046 8434 8529 8258 8176 8076 8414 8030 7807 7865 8549 8127 7927 8446 8360 7900 7832 8609 8359 7793 7884 8112 7826 8284 8129 7899 8980 8444 8439 8138 8420 7962 8284 8480 7911 8156 8169 7989 7962 8020 7750 7643 8532 8173 8140 7944 7709 7476 8388 8061 8416 7957 8340 7754 8319 8464 7954 8172 8431 8414 8197 7936 8153 8164 8424 8123 8272 8269 8079 8484 7879 8002 7953 8483 8397 8216 8430 8293 7884 8062 7869 8540 7876 8191 8523 7501 8130 8476 8018 7965 7817 7869 8376 8313 8023 7568 7808 8467 8254 8730 8084 7910 8262 8688 7753 8075 7980 8006 8318 7994 8567 8282 8036 8111 8392 8195 7608 8049 8133 7944 7868 7683 8024 8422 7671 8927 7915 8192 8330 8179 7443 7739 8192 8674 7597 8038 7470 8471 8076 8344 7987 8444 8104 8350 8323 8211 8285 7981 8635 8036 8471 7983 8031 8143 8404 8269 8171 8170 8064 8351 8269 8517 8009 7856 8355 7825 8039 8056 8271 7881 8153 8006 8389 8265 8102 8382 7981 8064 7957 8335 8213 8451 8529 7601 8018 8340 7817 8498 8151 8319 8440 7616 8174 8215 8262 8431 7933 8353 7822 8374 7991 7906 8271 8575 8929 
7147 7582 7942 7409 8425 7546 8155 7584 7625 7595 7805 7955 7035 7973 8190 7867 8167 7773 7378 7559 7978 7358 7471 8336 7986 7899 7290 7963 7415 7738 7448 7584 7663 7687 7961 7846 7438 7511 7605 7825 7668 8157 7802 7281 7469 7450 8101 7303 7696 7773 7648 7446 7653 7847 8152 7986 7544 8168 8340 7596 7225 7955 7629 7363 8067 7614 7982 7866 8123 7760 8283 7714 7444 7760 7706 7411 7751 7776 8145 7261 7521 7902 7798 8058 7974 7517 7903 7665 8099 7694 7723 7769 7896 7397 7385 8002 8127 8099 8295 7305 7811 8044 7639 7887 8042 7945 7787 7702 7430 7646 7663 7898 7439 7156 8527 7842 7542 7385 7449 7930 7480 7688 7143 7337 7830 8304 7997 7268 8038 8188 8006 7875 7498 7493 7849 7747 7468 7747 7639 7636 7745 8040 7370 7013 7539 7900 7535 8190 7696 7573 7249 7763 8307 8160 7560 7928 7552 8049 7677 7885 8140 7807 7804 7889 7599 7628 7974 7710 7683 7863 8045 8360 7445 8212 8104 7970 7452 7662 7360 7794 8089 7534 7636 7394 7414 7842 7731 8257 7652 7284 7918 7419 7921 7746 8457 7755 7995 8213 7753 7778 7794 7822 7789 7407 7599 8248 7655 7775 8056 7944 7690 7521 8428 7839 7820 7389 7892 7457 7946 7723 7755 8424 8187 8017 8014 8114 7660 7884 7920 7542 7543 8078 7589 7667 7487 7259 7169 7769 7864 7876 7445 7577 7494 8103 7780 8033 7946 7966 7174 8015 7951 7545 7600 8114 7732 7718 7383 7650 7780 7603 8056 7734 7593 7598 8170 7467 7529 7545 7809 7877 8301 7991 7948 7793 7281 7580 8266 7737 7862 7980 7208 7398 7927 7260 7928 7762 7302 7713 7553 7455 7318 7532 7766 7909 8092 7466 7676 8084 8169 7473 7567 7673 7641 7957 7978 7903 7751 7597 7800 7945 7649 7329 7875 7451 7582 7603 7115 7609 8328 7768 8514 7310 7491 7756 7608 7200 7452 7737 8451 7475 7547 7819 8003 7675 7430 7862 8051 7649 8302 8310 7689 8014 7283 8048 7668 7872 7408 7633 7966 8174 7968 7522 7578 7594 7966 7670 8438 7442 7366 7586 7263 7663 7649 7583 7497 7469 7822 8292 8142 7701 7497 7598 7685 7863 7782 7856 7711 7646 7211 7940 7770 7237 8004 7860 7823 8514 7396 7622 7963 8294 8173 7642 8082 7374 7673 7720 7662 7730 8001 8711 
7527 8194 8549 7888 8654 7888 8615 8217 8106 7404 8343 8230 7442 8319 8391 8288 8731 8339 7888 7775 8610 7949 8220 8365 8345 8065 7640 8119 8165 8178 7812 7476 7981 8276 8152 8568 8336 7892 8000 8040 8012 8560 8159 8152 7902 7673 8269 7870 8143 8176 7997 8025 8171 8173 8936 8250 8079 8534 8318 8097 8098 8593 8293 8024 8081 7824 8232 8158 8301 8794 8594 8588 7646 8559 8103 7327 8106 8072 8497 7405 7869 8153 8023 8202 8186 7643 7915 8050 8190 7943 8076 8109 8257 8058 8189 8452 8296 8632 8563 7796 8125 8663 7956 8660 8101 8209 8567 8301 8020 8280 8075 8237 7830 7886 8814 7904 7896 7786 8229 8240 8203 8331 7471 8039 7971 8853 8312 8023 8189 8619 7876 8528 8068 7927 8347 7975 7935 7935 8169 8263 7785 8657 8009 7621 8286 8332 8022 8691 7613 8268 7912 8174 8853 8346 7813 8362 8515 7910 7856 8016 8330 8374 8220 8188 7933 8444 8541 8228 8138 8378 8200 8547 7736 8845 8180 8468 8206 8436 8170 8145 8305 8051 7928 7963 7957 8179 8535 8356 8343 7638 8108 7399 8227 7730 8928 8072 8427 8441 8093 8316 8314 8164 8239 7367 8113 8047 7821 7930 8321 8186 8017 7914 8590 8230 7747 7893 8208 7737 8494 8209 8150 8981 9039 8428 7878 8426 7695 7877 8004 7975 7606 8345 8056 7920 8260 7704 7911 8470 8247 8189 8123 7952 7875 8237 8103 8524 8194 8015 7860 8535 8380 7983 7970 8526 8238 8337 7910 8290 8106 8460 8632 8377 7972 8173 8359 7889 7834 7845 8296 8466 8587 8647 8427 8120 7849 8040 8652 7866 8166 8659 7943 7967 8435 7419 8154 7887 7915 8061 8573 8106 7322 8124 8034 7953 8462 7858 7776 8653 8568 7925 8036 7968 7732 8849 8296 8567 8347 7960 8186 8659 8123 7546 8358 8067 8113 8011 7933 8296 8372 8080 8859 8124 8518 8124 7908 7200 7956 8044 8492 7588 8002 7869 7982 8211 7962 8641 8621 8156 8612 8660 8215 8157 7762 8415 8009 8316 7737 7916 8218 8395 8144 7887 7953 8076 8688 8452 8618 8265 7643 8266 7835 8080 8089 8227 7898 7721 8046 8369 8313 8217 7677 7985 7801 7976 8303 8557 8348 8370 7784 7800 8329 7711 8180 8330 8259 8268 7845 8285 8324 8708 8774 7799 8212 7908 8209 8338 7964 8216 8634 8753 
7500 8393 8312 8202 8399 8193 8818 8122 8072 7818 7932 8299 7522 8604 8695 8406 8819 8628 8016 8161 8725 8039 8105 8718 8525 8358 7743 8395 8116 8166 8099 7611 8071 8504 8574 8455 7922 8247 8217 8376 8396 8672 8296 8148 8104 7931 8610 7885 8400 8631 8091 8093 8335 8039 8369 8496 8284 8448 8655 8191 8037 8795 8133 8203 8551 8166 8332 8396 8448 8730 8477 8617 7916 8530 8072 7872 8399 8539 8752 7923 7843 8317 8424 8544 8359 8243 8494 8205 8473 8545 8025 8407 8583 7780 8224 8674 8551 9206 8789 7947 8657 8725 8129 8803 8218 8360 8763 8180 7903 8206 8290 8630 7925 7733 9168 8304 7896 7886 7952 8423 8487 8345 7963 7795 8568 9096 8441 7960 8513 9001 8463 8385 8004 8358 8227 8411 8057 8305 8568 8171 8309 8650 8144 7850 8456 8436 8242 8756 8011 8357 8048 8190 8805 8410 8190 8429 8671 8438 8096 8054 8162 8376 8702 8373 8024 8669 8386 8206 8219 8544 8437 8831 7866 9046 8246 8640 8179 8070 8169 8279 8630 7873 8142 8124 7899 8370 8735 8894 8107 7502 8752 8068 8536 8296 9175 8356 8756 8990 8321 8271 8414 8902 8482 7797 8390 8440 8344 8517 8382 8308 8166 8438 8896 8658 8153 8377 8618 8065 8376 8364 8203 9307 8723 8525 8495 8852 8065 8643 8596 8117 8156 8432 7801 8324 8483 8072 7766 8857 8375 8082 8222 8304 7854 8589 8355 8585 8015 8267 8110 8414 8966 7985 8479 8573 8356 8481 8116 8719 8135 8516 7992 8447 8447 8557 8843 8282 8224 8151 8504 8343 8692 8529 8578 8404 8169 8089 8752 7974 8100 8756 7803 8332 8431 7857 8144 8013 7949 8293 8508 8169 7872 8223 8309 8059 8481 8116 8064 8516 8630 8093 8028 8197 7956 8704 8458 8594 8758 8285 8243 8492 8618 8168 8342 8251 7960 7940 8353 8314 8379 8397 8780 8049 8498 8240 8196 7713 8055 7929 8621 7653 8338 8141 8461 8597 8194 8568 8589 8327 8398 8687 8137 8277 8127 8747 8196 8690 8030 8208 8520 8565 8527 8374 8301 8031 8732 8356 8748 8036 8060 8178 8063 8255 8243 8665 8135 8148 8309 8635 8527 7929 8090 8472 8084 8195 8652 8436 8284 8395 7884 8173 8455 7844 8552 7973 8407 8737 7764 8543 8325 8592 8616 8130 8251 7883 8036 8182 8236 8421 8935 9137 
6670 7556 7573 7505 7873 7298 8043 7352 7040 7011 7226 7235 6911 7486 7887 7474 7686 7760 7342 7514 7649 7084 7387 7664 8062 8038 7332 7345 7221 7677 7342 6882 7395 7408 7902 7753 7015 7226 7572 7337 7332 7639 7261 7527 7483 7231 7812 7462 7618 7453 6976 7371 7837 7128 7939 7793 7363 7927 7790 7411 7256 7682 7318 7490 7990 7459 7450 7328 8091 7999 7806 8139 6989 7662 7101 6899 7520 7027 7771 7072 7415 7720 7561 7537 7675 7328 7627 7322 7774 7490 7453 7652 7647 7286 7451 7799 7993 7766 7787 7329 7717 8367 7463 8064 7270 7903 7884 7455 7134 7577 7562 7892 7335 7378 8128 7342 6869 6962 7237 7570 7609 7699 6774 6760 7626 8006 7805 7352 7610 8004 7411 7479 7614 7258 7661 7333 7485 7512 7866 7454 7246 7689 7449 6815 7649 7308 7650 7973 7061 7536 7252 7460 7541 7542 7363 7895 7660 7385 7179 7193 7727 7394 8166 7423 7544 7393 7255 7413 7412 7308 7676 7982 7081 8093 7352 7523 7552 7697 7388 7605 7822 7393 7520 7284 7299 7595 7708 8107 7280 6944 7735 6808 7641 7579 8022 7571 7796 8069 7575 7550 7302 7665 7698 7165 7625 7481 7563 7132 7626 7851 7063 7155 7826 7649 7369 7651 7757 6949 7473 7588 7693 8233 7844 7954 7730 7777 7367 7451 7418 7449 7549 7638 7070 7632 7493 6882 7097 7861 7623 7621 7454 7293 7003 7705 7438 7956 7452 7281 7575 7669 7680 7540 7473 8060 7122 7718 7289 7727 7437 7730 7502 7562 7663 7326 8082 7274 7368 7191 7544 7482 7988 8104 7686 7622 7555 7346 8084 7524 7557 8086 6825 7401 7974 6986 7382 7428 7189 7667 7696 7756 6764 7372 7669 7505 7675 7398 7807 7773 7934 7453 7227 7265 7308 7801 7744 7806 7514 7363 7605 7953 7564 6871 7565 7584 7326 7229 7193 7298 8041 7531 8102 7422 7343 7658 7642 7087 7082 7421 7924 7265 7414 7152 7877 7941 7486 7376 7824 7756 8090 8020 7476 7523 7437 7758 7352 7830 7098 7367 8000 7943 7918 7668 7524 7605 7766 7727 7811 7220 7135 7452 7321 7513 7519 7724 7114 7320 7695 7787 8124 7695 7461 7326 7851 7356 7812 7742 7541 7495 7083 7421 7521 6970 7715 7583 7592 7894 7194 7664 7904 8011 7661 7349 7607 7133 7633 7464 7374 7488 7848 7940 
6813 8018 8080 8188 8184 8023 8794 8081 7761 7930 8104 8269 7502 8402 8202 8314 8534 8158 8123 7985 8511 7709 7784 8559 8875 8170 7841 8174 8072 8055 7587 7757 7866 7952 8389 8300 7844 7869 8064 8254 8319 8625 8397 8241 8007 7791 8524 7938 8424 8249 7617 8153 8130 7952 8601 8381 7981 8388 8236 7843 7854 8850 7959 8159 8613 8134 8505 8573 8516 8624 8293 8434 7450 8565 7864 7719 8230 8003 8437 7491 8173 8257 8230 8255 8101 7987 8392 8295 8372 7736 7838 8001 8408 7576 8263 8295 8452 8549 8258 8030 8135 8678 8121 8375 8089 8473 8639 8210 7894 8333 8073 8499 7804 7748 8880 8203 7296 7564 7993 8083 7695 8257 7907 7744 8121 8842 8378 7966 8453 8431 8004 8466 8094 7853 8297 8226 7947 8221 8380 8277 7592 8401 7967 7498 8272 8263 7854 8533 7860 7872 7804 8399 8197 8299 8162 8330 8257 8128 7942 8423 8370 8327 8251 8174 8036 8246 8379 8262 8443 8077 8157 8586 7865 8708 8717 8255 7699 8251 7780 8138 8533 8150 7677 8121 8137 7995 8052 8563 8019 7760 8285 7702 8081 8034 8729 8248 8467 8337 8294 8209 8077 8610 8402 7613 8226 8181 8057 8144 8091 8322 7804 7641 8400 8217 8018 8085 8377 7646 8439 8546 8252 9138 8839 8132 8255 8200 7767 8313 8391 7855 8487 8147 7954 7963 8146 7673 7859 8636 8315 8203 8299 8059 7696 8508 8197 8344 8133 7943 8080 8328 8588 8157 8343 8232 7843 8406 7643 7874 8286 8307 8266 8301 8197 7927 8453 7761 7912 8091 8378 8180 8347 8582 8482 7857 8016 7909 8259 7753 7930 8453 7438 7678 8556 7705 8334 7854 7639 8085 8534 8207 7385 8019 8453 8012 8373 8070 7826 8262 8493 7851 8003 8169 8025 8403 8069 8142 8193 8166 7937 8511 8062 7381 8207 8002 8185 7804 7960 8290 8243 8074 8942 8269 8099 8272 7846 7340 8209 7880 8891 7637 8069 7896 8206 7978 8305 8229 8494 8011 8651 8778 8186 8472 8031 8223 7942 8277 7784 8196 8086 8535 8557 8215 7846 8090 8675 8235 8236 8231 8168 8100 7838 8046 8108 8386 7729 7717 8292 8646 8795 8313 8300 8063 8312 8075 8334 8636 8194 8212 7605 8095 8535 7670 8315 8004 8382 8319 7761 8399 8287 8473 8185 8239 8252 7661 8245 8254 7974 8188 8603 8758 
7816 8834 8567 8283 8687 7951 9236 8145 7995 8206 8398 8437 7963 8540 8800 8318 9008 8470 8264 8466 8843 8073 8442 8705 8814 8695 8003 8554 8123 8520 8292 7877 8303 8341 8557 8442 8030 8132 8336 8314 8449 8653 8606 8448 7913 7936 8805 8271 8725 8640 8080 8014 8647 7958 8843 8772 8340 8743 8916 8047 8172 8877 8259 8486 8501 8343 8885 8468 8605 8869 8796 8783 7996 8741 8021 7792 8497 8053 8794 7984 8165 8578 8827 8289 8128 8296 8756 8310 8818 8042 8414 8474 8747 8320 8623 8750 8968 8805 8519 8028 8438 9183 8401 8700 8344 8894 8563 8404 8321 8560 8307 8412 8414 8081 9293 8130 7705 7869 7985 8728 8683 8202 7959 8173 8538 8963 8186 8218 8694 8927 8658 8839 8232 8212 8366 8468 8256 7992 8457 8530 8177 8812 8496 7846 8399 8625 8142 9035 8002 8599 8286 8445 8723 8555 8167 8365 8364 8815 8194 8357 8721 8516 8575 8228 8200 8557 8537 8631 8507 8664 8596 8615 8552 9196 8599 8779 8478 8616 8477 8437 8978 8334 8121 8283 8192 8328 8588 8800 8396 7704 8740 8088 7954 8313 8919 8653 8886 8828 8595 8536 8374 8709 8513 7761 8643 8273 8629 8452 8621 8859 7996 8218 8794 8546 8355 8403 8348 8083 8408 8304 8407 9100 9064 8389 8268 9111 7890 8535 8437 8065 8330 8567 8056 8355 8349 7672 8108 9138 8446 8567 8403 8486 7959 8843 8330 8781 8008 8787 8513 8690 9122 8489 8823 8901 8371 8950 8286 8699 8188 8723 8630 8220 8762 8412 8431 8474 8059 8262 8961 8724 8675 8801 8472 8565 8515 8104 8740 8402 8251 8752 7934 8462 8634 8382 8228 7946 7939 8430 8751 8303 7788 8366 8891 8239 8500 8304 8427 8739 8837 8317 8352 8053 8113 8582 8624 8535 8618 8448 8425 8727 8654 7965 8466 8200 8217 8278 7956 8525 8706 8462 9229 8676 8374 8523 8736 8054 8179 8366 8836 8067 8311 8221 8770 8499 8578 8525 9088 8429 8797 8882 8318 8596 8108 8679 8376 8704 8530 8513 8459 9094 8795 8351 8164 8415 8864 8480 8843 8341 8139 8339 8069 8095 8193 8524 8125 7975 8658 8709 8907 8889 8314 8589 8351 8445 8613 8592 8383 8292 7864 8276 8850 7940 8610 8297 8645 8589 8063 8395 8635 8655 8539 8217 8493 8151 8234 8654 8193 8698 8800 9038 
7816 8428 8484 8291 8680 8110 8861 8024 8211 7816 8194 8194 7585 8851 8581 8001 8786 8476 8372 8019 8583 7615 8164 8655 8686 8458 7860 8256 8275 8518 8063 7750 8234 8294 8609 8242 8206 7947 7988 8130 8516 8350 8213 8189 8281 7801 8905 8164 8466 8302 7922 8207 8309 7919 8600 8439 8238 8581 8485 8058 8038 8840 8490 8442 8814 8246 8520 8426 8695 8764 8310 8549 7700 8809 8273 8065 8408 8613 8796 7956 7751 8550 8390 8368 8455 8073 8154 8314 8704 8172 8277 8345 8484 8423 8313 8882 8537 9067 8608 8203 8336 8780 8170 8420 8193 8756 8796 8062 8109 8304 8389 8535 8001 7751 9226 8403 7822 7936 8093 8537 8313 8355 7812 7938 8296 8932 8215 8070 8431 9202 8197 8573 8299 7818 8266 8234 8040 8169 8621 8318 7653 8609 8292 7836 8379 8586 8148 8902 8114 8355 7920 8064 8701 8766 8280 8411 8474 8290 7988 8374 8418 8300 8490 8484 8453 8469 8528 8300 8324 8253 8325 8811 8147 8876 8611 8710 8113 8428 7765 8375 8658 8042 8010 8366 8179 8561 8471 8863 8296 7520 8582 7774 8264 8572 9091 8520 8559 8811 8565 8520 8131 8793 7917 7691 8174 8420 8133 8422 8697 8533 7953 7975 8868 8485 7949 8327 8569 7936 8353 8231 8450 8952 8702 8338 8072 8500 7868 8451 8333 8104 8422 8361 8060 8124 8318 7662 7735 8592 8490 8649 8051 7961 7931 8457 8283 8420 8461 8242 8436 8381 8679 8211 8216 8827 8276 8510 8184 8509 8137 8612 8461 8072 8703 8060 8798 7962 8211 7977 8653 7983 8447 8674 8410 8180 8306 7885 8831 8188 8186 8556 7309 8194 8699 7734 8116 8169 7807 8406 8469 8323 7595 8273 8258 8326 8426 7719 8081 8141 8405 7876 8313 7992 8077 8711 8454 8635 8495 8161 8482 8447 8555 7468 8360 7994 8286 8128 8188 8402 8473 8384 8940 8386 8578 8391 8435 7425 8482 7983 9090 7858 8168 8091 8225 8421 8587 7920 8451 8428 8538 8572 8368 8353 8166 8847 8258 8292 7883 8389 8259 8797 8592 8318 8421 8209 8891 8285 8586 8377 7928 8205 8077 8253 8372 8241 7879 8180 8192 8784 8822 8350 8382 7923 8109 8182 8303 8116 8050 8297 8001 8047 8599 7983 8583 8085 8596 8464 7822 8510 8785 8714 8314 8268 8620 7974 8249 8390 8502 8301 8680 8726 
7098 8286 8040 7848 8178 7678 8096 7988 7574 7602 7987 7688 7316 8174 8122 7910 8112 8249 7787 7732 8310 7357 7717 8278 8340 8372 7649 7578 8083 7930 7397 7510 8000 7839 8194 8075 7662 7342 7699 7802 7935 8002 7959 7839 7453 7443 8180 7704 8246 7856 7453 7910 8135 7616 8182 8296 7611 8211 8307 7702 7775 8121 7603 7744 8124 8242 7795 8173 8297 8269 8036 8101 7398 7906 7766 7212 7895 7920 8305 7325 7434 8186 7721 7950 7945 7775 7923 7902 8065 7753 7620 7739 8437 7659 7515 8336 8014 8556 8158 7857 7677 8492 7763 8416 7726 8168 8183 8155 7520 7786 7502 8035 7663 7442 8513 7830 7667 7603 7883 8103 8078 7869 7184 7634 7769 8472 7965 7681 7941 8196 7691 8299 7940 7675 7625 7720 7886 7812 7747 7787 7682 8125 7759 7131 8056 8152 7639 8747 7623 7672 7561 7743 8124 7872 7680 7957 7994 7999 7582 7891 8324 8134 8076 7919 7486 8172 7895 7712 7699 7979 7933 8350 7479 8683 7847 7977 7757 7950 7732 8176 7966 8068 7786 7947 7744 7865 8239 8194 7933 7161 7824 7242 8141 8005 8613 7686 8164 8471 7813 7977 8004 8244 7992 7679 8042 7921 7871 7942 8212 8087 7647 7696 8426 8193 7509 7795 7790 7903 8180 7791 8236 8485 8372 7926 7823 8019 7706 7731 7962 7746 7731 7940 7681 7699 7897 7338 7260 8155 8151 8307 7711 7987 7634 8151 7685 8154 7532 7909 7822 8014 8267 7605 8407 8310 7773 8194 7863 8003 7626 8058 7900 7673 8380 8066 8032 7513 7699 7881 7701 7416 8343 8257 8021 7888 7839 7649 8409 7763 7784 8058 7614 7778 7771 7486 8086 7691 7894 7968 8170 7689 7775 7597 7904 7636 8055 7539 8032 7697 8265 7907 7965 7745 7833 8376 8348 8110 8336 7930 7917 7987 8112 7271 8190 7473 7666 7563 7620 7798 8331 7743 8437 7749 7926 7935 7981 7216 7662 7461 8085 7459 7736 7791 8262 7773 7826 8040 8222 7977 7900 8273 7849 7981 7696 8136 7491 8154 7640 7742 7986 8473 7966 7939 7611 7692 8310 8112 8305 7347 7458 7522 7350 7928 8013 8143 7725 7818 7718 7965 8066 7718 7765 7668 7950 7668 7957 7847 7694 7815 7297 7923 8004 7526 8046 7932 7866 8306 7492 7991 7865 8056 8080 7798 7962 7423 7577 7634 7651 8167 8299 8620 
7468 8479 8582 8337 8282 8025 8682 8060 8521 8218 8181 8019 7695 8726 8728 8027 8337 8625 8046 8093 8800 7865 8243 8526 8839 8187 7914 8051 8275 8298 7938 7488 8309 8076 8581 8868 7923 8056 8036 8340 8341 8633 8476 8276 8132 8164 8596 8310 8450 8229 8309 7976 8514 8048 8751 8628 8449 8416 8683 8222 8151 8297 8360 8421 8540 8037 8289 8638 8445 8827 8440 8575 7807 8175 8041 7735 8477 8385 8771 7735 8096 8289 8248 8106 8686 8004 8531 7907 8622 8019 8414 8359 8737 8169 8018 8759 8849 8966 8735 8094 8361 8866 8213 8687 8147 8478 8840 8463 8261 8517 8375 8755 7879 7624 9010 8158 7740 7719 8417 8270 8180 8423 7568 7906 8173 8832 8112 8094 8679 9005 8247 8343 7900 7956 8178 8220 8146 8461 8610 8196 7890 8371 8471 7739 8174 8697 7889 8520 7910 8262 8110 8263 8686 8435 8063 8280 8561 8409 8206 8534 8690 8308 8305 8364 8535 8457 8373 8049 8221 8001 8529 9160 8011 8549 8733 8638 8134 8345 7885 8501 8577 7969 8116 8420 7849 8409 8451 8634 8220 8007 8569 8043 8266 8293 8395 8173 8545 8669 8563 8557 7987 8315 8020 7707 8445 8321 7997 8237 8658 8885 8118 8104 8551 8642 8266 8216 8356 8248 8237 8135 8671 9101 8859 8605 8548 8744 8123 8119 8490 7913 8117 8442 8195 8334 8022 7627 7879 8597 8265 8509 8022 8264 7698 8775 8289 8632 8283 8233 8054 8508 8657 8205 8888 8603 8357 8389 8068 8861 8238 8555 8582 8041 8602 8260 8718 8303 7927 8140 8251 7994 8457 8844 8293 8409 8193 7823 8615 8040 8545 8439 7968 8003 8571 7935 7955 8146 7956 8366 8246 8127 7441 8049 8496 8155 8564 8211 8288 8167 8913 7933 8524 8170 8243 8725 8810 8217 8773 8453 8249 8607 8405 7663 8544 8074 8316 8139 8028 8164 8669 8274 8835 8407 8526 7975 8191 7279 7968 8067 8582 8018 8573 8171 8309 8486 8498 8663 8696 8267 8529 8830 8244 8500 7956 8967 8196 8652 8050 8156 8290 8990 8657 8134 8213 8331 8547 8198 8675 8197 8102 8272 7894 8118 8012 8350 8217 8231 8240 8801 8569 8204 8643 8212 8534 8078 8305 8492 8032 8407 7462 8224 8274 7724 8485 8290 8338 8508 7582 8074 8288 8500 8279 7886 8200 8023 8354 8093 8200 8341 8506 8713 
6807 7364 8069 7564 8104 7554 8074 7617 7491 7087 7657 7223 7191 7891 7991 7777 7989 7959 7740 7430 7898 7228 7567 7877 8193 7565 7184 7920 7641 7701 7472 6966 7441 7603 7840 7661 7475 7476 7522 7734 7729 7750 7666 7573 7312 7209 7701 7502 8289 7747 7174 7448 7834 7463 7751 7781 7349 8063 8129 7501 7203 8029 7602 7634 8117 7553 7689 7317 8271 7905 7726 8200 7223 8030 7417 7369 7924 7817 7914 7237 7329 7627 7492 7871 8146 7447 8095 7601 7737 7697 7552 7518 7849 7281 7329 8102 8086 7980 8314 7650 7810 8242 7632 7935 7801 7911 8189 7682 7261 7577 7654 8143 7161 6999 8471 7401 7348 7624 7630 7691 7556 7482 7331 7365 7777 8357 7708 7640 8029 8421 7571 7775 7584 7584 7504 7575 7502 7567 8268 7693 7466 7952 7766 7057 7648 7926 7621 8165 7760 7797 7615 7633 8127 7902 7786 7990 8201 7922 7045 7796 7770 8082 7446 7512 7763 7481 8046 7378 7461 7578 8033 8026 7519 8421 7908 7763 7623 7802 7406 7601 7955 7762 7260 7694 7506 7932 8147 7872 7628 6990 7498 7330 7386 7930 8506 7534 7823 8036 7458 7823 7523 7779 7842 7102 7581 7876 7779 7710 7917 7976 7229 7536 8263 7685 7511 7640 7680 7296 7731 7841 7885 8425 8184 7741 7323 7808 7505 7585 7751 7305 7896 8061 7338 7530 7669 7386 7305 7749 7662 7770 7410 7406 7130 8093 7870 7703 7766 7661 7538 7632 7904 7534 7536 7829 7745 7958 7257 7857 7709 7888 7674 7583 7780 7669 8488 7159 7336 7510 7783 7395 7953 7877 7714 7786 7813 7539 8166 7222 7900 7991 7178 7475 7892 7041 7586 7631 7421 7705 7725 7372 7033 7358 7497 7642 8003 7579 7460 7496 8230 7341 7801 7455 7815 7815 7744 7733 7871 7812 7475 7748 8023 7176 7754 7481 7490 7524 7393 7816 8183 7395 8299 7600 7684 7838 7299 6815 7467 7501 8339 7347 7753 7513 7949 7405 7424 7828 8003 7869 7896 8031 7510 7924 7353 7836 7456 7979 7309 7652 7393 8310 8042 7622 7758 7527 8137 8026 7773 7456 7118 7384 7430 7568 7443 8125 7604 7471 7514 8214 7937 7661 7509 7273 7788 7419 7811 8072 7400 7798 7193 7810 7979 7316 7733 7630 7972 8113 7290 7904 7654 7930 8086 7721 7954 7713 7598 7649 7707 7802 7923 8159 
7370 8128 8561 7775 8669 7810 8597 7770 8063 7716 8152 8033 7594 8724 8302 8113 8587 8046 7968 8163 8570 7845 8105 8386 8586 8016 7951 8097 7831 8193 7531 7309 8037 7875 8294 8838 8018 7829 8122 8245 8248 7955 8122 7810 7871 8085 8489 7811 8332 8323 8070 8287 8294 8083 8599 8497 7859 8572 8821 7807 7789 8440 8181 8052 8587 8071 8240 8490 8683 8318 8390 8576 7698 8370 7886 7903 8199 8247 8599 7659 7873 8397 8011 8094 8268 7773 8416 8090 8307 8009 8268 8190 8133 7909 8246 8813 8838 8617 8751 8018 8281 8907 7891 8657 7713 8182 8386 8172 8060 8144 8038 8679 7761 7668 8881 8104 8010 7878 7859 8450 8444 7999 7535 8186 8146 8848 8147 7738 8150 8729 8369 8076 8126 8008 8553 8117 7940 8180 8567 8214 8066 8358 8173 7857 8159 8026 8227 9051 8019 8389 7735 7886 8729 8435 7891 8138 8409 8291 7693 8235 8159 8116 8262 8190 7919 8161 8342 7931 8139 8221 7970 8567 7876 8734 8276 8170 8164 8265 7946 8073 8645 7879 7656 8144 7831 8318 8397 8526 8327 7242 8127 7812 8170 8027 8685 8338 8627 8677 7971 7906 8043 8474 8078 7726 8234 7977 8035 8079 8375 8477 7679 7912 8626 8411 7913 8146 8188 7861 8217 8026 8365 8961 8909 8253 7878 8528 7689 8234 8231 7916 7865 8205 8355 7926 8032 8007 7940 8140 8410 8162 7985 7879 7638 8544 8420 8363 7825 8090 7990 8563 8465 7878 8147 8360 8182 8372 8057 8319 8104 8070 8351 8338 8296 8199 8431 8015 8157 7976 8650 8132 8546 8361 8366 8278 8186 8101 8756 7853 8311 8473 7729 8128 8732 7931 7878 7556 7446 8189 8187 8105 7599 7901 8286 7878 8237 7688 8208 8361 8605 8223 8016 7974 7833 8593 8608 8156 7967 8230 8570 8228 8172 7173 8531 7850 8210 7958 7848 8201 8053 8120 8448 8027 8321 8219 8147 7415 8018 7996 8450 7628 7810 7926 8071 8341 8060 8225 8355 7980 8519 8483 8152 8279 7858 8339 8005 8436 7599 8235 8129 8496 8396 8032 7892 8108 8439 8142 8264 8061 7911 8373 7692 7993 7820 8399 8183 8017 8135 8415 8092 8258 8215 7772 8072 8187 8638 8082 8234 8194 7541 7813 8295 7336 8509 8173 8209 8408 7656 8314 8421 8607 8725 7815 8310 7892 8162 8130 8249 8444 8636 8834 
7167 8012 7984 7980 8025 7867 8194 7820 7786 7300 7599 7419 7310 8217 7961 7848 7928 7711 7634 7657 8148 7366 7460 8268 8000 7854 7418 7553 7765 7844 7124 7219 7908 7591 8004 7800 7698 7637 7776 7656 7831 8267 7516 7753 7279 7488 8198 7495 8307 7947 7396 7642 8078 7592 8142 7952 7644 8128 8073 7954 7419 8190 7765 7589 7810 7588 7962 7661 7979 7799 8187 7921 7266 7515 7802 7295 7754 7712 8068 7540 7685 7947 7801 7539 7930 7564 7872 7879 7904 7563 7784 7501 8020 7348 7337 8122 8049 8141 7878 7715 7761 8444 7317 8184 7518 8108 8067 7917 7222 7995 7739 8005 7381 7407 8351 7849 7116 7490 7733 7953 7764 7827 7354 7034 7568 8296 7688 7636 8116 8079 7810 8001 7481 7790 7830 8011 7663 8154 7970 7776 7297 8122 7534 7233 7866 7860 7586 7894 7216 7686 7669 7611 8213 7712 7531 7937 8133 7648 7570 7743 8388 7559 7850 7516 7841 7556 7854 7324 7676 7864 7846 8274 7575 8360 7830 8049 7575 7773 7510 7565 7971 7794 7433 7568 7285 7793 7853 8165 7611 7326 7738 7234 7900 7800 8196 7805 7845 8126 7903 7924 7909 8036 7241 7480 7645 8007 7375 8073 8083 7826 7604 7603 8090 8035 7455 7650 7762 7530 8118 7432 7868 8416 8223 7903 7708 7853 7588 7828 8029 7226 7639 7840 7784 7402 7727 7527 7407 7750 8032 7854 7536 7625 7240 8120 7602 7860 7497 7761 7627 8074 8325 7355 7811 8151 7856 8121 7510 7987 7520 7991 7808 7621 7925 7730 7979 7769 7732 7805 7802 7602 7858 8092 7816 7284 7477 7767 7963 7524 7669 8115 7065 7756 7996 7469 7829 7444 7558 7617 7747 7761 7100 7560 7727 8099 7811 7437 7621 7746 8092 7531 7689 7654 7774 7966 7845 7938 7840 7607 7531 7720 7803 7344 7816 7749 7769 7455 7455 7952 7903 7818 8392 7592 7710 7752 7671 6958 7627 7509 8147 7396 8268 7784 8156 7983 7579 7965 8080 7767 8193 8219 7805 7897 7803 8182 7713 7986 7499 7285 7529 8011 7593 7702 7637 7788 8114 7773 8333 7369 7575 7807 7377 7682 7835 7782 7724 7268 7966 7757 7901 7398 8038 7476 7864 7532 7833 7925 7760 7653 7229 7508 7860 7293 7984 7668 7897 8120 7201 7704 7770 7984 7775 7503 7949 7800 7697 7855 7508 7757 7892 8375 
7422 8259 8255 7819 8494 8002 8752 7820 7826 7771 7866 8034 7170 8456 8470 8097 8656 8318 7951 8022 8321 7839 8181 8575 8726 8207 7730 8205 8306 8215 7814 7662 8200 8047 8494 8313 7939 7836 8146 8215 8152 8477 8157 7989 7882 7931 7966 8206 8345 8328 7950 7900 8314 7628 8553 8214 8070 8707 8480 8035 8102 8588 8284 8366 8599 8232 8212 7760 8472 8615 8361 8120 7851 8573 7735 7621 8417 8102 8456 7744 7801 8443 8205 8135 8202 8452 8088 7814 8297 7841 7868 8061 8265 7671 8271 8198 8522 8632 8431 8102 8172 8785 7923 8675 8170 8478 8720 8088 8061 8257 7973 8380 7734 7774 8872 7998 7807 7938 7697 8349 8100 8088 7982 7757 8063 8797 7915 7545 8484 8781 7873 8668 8498 7959 8170 7984 7972 7985 8862 8058 7784 8289 7955 7371 7908 8370 8186 8595 7912 8164 7779 8171 8556 8540 7952 7973 8159 8503 7809 8259 8260 8209 8254 8049 8186 8150 8102 8016 7984 8338 8156 8873 7942 8457 8104 8072 8080 8241 8018 8071 8393 8033 7498 7826 7680 8194 8675 8405 8459 7353 8212 7674 7802 8105 8778 8292 8384 8510 8087 8158 8186 8776 8112 7597 8286 8043 8230 8136 8339 8448 7902 7827 8497 8375 7941 8187 8263 7727 8151 8212 8387 9017 8438 8221 8009 8520 8018 7802 8082 7756 8062 8361 7992 8313 8075 7637 7883 8418 8282 8281 7843 7932 7512 8416 8026 8462 8109 7980 8284 8634 8185 7909 8195 8781 8123 8094 8162 8822 7741 8409 8139 8146 8081 8051 8355 7881 8241 7906 8307 8315 8471 8624 8267 8080 7915 8300 8618 8072 7831 8456 7365 7842 8483 7623 8158 7651 8017 8251 8235 8021 7466 7855 7986 7995 8353 8100 7941 8112 8442 8131 7933 7813 7976 8560 8509 8095 8198 8137 8203 8408 8586 7527 8164 8082 8124 8143 7934 8230 8009 8062 9113 7993 7928 8155 8178 7424 8109 7960 8748 8038 8268 8198 8278 8249 7968 8007 8775 8200 8727 8595 7962 8189 7953 8547 8293 8456 7690 8232 8373 8855 8023 8193 8193 7950 8683 8342 8403 7887 7924 7942 7877 8031 8364 8386 7936 7853 8715 8360 8419 8219 8212 8057 8037 8235 8181 8407 8234 8280 7636 8043 7929 7832 8588 8080 8392 8293 7744 8042 8579 8345 8754 8186 8579 7677 7889 8141 7983 8016 8274 8591 
7420 8198 8577 8195 8190 7948 8546 8113 8284 7785 8058 7768 7615 8420 8371 7966 8330 8110 8159 7774 8487 7912 7968 8383 8480 8355 7833 8023 8207 8373 7917 7586 8008 8240 8145 8150 7988 7865 8315 8424 8643 8289 7976 8272 8063 7716 8585 7852 8348 8116 7832 7954 8305 7843 8707 8685 8177 8789 8600 8101 7845 8550 8210 7823 8439 7742 8311 8198 8344 8638 8425 8405 7609 8527 7884 7666 8446 8130 8622 7712 8034 8121 8218 7975 8361 7792 8182 8005 8419 7900 7892 7995 8159 7436 8051 8417 8359 8559 8893 7917 7935 8344 7927 8833 8034 8044 8769 8188 7864 8198 8220 8452 7701 7571 8830 7802 7758 7822 8037 8336 8152 8183 7791 7811 8109 8726 8200 7861 8486 8822 7974 7808 8129 8159 8387 7937 7886 8194 8516 8161 7974 8437 8256 7790 8357 8159 7850 8610 8003 7989 8165 7939 8687 8001 8007 8396 8287 8185 8009 7893 8263 8422 8214 8010 8117 8247 8502 8110 8102 8261 8314 8676 7967 8599 8215 8313 8274 8274 7756 8177 8594 7945 7765 8068 8046 8437 8475 8555 7821 7467 8479 7515 8222 8073 8810 8380 8538 8947 7949 8395 7973 8430 8328 7515 7959 8060 8132 8153 8449 8002 7580 7923 8448 8417 7841 8179 8349 7710 8360 7641 8238 9109 8611 8337 8071 8357 7635 8196 8362 8138 8357 8483 8006 7912 8164 8090 8037 8798 8128 8321 7810 8062 7618 8139 8319 8473 7928 8190 7941 8248 8551 8254 8266 8867 8171 8188 8098 8486 8073 8495 7833 8429 8334 8152 8606 8003 7981 7870 8404 8094 8128 8478 8048 7923 8025 7928 8381 7830 8144 8741 7615 7746 8597 7772 8044 7872 8051 8516 8338 8020 7439 8102 8257 8334 8658 8154 8065 7928 8621 8051 7841 8121 8086 8606 8438 8142 8200 8277 7922 8262 8579 7982 8410 7995 8050 7805 8224 8302 8072 8475 8499 7985 8069 8112 8003 7499 8059 8206 8700 7782 7924 7836 8376 8384 8431 8318 8679 8311 8399 8548 8293 8382 7664 8529 8241 8532 7628 8162 8228 8419 8337 8075 8069 7672 8559 8104 8536 8003 7940 8115 7985 8248 8297 8470 8183 7819 8202 8369 8282 8011 8116 8061 7827 8068 8360 8135 8234 8208 7367 7902 8055 7788 8339 8287 8239 8077 7580 8069 8256 8761 8588 7880 8199 8026 8317 8371 8070 8319 8271 8749 
7330 8554 8249 7912 9013 8143 8385 7578 7814 7768 8274 7941 7944 8559 8692 8309 8587 8337 7943 8146 8382 8120 8194 8542 8498 8186 7727 8134 7852 8453 8037 7962 8100 8359 8485 8475 8382 7841 8204 8371 8512 8436 8099 8088 8055 7786 8623 7663 8545 8143 7861 7910 8387 8128 8422 8670 8295 8363 8543 8374 7700 8508 8290 7922 8464 7963 8378 8113 8472 8251 8345 8622 7899 8447 8175 7943 8475 8039 8542 7620 7852 8294 8332 8432 8372 7851 8608 8024 8164 8243 7978 8142 8292 8091 8190 8460 8621 8788 8530 8062 8209 8805 7734 8775 8182 8407 8511 8325 8078 8407 8039 8378 8068 7604 8754 8079 7893 7584 7661 8366 7956 8223 7715 7910 8246 8878 8071 7699 8541 8598 8230 8579 8218 7995 8443 8229 7826 8096 8645 8011 7857 8561 8153 7569 7988 8262 8184 8808 7887 8000 8002 7878 8751 8365 7955 8259 8321 8246 7870 8267 8456 8217 8583 8051 7931 8156 8359 8027 8317 8679 8660 8748 8178 8954 8265 8482 7890 8467 7910 7947 8469 7986 7817 7969 7959 8451 8470 8466 8173 7829 8405 7783 8328 8113 8946 8215 8447 8754 8002 8317 7928 8457 8272 7460 8110 8525 7900 8086 8495 8381 7658 7826 8576 8184 8050 8047 8323 8151 8450 8079 8074 9054 8537 8152 8390 8196 7621 8238 8486 8022 8003 8721 7991 8083 8092 7969 7861 8397 8722 8428 7711 7946 8100 8537 8344 8628 7842 8076 7893 8835 8623 7986 8206 8287 8216 8234 7984 8687 8145 8327 8268 8262 8494 8335 8683 8146 7959 8282 8434 8010 8603 8513 8174 8248 8431 7868 8579 8195 7981 8427 7717 8103 8274 7904 8380 7971 7993 8070 8103 8112 7280 7836 8254 8019 8633 8214 8188 8565 8479 7946 8096 8208 7970 8395 8252 8089 8644 8253 8088 8387 8458 7749 8644 8266 7979 7841 7613 8305 8493 8446 8812 8249 8115 8130 8026 7566 7960 7916 8973 7644 8055 8253 8092 8163 8298 8299 8592 8076 8605 8960 7881 8147 8057 8326 8110 8418 7625 8490 8342 8603 8550 7995 8080 7945 8472 8394 8852 7721 7461 8015 7676 7664 8043 8267 8013 7961 8095 8276 8599 8252 7983 8074 8062 8125 8269 8417 8108 8376 7536 8166 8343 7688 8371 8099 8183 8492 7692 8240 8102 8591 8329 7791 8397 7974 7903 8034 7882 7904 8419 8981 
7215 8022 8334 8170 8310 8063 8365 7687 7668 7371 7856 7818 7636 8309 8098 7700 8228 8150 7867 7707 8183 7767 7842 8003 7978 8095 7565 8114 7547 8095 7449 7342 7901 7802 8159 8009 7385 7657 7707 7887 8133 7894 7687 7901 7541 7665 8046 7561 8326 7793 7775 7840 8261 7577 8232 8281 7699 8384 8243 8234 7447 8468 7628 7977 8159 7723 8126 7804 8078 8218 8017 7995 7414 7997 7784 7402 8191 7781 8495 7724 7516 7971 8153 7939 8071 7567 7995 7824 8476 7782 7514 7836 8052 7607 7731 8096 8057 8508 8186 7793 8027 8414 7820 8459 7785 7974 8406 7890 7664 8015 7945 8146 7629 7684 8382 8062 7130 7542 7520 8136 8098 8091 7541 7551 7849 8525 7732 7662 8176 8291 7981 8121 7480 7836 7852 7926 7442 8389 8102 7617 7587 8117 7830 7580 7767 8251 7778 8112 7845 7668 7676 7777 8489 8057 7622 7748 8055 7929 7938 7908 7867 8253 7669 7790 7681 7825 8150 7835 7818 8088 8308 8164 7755 8133 7721 8129 7556 8176 7768 8041 8261 7627 7669 7749 7512 8063 8259 8193 7720 7045 8183 7591 8037 8038 8508 7974 8109 8534 7924 7854 7989 8222 8016 7610 7889 8037 7764 7974 8243 7949 7563 7622 8423 7777 7916 7843 8165 7699 7984 8083 8398 8699 8373 8213 7973 8091 7765 7905 7910 7484 7862 7988 7436 7807 7926 7628 7641 8497 7856 7864 7729 7660 7453 8103 7815 8125 7800 8073 7931 8011 8271 7521 7740 8295 8178 7945 7814 8253 7764 8244 7888 7829 8037 7741 8242 7530 7840 7625 7877 7843 8484 7977 8292 7705 7943 7802 8476 7758 8192 8175 7384 7874 8248 7540 7846 7480 7720 7871 7829 7842 7270 7820 7997 7789 7922 7964 7961 7884 8250 7928 7926 7657 8005 8200 8076 8245 8323 7858 7919 8229 8216 7468 7816 7786 7619 7758 7755 7911 8114 7875 8635 8022 8040 7979 8077 7218 7832 7971 8235 7535 7757 8029 8030 8267 7945 7804 8239 7867 8111 8285 8011 8177 7594 8337 7961 8226 7449 8109 8094 8226 7995 7673 8001 7471 8439 8185 8350 7782 7779 7318 7676 7720 7798 8286 7691 7846 7979 8135 8118 7860 7861 7735 8071 7637 8298 8067 7822 7924 7556 7923 7882 7690 8258 7894 8180 7934 7202 8277 8053 7976 8156 7688 8026 7969 7919 8078 7918 7866 8122 8327 
7276 8207 8371 8196 8370 7921 8540 7965 7843 7787 8145 7824 7509 8670 8199 8212 8596 8371 8132 7844 8220 7825 8001 8438 8307 8213 7829 7937 8129 8377 7929 7575 8014 8075 8450 8402 7728 7712 8098 8023 8195 7996 8036 8038 8004 8182 8438 8095 8254 8174 7638 8174 8235 7780 8292 8469 7841 8604 8601 8027 7581 8525 8190 8110 8292 7843 8454 8084 8450 8749 8210 8416 7887 8378 8075 7802 8192 7809 8502 7491 7756 8201 8050 8261 8134 7814 7997 7955 8252 7906 7919 8014 8262 7784 8080 8529 8356 8423 8571 8272 8112 8729 7914 8445 8103 8005 8788 8012 7889 8038 8115 8292 7715 7711 8640 7910 7641 7690 7328 8167 8006 8172 7562 7745 8152 8664 7757 7725 8435 8626 8006 8437 7914 7921 8150 7970 7753 7866 8512 8521 7646 8147 8219 7328 8214 8174 7712 8779 7721 8077 7715 7988 8454 8360 8122 8183 8576 8052 7903 8119 8179 8299 8260 7829 8190 8407 8054 7859 7768 8230 8228 8597 7862 8823 8130 8527 8229 8092 7926 8043 8349 7982 7494 7855 7693 8137 8595 8499 8267 7312 8067 7002 7944 8229 9215 8386 8073 8734 7967 8237 7894 8378 7834 7523 7939 8330 8168 8207 8323 8281 7809 7552 8248 8107 7913 8340 8329 8130 8003 8003 8223 8892 8777 8072 7941 8427 7598 7963 8048 7689 8095 8216 7842 8148 7852 7711 7441 8283 8277 8053 7721 7791 7734 8497 8028 8598 7727 8008 7963 8645 8514 7854 8100 8526 8286 8415 7990 8409 7775 8190 8048 7877 8417 7986 8777 7953 7794 7820 8312 7904 8406 8234 8233 7943 7856 7964 8516 8053 8354 8488 7477 8055 8405 7419 7891 7983 7811 8343 8171 7908 7573 8093 7989 8318 8623 8341 7922 8297 8522 8128 7910 8081 8139 8546 8520 8281 8374 7987 8241 8485 8171 7400 8073 7979 7928 7906 7961 8313 8445 8120 8786 8189 8099 8149 7670 7398 7922 7649 8915 7779 7823 8032 7969 8250 8025 8074 8453 8329 8274 8143 8048 7965 7430 8585 8208 8292 7546 8305 8200 8439 8368 8056 8101 7898 8708 8391 8424 7861 8089 7980 7910 7816 8055 8170 7930 7766 8155 8455 8158 8032 7728 7914 7675 8148 8139 8450 8123 8353 7431 7767 8039 7989 8250 7721 8037 8359 7601 8283 8254 8397 8641 7999 8185 7457 7925 8334 8011 8329 8422 8848 
7681 8836 8867 8736 9109 8492 9068 8604 8391 8334 8649 8666 7745 8948 8812 8504 9041 8663 8483 8327 9369 7967 8285 8979 9176 8625 8134 8387 8567 8650 8253 7930 8431 8618 8837 8583 8114 8188 8559 8702 8630 9002 8539 8603 8000 8415 8988 8586 8862 8681 8706 8512 8424 8624 9215 9052 8518 9180 9070 8324 8475 8729 8671 8634 8914 8478 8680 8539 8882 8988 8823 8880 8021 8970 8233 8430 8637 8738 9182 8424 8440 8884 8946 8522 8609 8184 8764 8809 8810 8188 8553 8606 8745 8142 8548 9180 9088 9226 9004 8588 8766 8922 8648 8994 8694 8886 9235 8682 8211 8525 8675 8728 8297 7814 9502 8323 8248 8354 8391 8722 8636 8865 8043 8213 8740 8868 8449 8350 8955 9196 8643 9036 8439 8659 8710 8553 8477 8676 8661 8566 8293 8704 8359 7669 8464 8950 8617 9269 8207 8424 8387 8514 9199 8889 8663 8474 9010 8535 8256 8487 9232 9062 8451 8319 8755 8353 8866 8665 8226 8884 9124 9458 8035 9502 8867 8639 8254 8765 8213 8481 8905 8431 8301 8606 8476 8657 8887 8994 8698 8063 8851 7984 8473 8980 9342 8708 8638 9027 8843 8718 8509 9109 8276 8166 8454 8853 8158 8828 8993 8937 8525 8255 9017 8854 8185 8591 8439 8653 9032 8701 9207 9503 9085 8878 8398 8905 8230 8575 8733 8233 8594 8800 8229 8254 8635 8171 8168 8947 8669 8499 8503 8272 8248 8894 8849 8807 8690 8477 8393 8969 8737 8504 8708 8885 8532 8745 8498 8875 8678 8725 8537 8313 8882 8805 9109 8272 8429 8377 8631 8456 8995 9019 8494 8543 8441 8518 8983 8335 8718 9109 8097 8090 8793 8134 8664 8215 8091 8850 8796 8461 7714 8035 8822 8617 9199 8207 8350 8552 9111 8448 8608 8197 8575 8812 8981 8786 8760 8914 8718 8764 9044 8150 8632 8534 8478 8110 8441 8720 8781 8629 9325 8324 8583 8714 8610 7530 8185 8489 9095 8173 8398 8525 8822 8925 8668 8697 8928 8538 8816 8891 8667 8480 8490 9299 8741 8806 8306 8417 8749 9033 9024 8704 8687 8312 8840 8485 8996 8410 8563 8635 8365 8480 8508 8809 8674 8207 8732 8668 9192 8728 8882 8628 8660 8298 8544 8789 8935 8650 8026 8590 8664 8073 8745 8852 8682 8906 8288 8665 8683 9147 8901 8495 8542 8303 8533 8483 8520 8526 8914 8952 
6800 7671 7652 7661 8213 7525 8032 7428 7506 7208 7760 7516 6881 8126 7680 7591 7836 7916 7735 7446 7917 7235 7676 7574 7740 7828 7225 7974 7731 7634 7075 6984 7577 7779 8089 7520 7261 7031 7719 7588 7579 7871 7439 7668 7582 7218 7794 7376 7674 7822 7432 7228 7800 7333 8133 7935 7476 7918 8179 7448 7299 8123 7146 7358 7671 7551 8043 8033 8028 7786 7808 7831 7079 8061 7493 7080 7622 7573 7867 7297 7637 7916 7366 7703 7404 7195 7846 7116 7639 7452 7492 7533 7780 7035 7151 7838 7869 8331 8032 7756 7427 8020 7508 8153 7712 7528 7801 7435 7204 7602 7280 7781 7346 7119 8184 7445 7172 7094 7129 7597 7486 7359 6880 7252 7308 8219 7820 7413 7978 7755 7554 7653 7487 7463 7589 7291 7413 7893 7763 7846 7475 7875 7341 6769 7884 7454 7559 7965 7238 7859 7296 7608 7858 7635 7492 7689 7924 7289 7175 7541 7683 7622 7554 7345 7490 7738 7512 7331 7659 7727 7968 8127 7519 8432 7672 7386 7585 7709 7313 7381 7847 7545 7461 7387 7454 7541 7863 7936 7772 6991 7653 6992 7717 7239 7938 7462 7826 7983 7608 7887 7680 8070 7848 7491 7557 7599 7513 7568 7709 7690 7406 7249 7683 7600 7320 7038 7680 7053 7898 7435 7856 8136 7917 7680 7711 7674 7315 7542 7517 7238 7742 7392 7216 7602 7607 6963 7272 8067 7841 7377 7508 7301 7298 7920 7518 7852 7571 7571 7438 7888 7770 7502 7909 7842 7699 7681 7278 7906 7833 7696 7387 7517 7843 7795 7871 7479 7371 7432 7605 7389 8070 7747 7819 7571 7354 7652 7946 7394 7374 7587 7566 7282 7857 7007 7755 7436 7318 7433 7423 7506 7022 7377 7683 7798 7895 7378 7337 7820 8080 7393 7704 7324 7582 8082 7763 7711 7752 7540 7680 7734 7456 7066 7521 7472 7320 7575 7500 7652 7643 7488 8236 7492 7557 7149 7384 7139 7590 7401 7715 7226 7567 7378 7770 7702 7548 7719 7943 7263 7721 7824 7726 7817 7429 7687 7442 7576 7300 7246 7585 7700 7892 7263 7158 7146 8128 8103 8007 7389 7361 7392 7199 7112 7624 7756 7054 7225 7699 7887 7741 7620 7563 7740 7661 7354 7751 7600 7610 7683 7142 7642 7606 7423 7509 7590 7863 7565 6989 7713 7180 8051 7754 7495 7596 7483 7381 7444 7722 7709 7918 7788 
7618 8565 8593 8153 9019 8111 8749 8228 7971 8490 8594 8395 8223 8613 8854 8630 8898 8601 8163 8402 8558 7896 8259 8533 9012 9080 8080 8514 7990 8786 8097 7807 8152 8642 8643 8454 8262 8296 8483 8433 8589 8555 8418 8321 8220 8077 8836 8284 8999 8842 7996 8292 8454 8214 8692 8706 8259 8846 8725 8538 8275 8667 8401 8127 8757 8434 8666 8750 8667 8865 8695 8762 7705 8564 8021 8060 8528 8060 8794 7909 8403 8871 8210 8544 8410 8331 8839 8223 8700 8425 8232 8681 8615 8136 8572 8648 8938 8466 8712 8432 8543 8871 8377 8997 8476 8828 8440 8492 8190 8699 8188 8790 8288 8172 8806 8343 8026 7984 8038 8545 8506 8420 7985 8180 8220 9151 8301 8113 8328 8882 8601 8585 8685 7669 8422 8595 8258 8239 9009 8597 8050 8769 8521 7830 8795 8691 8054 9053 7915 8534 8208 8571 8630 8511 8582 8453 8430 8496 8147 8578 8669 8743 8352 8321 8289 8358 8354 8202 8279 8652 8788 8955 8712 8835 8807 8559 8563 8822 8224 8408 8646 8556 7976 8257 8090 8590 8819 9072 8594 7727 8532 7813 8388 8263 9228 8379 8485 9025 8185 8691 8317 8488 8429 7927 8444 8401 8404 8424 8715 8708 8188 8030 8462 8596 7886 8381 8713 8400 8557 8270 8562 9186 8811 8836 8424 8650 8165 8545 8493 8251 8207 8401 8358 8421 8190 8097 8039 8778 8717 8728 8147 8496 7841 8648 8392 8496 8419 8595 8296 8871 8744 8715 8604 8706 8516 8783 8386 8768 8444 8525 8333 8620 8637 8346 8828 7946 8532 8423 8878 8673 8755 8890 8427 8316 8139 8391 8926 8385 8472 8984 7435 8578 8622 8096 8399 8107 8192 8890 8533 8345 8043 8070 8438 8625 8810 8498 8373 8381 9016 8426 8429 8902 8273 8719 8834 8665 8716 8675 8485 8760 8675 8160 8560 7967 8070 7892 8138 8688 8619 8251 9263 8410 8069 8529 8454 7993 8076 8678 8930 8133 8342 8258 8635 8490 8420 8447 8722 8469 8617 8937 8227 8362 8038 8673 8124 8602 8038 8489 8615 9073 8751 8461 8391 8209 9058 8954 8647 8206 8062 8669 7877 8390 8105 8796 8151 8315 8401 8511 8674 8450 8333 8149 8249 8301 8392 8304 8310 8599 7921 8406 8648 8052 8313 8484 8449 8871 7738 8343 8482 8744 8804 8381 8657 8123 8303 8133 8344 8581 8787 9108 
6823 7585 7833 7562 7816 7159 7827 7540 7526 7542 7757 7752 7043 7826 7779 7558 7958 7851 7566 7586 8068 7322 7341 7944 8157 7693 7368 7860 7889 7717 7228 7055 7327 7389 7882 7693 7150 7539 8018 7724 7545 7779 7654 7734 7559 7659 7745 7179 8030 7731 7519 7565 7727 7639 7934 7699 7133 7771 7905 7865 7270 8027 7782 7668 7974 7368 8066 7923 7877 7967 7841 7703 7390 7732 7620 7302 7780 7475 7827 7269 7110 7530 7736 7670 7340 7383 7787 7561 7814 7601 7582 7588 7661 7365 7708 8037 7899 8153 8322 7432 7622 8199 7468 8145 7560 7933 8037 7735 7102 7573 7557 7467 7146 6839 7889 7490 7045 7179 7288 7887 7657 7497 7263 7160 7431 8389 7573 7751 8085 8002 7731 7868 7599 7354 7524 7277 7407 7686 7914 8042 7629 7883 7565 6990 7675 7738 7606 8157 7314 7232 6805 7718 7966 7812 7608 7324 7453 7770 7558 7789 7779 7662 7877 7416 7344 7699 7851 7577 7611 7912 7630 8109 7161 8345 8192 7626 7662 8278 7265 7704 8293 7690 7384 7914 7253 7658 7584 7739 7615 7298 7785 6996 7436 7650 8137 7799 7798 7811 7904 7751 7320 8017 7490 7167 7952 7713 7433 7512 7953 8207 7387 7314 7821 7998 7476 7377 7830 7450 7706 7699 7680 8561 8076 7709 7624 7876 7347 7419 7673 7432 7820 8017 7407 7453 7396 7165 7165 7744 7674 7428 7387 7222 7299 7972 7481 8280 7402 7437 7561 7912 8059 7588 7614 8042 7390 7892 7479 7804 7591 7360 7733 7509 7685 7779 7999 7407 7445 7560 7878 7668 7926 7956 7914 7506 7524 7315 7863 7539 7851 7835 7003 7603 8122 7317 7338 7432 7476 7786 8032 7273 7177 7380 7533 7603 7723 7214 7583 7906 8220 7791 7552 7519 7764 8006 8162 7531 7824 7909 7730 8131 7720 7067 7348 7476 7464 7295 7035 7698 7943 7353 8078 7732 7355 7472 7391 6919 7450 7387 8071 7446 7576 7243 7783 7456 7886 7660 7992 7525 7896 8003 7687 7673 7332 8152 7327 7770 7242 7559 7918 8076 7732 7810 7252 7618 8286 7913 8020 7516 7560 7691 7090 7470 7643 7804 7425 7211 7756 7980 7651 7649 7480 7491 7899 7622 7534 7719 7702 7698 7146 7413 7352 7304 7606 7659 7814 7879 7123 7751 7844 7960 8054 7460 7569 7614 7562 7472 7536 7568 7807 8249 
7609 8932 8543 8245 8627 8254 8656 8248 8280 8038 8140 8057 7734 8851 8707 8273 8633 8429 8020 8328 8715 7931 8381 8486 8996 8554 8110 8362 8363 8624 8001 7916 8276 8283 8817 8432 8191 7767 8355 8331 8492 8668 8133 8442 8273 8096 8727 8087 8667 8335 7915 8418 8548 8086 8800 8725 8391 8550 8875 8397 8063 8696 8518 8350 8698 8288 8327 8763 9149 8919 8302 8631 7846 8640 8227 8087 8479 8267 8746 7643 8166 8473 8120 8268 8635 7990 8680 8346 8797 7952 8251 8376 8637 8254 8114 8686 8873 9108 8567 8200 8555 9199 8276 8924 8095 8640 8953 8452 8051 8355 8318 8561 7955 7993 9000 8163 7940 7797 8169 8541 8469 8519 7430 8065 8389 8826 8339 7973 8393 8863 8453 8416 8286 8124 8674 8019 8207 8022 8745 8657 8005 8576 8452 8093 8128 8499 8218 8952 7995 8517 8124 8354 8780 8575 8478 8420 8544 8369 7987 8226 8380 8757 8311 8179 8023 8391 8550 8381 8398 8160 8630 8772 8211 9101 8271 8641 8074 8568 8145 8481 8944 8305 7930 8245 8364 8629 8899 9037 8458 7667 8439 7803 8726 8387 8743 8371 8653 8994 8360 8602 8310 8348 8407 7847 8466 8599 7876 8251 8379 8400 8240 8180 8701 8663 8100 8293 8539 8188 8425 8208 8536 8892 8840 8524 8347 8668 7833 8468 8478 8151 8050 8604 8057 8383 8271 7958 8102 8576 8515 8352 8292 8123 7825 8637 8279 8747 8179 8383 8280 8600 8520 8414 8684 8736 8491 8998 8351 8500 8145 8594 8612 8324 9010 8060 8744 8019 8594 8097 8814 8192 8678 8833 8630 8404 8446 8302 9077 8088 8339 8693 8019 8307 8597 7747 8087 8063 8037 8261 8266 8444 7998 8068 8595 8285 8952 8334 8723 8436 8923 8485 8336 8383 8181 8903 8529 8729 8790 8580 8550 8287 8468 7935 8691 7938 8195 8268 8137 8495 8571 8340 9069 8373 8736 8270 8813 7757 8003 8532 8810 8076 8473 8140 8526 8661 8304 8856 8703 8402 8620 9025 8198 8645 8397 8588 8303 8775 8165 8371 8339 8901 8492 8189 8215 8196 8867 8497 8848 8119 7733 8253 8023 8208 8241 8804 8462 8476 8294 8897 8704 8251 8460 8279 8295 8383 8508 8519 8149 8556 7768 8156 8569 8090 8734 8451 8374 8806 7716 8617 8344 8777 8619 8110 8409 8044 8366 8523 8215 8614 8750 8893 
7483 8570 8284 8047 8467 7889 8572 7920 8113 7897 8424 8353 7696 8402 8444 8176 8466 8197 7963 7729 8659 7910 8111 8514 8282 8382 7664 8095 8198 8523 7733 7476 8198 8180 8325 8113 7918 7891 8157 8210 8352 8387 8314 7985 8010 8137 8642 7825 8417 7979 7852 7824 8466 7887 8592 8311 7962 8612 8497 8117 7968 8368 8257 8203 8417 8230 8211 8176 8645 8745 8449 8473 7608 8365 8307 7702 8506 8448 8504 7697 7614 8374 8351 8460 8254 7794 8396 7950 8195 8030 7998 8427 8546 7915 7843 8526 8871 8680 8546 8125 8108 8642 8114 8551 8379 8353 8604 8036 8217 8254 8276 8411 7917 7588 8879 8535 7549 7914 7611 8508 8139 8119 7687 7723 8234 8730 8096 7895 8395 8477 8096 8569 8008 7963 8399 8162 8143 8000 8487 8192 7934 8333 8118 7898 8124 8612 8208 8800 7864 8217 8074 8280 8484 8337 8072 8340 8293 8018 8104 8563 8499 8080 8052 8523 7941 8156 8426 8083 8299 8232 8573 8764 7734 8607 8628 8470 8134 8393 7994 8435 8666 8054 8039 7847 7851 8283 8630 8631 8482 7503 8578 7485 7830 8163 8998 8407 8329 8466 7864 8407 7974 8458 8012 7404 7929 8377 8189 8379 8578 8497 7804 7803 8571 8528 8191 7886 8407 7639 8467 7863 8414 8756 8852 8218 8089 8628 8073 8291 8367 8067 7954 8586 7776 8431 8178 7538 7829 8618 8381 8114 7777 7831 7843 8474 8189 8544 8098 8176 8064 8592 8565 7969 8298 8739 8373 8526 7942 8341 8047 8092 8240 7944 8628 8100 8663 7983 7880 8078 8176 8196 8428 8826 8074 8073 8264 7831 8618 7904 8295 8222 7630 7694 8452 7875 8313 7905 7904 8435 8138 7794 7566 8105 8331 8025 8753 8115 8180 8475 8631 8074 8167 8311 8013 8715 8668 8420 8237 8136 8383 8598 8434 7668 8131 8155 8135 8035 8091 7964 8552 8149 8630 8285 8253 8482 8077 7397 7905 7799 8590 8064 7890 7976 8576 8055 8160 8114 8573 8035 8259 8704 7930 8421 7933 8833 8300 8465 7810 8403 7990 8761 8323 8128 8102 7950 8675 8487 8593 8078 7801 8019 8052 7937 8176 8540 7896 8318 8217 8615 8409 8126 8078 8077 8412 8210 8003 8370 8016 8245 7648 8027 8339 7799 8444 7915 8211 8283 7536 8429 8438 8333 8201 8148 8290 8149 8179 8409 7940 8104 8528 8750 
7618 8685 8495 8345 9384 8362 8897 8450 8485 8241 8559 8297 8277 8932 8972 8441 8875 8573 8614 8625 8696 8084 8650 8726 9003 8629 8039 8366 8173 8491 8055 8025 8521 8547 8822 9070 8157 8331 8753 8508 8621 8765 8268 8391 8687 8318 8795 8454 8717 8844 8122 8415 8819 8328 9193 9052 8319 9110 8881 8402 8178 8861 8530 8566 8703 8491 8660 8702 8868 9028 8738 9074 8311 8749 7816 8341 8639 8489 9159 8199 8250 8353 8478 8570 8685 8366 8306 8497 8630 8467 8433 8530 8686 8091 8534 8912 8761 9043 9014 8374 8488 8796 8208 8873 8608 8442 8977 8688 7995 8634 8260 8765 8367 8069 8961 8420 7979 7940 8471 8866 8447 8449 8197 8524 8426 9069 8248 8330 8796 8864 8415 8485 8488 8416 8452 8567 8374 8574 8979 8683 8000 8673 8298 7794 8695 8629 8324 9226 8284 8642 8237 8839 8767 8802 8448 8794 8954 8625 8447 8513 8544 8506 8746 8409 8588 8778 8734 8300 8739 8487 8805 8965 8244 9006 8488 8619 8562 8502 8273 8671 9123 8329 8290 8520 8199 8737 8708 9281 8712 7665 8818 8240 8599 8648 9128 8566 8564 9402 8630 8655 8533 9087 8348 8063 8492 8711 8218 8646 9071 8620 8172 8173 8707 8625 8152 8571 8914 8488 8153 8290 8328 9462 9036 8684 8279 8726 8183 8395 8282 8104 8584 8468 8276 8178 8670 8425 8181 8781 8628 8269 8189 8270 8208 8645 8506 8790 8428 8319 8122 9009 8638 8934 8279 8954 8540 8911 7942 8861 8492 8667 8482 8616 9021 8574 8912 8421 8121 8298 8626 8050 8581 8914 8766 8623 8540 8371 8786 8244 8457 8846 7928 8463 8748 8184 8322 8250 8053 8586 8684 8547 8019 8507 8878 8624 9023 8422 8604 8254 8635 8539 8428 8441 8548 8858 8797 8746 8627 8602 8753 8739 8751 7866 8517 8812 8247 8202 8306 8680 8743 8396 9230 8685 8780 8173 8562 7780 8627 8518 9037 7903 8559 8403 8652 8602 8473 8655 9076 8492 9014 8912 8528 8503 8176 8897 8307 8518 8064 8487 8780 9114 8372 7991 8692 8228 8778 8743 8955 8164 8185 8482 8578 8176 8727 8796 8215 7976 8456 9030 8765 8816 8398 8238 8385 8207 8960 8583 8707 8753 8073 8859 8740 8246 8577 8648 8751 8801 7724 8233 8498 8497 8901 8332 8375 8515 8603 8563 8505 8595 8768 9310 
7185 8232 8107 7896 8137 7537 8366 7463 7740 7676 7771 7720 7730 8183 8386 7946 7903 8290 7789 8037 8332 7438 7661 8093 8098 8164 7539 7862 7754 7952 7535 7527 7444 7758 8108 8042 7443 7923 8111 8088 7842 8048 7703 7910 7603 7562 8233 7634 8256 8029 7802 7922 7824 7874 8742 8137 7709 8137 8111 7865 7735 8220 7676 7600 8102 7630 7987 7979 8293 7882 8184 8085 7415 8180 7428 7138 7878 7920 8446 7097 7522 8128 7940 7847 7556 7523 8244 7820 7878 7561 7555 7721 8136 7563 7860 7975 8240 8097 8497 7835 8060 8160 7961 8344 7730 8069 8270 7867 7629 7866 7859 7971 7709 7502 8237 7481 7454 7249 7850 7993 7719 7960 7397 7679 7470 8379 7823 7851 7984 8113 7673 7996 7817 7880 7834 7771 8019 8233 8410 8085 7421 8089 7912 7366 8045 8093 7898 8280 7537 7650 7432 8186 8203 7689 7943 8033 8027 7760 7515 7985 8280 8019 7704 7613 7920 7880 8068 7779 8070 7766 7820 8174 7763 8367 7923 8137 7614 8085 7742 7843 8412 7591 7427 7764 7587 8091 7903 8119 7911 7121 7853 7237 8115 7884 8320 7802 7912 8510 7913 7914 7682 8024 7825 7676 7857 7811 7716 7872 8095 7848 7871 7469 8069 7807 7596 7642 8088 7718 7771 7443 8052 8408 8159 7899 7702 8050 7594 7774 7856 7518 7670 7758 7793 7867 7767 7534 7406 8002 8019 7871 7609 7652 7349 8145 7913 8085 7573 7783 7682 8318 8405 7882 8063 8330 7881 8143 7766 7915 7761 8053 7689 7680 8204 7812 8060 7494 8033 7726 8172 7945 8073 8412 7894 7647 7562 7886 8069 7698 8049 8364 7086 7726 8311 7577 7863 7228 7461 7864 7984 7727 7629 7668 8043 7876 8167 8039 7948 8129 8455 7795 7830 7826 7657 8139 8173 7940 7916 7940 8045 8349 7724 7298 8033 8176 7619 7810 7554 7928 7931 7702 8581 7807 7843 7861 7940 7103 7804 7909 8511 7414 7741 7544 8079 7990 7791 8224 8167 7724 8260 8236 7710 7987 7687 8142 7984 8275 7444 7657 7995 8182 7964 7731 7664 7868 8423 8120 8140 7617 7558 7961 7371 7673 7814 8303 7642 7568 7755 8139 8179 8007 7960 7695 7762 7793 8071 7936 7670 8044 7372 7659 8015 7318 8158 7742 7895 7982 7105 8106 7743 8169 8232 7640 8093 7653 7726 7753 7952 7955 7882 8362 
7199 8443 8261 7765 8832 7952 8891 7984 7665 8071 8129 7878 7693 8382 8621 8397 8698 8594 8023 8194 8327 7812 8217 8571 8617 8402 7638 8369 7891 8137 7970 7695 8314 7996 8306 8261 8231 7932 8187 8212 8021 8414 8117 8276 7964 7610 8219 7773 8299 8592 7892 7871 8031 8278 8441 8636 7917 8472 8369 8157 8082 8552 8352 8025 8313 8221 8309 7861 8569 8519 8400 8353 7739 8201 8108 7902 8484 8096 8687 7514 8013 8386 8331 8051 8289 8405 8280 7959 7998 8227 8029 8540 8525 7866 7989 8542 8633 8566 8843 8148 8050 8772 7923 8762 8309 8762 8297 8441 7907 8263 8027 8381 7862 7929 8660 8151 7967 7987 8071 8263 8032 8178 7698 7899 7963 8804 8090 8233 8581 8776 7856 8487 7806 7970 7732 8104 7982 8305 8212 8210 7858 8575 8103 7510 7981 8462 8180 8826 7583 8155 7598 7785 8583 8416 7987 8150 8097 8243 8073 8344 8455 8512 8301 8283 8409 8604 8376 7863 7798 8216 8539 8666 8280 8540 8177 8580 8036 8445 7676 8202 8804 8346 8128 8029 8075 8451 8393 8476 8466 7596 8466 7613 8338 7953 8662 8399 7985 8554 8191 8373 8213 8665 8471 7282 7957 8120 8139 8269 8466 8377 7776 8115 8768 8699 7924 8104 8277 7987 8010 8148 8193 9000 8736 8568 8193 8449 7950 8063 8518 8059 8055 8265 7846 7821 8163 7933 7782 8636 8347 8057 7943 8227 7892 8617 8270 8712 7913 8082 8033 8719 8549 8283 8132 8626 8094 8405 8158 8440 8253 8416 8169 8203 8123 8170 8455 8056 7872 7920 8356 8264 8791 8751 8198 8133 8147 7679 8246 8233 7987 8644 7592 8232 8735 7875 8016 7937 7796 8351 8255 8109 7463 8118 8272 8016 8389 8029 8393 8175 8512 8148 7923 8032 8114 8699 8587 8007 8481 8309 8346 8420 8432 7552 8420 8256 8062 7886 7890 8196 8430 7802 8852 8202 8178 8140 8068 7568 8100 8134 8570 7878 7970 8196 8527 8024 8210 8202 8729 8244 8747 8718 8097 8026 7680 8633 8064 8578 7835 7878 8409 8534 8447 8052 8109 7742 8557 8390 8416 8150 7828 8325 7946 8140 8213 8188 7754 7728 8280 8437 8634 8280 7982 8003 8010 8057 8435 8404 8228 8358 7798 8178 8673 7928 8251 8025 8355 8440 7799 8202 8512 8856 8551 8098 8316 7917 8037 7957 8266 8114 8398 8392 
7118 8195 7866 7863 8423 7895 8769 7877 7815 7637 7765 7905 7299 8321 8216 8239 8694 8306 8278 8158 8403 7872 7857 8215 8428 8013 7747 8410 8042 8083 7941 7368 8185 7923 8419 8281 7619 7614 7993 8040 7916 8189 7698 8022 8109 7660 8417 7696 8151 8023 7809 8162 8253 7609 8603 8430 7788 8459 8385 7997 7774 8304 8273 7812 8245 7822 8466 8036 8258 8034 8279 8185 7639 8362 7970 7817 8159 8160 8265 7646 7708 8228 7697 8174 8174 7799 8217 7318 8367 7999 7828 7931 8226 7963 7813 8414 8311 8418 8341 8017 8288 8591 7749 8441 7850 8142 8656 8198 7472 7935 7889 8561 7556 7583 8528 7868 7434 7488 7573 8323 7952 7795 7343 7683 7916 8537 7721 7925 8186 8444 8073 8184 7974 7809 8209 7803 7985 8204 8379 7941 7998 8298 8048 7215 7952 8197 8264 8787 7766 8191 7731 7986 8662 8198 7616 7977 8232 7951 7866 7914 8413 8073 8038 7719 8063 8320 8429 7773 8202 8055 7983 8268 7972 8570 8126 8007 8020 8142 7794 8095 8305 8173 7653 8064 7737 8439 8256 8426 7901 7434 8074 7370 7802 7944 8738 8060 8269 8453 8166 8191 7917 8206 8005 7592 8143 8034 7642 8202 8111 8138 7672 7888 8146 8079 7771 7872 8116 7856 7805 7857 8233 8741 8610 8198 8054 8186 7358 7936 7833 7539 8156 8436 7688 7874 7905 7773 7335 8483 8084 8219 7903 7812 7771 8208 8191 8557 7627 7954 7774 8213 8187 7900 7937 8283 7934 8287 7937 8131 7963 8323 8199 8049 8135 7961 8366 7816 7977 7902 8366 7839 8300 8150 8292 8140 7793 7958 8300 7781 7784 8325 7421 8125 8615 7859 7755 7938 7568 8009 8244 8219 7642 7555 8017 7857 7955 7795 7720 8184 8065 8108 8068 7848 7681 8399 8367 8094 8310 7918 8219 8185 8165 7321 8145 7816 7616 7943 7548 8185 8184 8122 8692 8085 7931 8068 7993 7323 8044 7937 8407 7367 7833 7502 7792 8255 8067 8466 8246 8013 8338 8408 8091 8309 7763 8105 7822 7815 7482 7983 8295 8348 8135 7723 8042 7961 8318 8536 8366 7956 8159 7849 7773 7994 7789 8004 7964 7797 7905 8445 8498 7722 7836 7880 7878 7861 8399 8247 8134 8462 7485 7803 8219 7393 8183 8014 8087 8258 7527 8420 8070 8479 8345 8036 8322 7671 7915 8181 7992 8575 8267 8606 
7004 8024 7848 7872 8341 7553 8272 7808 7584 7803 7924 7552 7460 8210 8052 8073 8010 7872 7717 7806 8072 7704 7779 7947 8514 8229 7776 8047 7541 8013 7507 7285 8003 7927 8062 8280 7422 7928 8143 7528 7698 8043 7439 7688 7893 7550 7965 7816 7899 7990 7354 7503 8240 7557 8164 8128 7858 8150 8276 7856 7693 8280 7784 8140 8146 7851 7846 7955 8267 8302 8181 7960 7776 7726 7798 7019 8073 7646 8350 7295 7742 8099 7903 7594 8018 7871 7715 7643 7892 7607 7864 8019 8155 7481 7614 8195 8383 8379 7988 7640 8182 8386 7578 8437 7596 8261 8146 7718 8041 7943 7847 8427 7920 7697 8491 7740 7589 7629 7626 8104 8021 7921 7407 7227 7236 8605 7948 7741 8101 8092 7994 8212 7988 7751 7371 7802 7668 7896 7890 7702 7275 7988 7653 7284 8225 8128 7792 8343 7372 7792 7329 7689 7921 8319 7466 8103 8028 8071 7691 7762 8168 8105 8158 7842 7860 7645 8108 8127 7754 7881 8363 8245 7485 8317 8333 8049 7906 8065 7792 8110 8466 7737 7840 7920 7798 7911 7881 8171 7801 7075 8017 7450 8057 8035 8713 7766 8166 8362 8065 7880 7798 7728 7667 7324 7648 7883 7960 7845 8187 8004 7270 7532 8394 7996 7653 8059 8106 7623 7546 7737 7908 8614 8433 8636 7854 8220 7715 7668 8033 7271 7799 8054 7689 7844 7735 7165 7632 8351 8117 7674 7926 7613 7596 8063 7597 7924 7398 7731 7540 8054 8068 7784 8049 8106 7739 7763 7841 8462 7790 8226 7661 7967 8016 7752 8184 7770 7675 7633 7752 7804 8216 8399 8240 8059 8040 7375 8068 7942 7849 8159 7573 7504 8114 7618 7808 7645 7612 7967 7999 7959 7224 7815 7726 7640 8148 7414 7977 8182 8255 7858 7735 7493 7624 8239 7851 7962 8167 7694 8011 8157 8244 7541 7873 7457 7804 7744 7828 7816 8229 7805 8527 8196 7733 7722 7981 7362 7631 7843 8344 7752 8122 7824 8222 7719 7637 7976 8164 7811 8468 8381 8083 7756 7560 8190 7703 7878 7459 7877 8069 8563 8050 7823 7646 7510 8191 8172 8172 7862 7389 7994 7458 7990 7935 8072 7637 7780 7657 7910 8163 7827 7622 7580 8222 7675 8169 7875 7633 8033 7510 7664 7826 7359 7957 7834 7675 8035 7586 8066 8060 8471 8047 7558 7942 7450 7937 8123 7835 7846 7970 8487 
7182 8269 8343 8181 8622 7696 8691 7972 7947 7910 8223 8025 7625 8328 8343 8044 8657 7997 8317 7567 8551 7773 8208 8490 8588 8193 7808 8361 8038 7965 8182 7768 8100 8327 8226 8630 8029 7754 8184 8247 8241 8449 7937 8053 8094 7905 8447 8134 8337 8227 8040 8122 8558 8175 8647 8412 7889 8290 8713 8020 7935 8543 8001 8174 8258 7822 8524 8400 8626 8307 8386 8309 7512 8487 7870 7763 8393 8354 8568 7616 7959 8087 8292 7768 8349 7710 8465 8109 8424 8087 8161 8022 8139 7669 8002 8869 8683 8514 8856 7810 8103 8408 7801 8598 8064 8260 8383 8239 8123 8293 7846 8388 7874 7751 8719 8135 7983 7730 7858 8471 7979 8034 7542 7993 8065 8712 8028 7533 8521 8559 8473 8079 7996 8092 8345 8297 7593 8091 8435 8329 7991 8379 7804 7400 8480 8430 8279 8551 7774 8522 8011 8405 8586 8420 7964 8451 8098 8260 7751 8118 8566 8278 8438 8156 8406 7993 8238 8034 8273 8107 8365 8532 7630 8703 8540 8087 8215 8201 7990 8052 8316 7843 7762 8309 7965 8328 8417 8383 7997 7330 8806 7658 8161 8308 8853 8488 8370 8378 8096 8299 7680 8203 8007 7797 7950 8239 7842 8285 8125 8234 7679 7939 8422 7964 8050 7979 8254 7757 8407 7888 8322 8886 8447 7913 8090 8598 7930 8140 8322 7538 7901 8091 8000 8107 8346 7550 7833 8591 8263 8361 8003 7639 7431 8425 8165 8338 8243 8078 7821 8133 8730 8088 8309 8689 8446 8404 8148 8351 8043 8329 7959 8095 8173 7992 8522 7694 8070 7952 8137 8054 8337 8753 8197 7896 7963 8102 8432 7866 8211 8675 7268 8284 8319 7646 8119 7806 7642 8370 8253 8239 7517 7838 8393 8170 8346 8105 7710 7944 8648 8202 7946 7976 8235 8456 8297 8333 8056 8336 7870 8390 8215 7448 8141 8146 7913 7649 7840 8372 8125 8424 8728 7785 8124 8372 8002 7580 8034 8026 8296 7694 8147 7662 8099 8117 8091 8385 8621 8234 8434 8446 8065 8522 7748 8671 8179 8394 7739 7960 8045 8506 8347 7709 8134 8173 8230 8189 8481 8133 8029 8308 7973 8010 8085 8063 7823 7702 8260 8292 8107 8050 7922 7765 7911 8087 8545 8444 7873 7972 7430 8067 8261 7707 8356 8411 8042 8292 7599 8313 8125 8546 8031 7947 8061 7777 8298 7994 8166 8124 8563 8629 
7431 8317 8161 7973 8990 8065 8877 7846 7828 7805 8056 8034 7698 8474 8322 8223 8467 8300 8200 8021 8610 7999 8271 8376 8478 8448 7904 7930 8106 8467 7751 7356 8198 8292 8490 8322 7780 8032 8302 7913 8257 8499 8366 8152 7948 7755 8219 8126 8229 8248 7901 8101 8288 8068 8676 8363 8054 8456 8661 8082 7916 8326 8311 8028 8301 8295 7939 8109 8367 8195 8786 8487 7665 8419 8060 8030 8102 8158 8499 7678 8086 8091 8170 8059 8115 8208 8253 8039 8222 8125 7891 8196 8383 7790 7966 8278 8659 8835 8514 8232 8147 8436 8125 8606 8233 8450 8659 8511 8158 8100 8298 8089 7905 7519 8604 7644 7749 7763 8075 8534 8185 8358 7550 7815 8304 8502 8397 7947 8462 8642 8299 8369 8196 8083 8243 8290 7780 7917 8652 8272 8078 8625 8098 7612 8267 8340 8142 8764 8054 8099 7895 7957 8446 8431 8187 8224 8236 8313 7731 8358 8754 8023 8306 8165 8164 8320 8475 8085 8242 8324 8591 8856 8285 8704 8459 8377 8361 8275 7912 8369 8464 8162 8021 7786 7973 8180 8519 8616 8378 7736 8342 7734 8424 8145 8591 8016 8332 8820 8490 8340 8333 8385 8248 7933 8034 8139 8044 8350 8834 8506 8168 7765 8573 8269 8270 8248 8348 8190 8082 7954 8302 8704 8697 8144 7896 8181 7591 7833 8407 7894 8072 8423 8113 8004 8169 7680 7930 8410 8286 8199 7997 8208 7642 8566 8452 8252 8198 8102 8278 8472 8505 8039 8495 8565 8225 8554 7919 8345 8113 8673 8187 8266 8485 8246 8412 7843 8100 8073 8369 8003 8327 8841 8394 8282 8109 7791 8477 8056 8341 8240 7834 8042 8349 7518 7918 7664 8068 8282 8445 8080 7939 8093 8440 8161 8459 8185 8482 8319 8408 8541 8384 8114 7918 8744 8559 8248 8592 8367 8263 8488 8184 7797 8351 8403 8097 7658 7981 8399 8366 7948 8856 7766 8213 8310 8100 7536 7576 8118 8476 7710 8009 8004 8544 8344 8116 8229 8481 8077 8418 8683 8135 8249 7771 8431 8292 8629 7929 7879 8183 8607 8658 8245 8006 8118 8412 8319 8752 8058 7573 8099 7807 8218 8130 8129 7812 8003 8026 8655 8490 8282 8208 8064 8155 8108 8195 8230 8313 8284 7559 8284 8325 7734 8466 8077 8475 8287 8356 8278 8532 8657 8285 8115 8380 8094 7964 8121 8018 8579 8607 8519 
7316 8289 7850 7784 8186 7895 8546 7761 7784 7636 7702 7762 7280 8190 8143 7986 8328 8218 7715 7912 8390 7752 7834 8294 8107 8082 7619 8210 7872 8222 7893 7349 7889 7786 8111 8070 7564 7778 8091 7967 8341 7809 7691 7782 7840 7668 8472 7952 8096 7967 7805 7786 8121 7413 8404 7955 7609 8505 8297 7831 7621 8185 7807 7922 8247 7855 7968 7839 8261 8452 8103 8108 7742 8116 7834 7548 8491 7913 8307 7347 7703 7956 7970 8012 8066 7851 8240 7824 8322 7705 7750 7979 8223 7799 7913 8129 8605 8486 8204 7739 7894 8334 7907 8083 8252 8572 8742 7972 8188 8014 8066 8016 7691 7789 8687 8024 7287 7887 7794 8317 7968 8332 6978 7754 8026 8643 7572 7725 8271 8758 7826 8445 8030 7863 7943 7828 7894 8209 8292 8013 7576 8151 8193 7419 7667 8141 8067 8392 7934 7917 7644 7754 8307 8277 7502 7796 7968 7947 7388 7913 8208 8217 7907 7877 7824 8122 7839 7934 7787 7957 8084 8442 7890 8394 7973 8395 7965 7913 7964 8075 8571 7863 7867 7678 7791 7942 8165 8122 8123 6990 8080 7443 8043 8126 8910 8090 8125 8654 8246 8153 7667 8103 7884 7472 7972 7814 7963 7948 8374 7891 7760 7891 8270 7996 8107 8168 8385 7533 7990 7698 8321 8579 8519 7941 7829 8286 7687 8044 8136 7375 7708 8209 7476 7938 7937 7539 7643 8367 8122 7995 7634 7712 7869 8106 7937 8071 7471 7993 8198 8420 8293 7650 8444 8389 7892 8206 7848 8449 7944 8085 7742 7535 8108 7731 8297 8036 7848 7943 8209 8101 8150 8584 8133 8037 8312 7562 8660 8024 7839 8374 7656 7677 8528 7958 8016 7461 7714 8023 8013 7958 7520 7713 8012 7994 8114 7885 8116 8317 8039 8028 8168 7536 8108 8511 7929 8008 8077 8065 8195 8355 8098 7256 7924 7775 7780 7790 7821 8094 7991 7944 8744 8037 8105 7751 8328 7323 7727 7951 8435 7804 7747 7807 8390 7852 8192 7925 8480 7663 8282 8431 7657 8112 7676 8428 7867 8284 7554 7931 8097 8408 8360 8186 8165 7905 8396 8296 8452 7512 7435 7641 7746 7961 8178 8011 7879 8013 8111 8548 8386 8359 7804 7731 8013 7878 8216 8021 7919 7938 7547 8033 8135 7757 7995 8060 8188 7841 7595 8037 8168 8177 8085 7627 8177 7816 7807 7931 7530 7741 8492 8097 
7252 8126 8426 8268 8795 7895 9067 8175 8044 8081 8189 8024 7667 8740 8787 8299 9019 8332 8337 8337 8828 8330 8447 8879 8875 8311 7667 8335 8403 8513 8300 7880 8433 8050 8398 8213 8182 7892 8129 8393 8399 8591 8531 8297 8107 8214 8572 8189 8359 8437 8085 8273 8547 8365 8880 8406 8123 8665 8753 8224 8079 8437 8462 8219 8529 8112 8273 8446 8511 8692 8497 8777 7651 8642 8263 8167 8379 8243 8753 7978 8477 8351 8146 8487 8604 8482 8042 8095 8473 8167 8019 8364 8436 7910 7895 8514 8867 8752 8630 8193 8540 9297 8057 8728 8489 8716 8458 8271 7918 8363 8515 8501 7812 8013 9134 8468 7999 7814 8147 8344 8149 8076 7756 7794 8153 8816 8344 7967 8447 8821 8608 8453 8176 7936 8231 8286 8124 8449 8497 8133 7843 8277 8258 7648 8129 8579 7958 8894 8044 8707 8051 8190 8952 8345 8309 8442 8619 8405 7860 8107 8589 8506 8508 8690 8414 8471 8565 8211 8228 8405 8681 8896 8232 8601 8717 8324 8345 8314 7935 8383 8970 8121 8170 8209 8027 8207 8442 8714 8224 7660 8876 7776 8249 8330 9013 8561 8503 8896 8363 8384 8184 8613 8171 7874 7957 8220 8229 8316 8679 8698 8278 7848 8697 8447 8486 8362 8772 7879 8312 8279 8524 8979 8764 8524 8284 8853 8202 8131 8326 8313 8156 8509 7998 8233 8089 7923 8252 8771 8389 8315 8043 8333 7682 8308 8367 8808 8413 8281 8274 8862 8899 8310 8310 8783 8044 8287 8059 8318 8481 8300 8502 8236 8594 8464 8487 8193 8149 8148 8479 8064 8504 8748 8366 8171 8517 8055 8862 8307 8189 8556 7773 8171 8481 8096 8191 7904 7853 8576 8358 8307 7703 8241 8207 8174 8668 8427 8291 8411 8456 8128 8231 7954 8199 8452 8812 8310 8625 8339 8196 8781 8810 7467 8449 8504 8067 8096 7997 8305 8713 8562 8910 8241 8171 8059 8354 7497 8044 8135 8922 8062 8124 8063 8480 8473 8432 8149 8747 8486 9045 8596 8291 8331 8007 8473 8560 8606 8002 8022 8653 8775 8421 8324 8603 8128 8953 8211 9013 8083 7912 8021 7897 8280 8091 8350 7986 8097 8338 8586 8829 8255 8166 8066 8097 8294 8567 8504 8632 8248 7633 8437 8431 8050 8625 8364 8455 8441 7775 8191 8586 8692 8689 8002 8300 8033 8078 8459 8086 8462 8382 8954 
7622 8341 8597 8180 8457 7793 8491 7868 7864 7606 7783 7864 7887 8741 8621 8078 8311 8194 8213 8012 8457 7745 7820 8431 8824 8397 7948 8310 8195 8231 8028 7496 8072 8160 8322 8426 7664 7902 8385 8300 7929 8281 7992 8010 7537 7628 8281 7956 8157 7901 7991 8064 8435 7894 8479 8540 7949 8559 8710 8023 7619 8402 7976 7999 8413 8130 8387 8221 8443 8306 8422 8312 7499 8134 7860 7786 8482 7984 8365 7700 8145 8250 8057 8179 8470 7948 8402 7612 8472 7900 8177 8042 8289 7694 7991 8381 8491 8975 8509 7571 8522 8641 8254 8534 8321 8558 8367 8181 7681 8288 7954 8770 7712 7852 8719 7954 7875 7803 7825 8349 8182 7949 7622 7949 8324 8684 7958 7680 8114 8673 8339 8550 7976 7846 8098 8315 7803 8130 8398 7994 7969 8231 8015 7348 8425 8746 8228 8934 7732 8158 7971 8244 8788 8177 8184 8156 8223 7985 7949 7925 8271 7930 8265 8398 8481 8330 8297 8245 8016 8247 8259 8721 7878 8435 7977 7919 8181 8135 7857 8229 8772 8129 7942 8138 7602 8180 8346 8565 8099 7478 8520 7946 8243 7914 8678 8167 8540 8574 8127 7940 8284 8483 7959 7798 8441 8167 7714 8445 8447 8109 8006 7903 8434 8415 7668 8151 8309 7552 8345 8118 8349 9043 8808 8288 8267 8513 7677 8229 8282 7700 7869 8521 8020 7965 8207 8018 7793 8241 8285 8149 8226 8069 7737 8385 8402 8359 8094 8044 8140 8469 8340 8035 8324 8462 7718 8299 7836 8389 7926 8364 8268 8031 8566 8402 8411 7900 8000 8249 8366 8162 8404 8634 8372 8348 7917 7947 8624 7930 8171 8592 7583 8132 8358 7921 8014 7501 7870 8226 8182 8111 7271 7669 7950 7944 8426 7687 8035 7988 8815 7981 7859 8032 8229 8732 8647 8350 8355 8063 8082 8330 8416 7802 7902 8017 7811 7947 7769 7923 8438 8209 8498 8269 7975 8205 8235 7382 8038 8093 8393 7759 8076 7908 8615 8382 8021 8268 8564 8108 8648 8705 8072 8393 8144 8399 8221 8631 7884 8121 8070 8592 7991 8293 8000 8063 8514 8506 8253 7851 7881 8091 7728 7957 8049 8514 7896 7848 8431 8600 8249 8065 8125 7716 8096 7993 8329 7989 7930 8092 7514 7709 8214 7790 8330 8080 8120 8346 7502 8113 8165 8483 8118 7725 8206 8042 8211 8176 8231 8264 8216 8691 
7873 8688 8458 8129 8843 8412 8968 8292 8221 8110 8192 8531 7753 8860 8736 8731 8797 8637 8484 8183 8893 8200 8274 8944 9055 8625 8189 8586 8741 8743 8214 8053 8313 8438 8631 8616 8149 8547 8716 8519 8733 8401 8512 8427 8232 8363 8865 8501 8768 8672 8315 8217 8671 8231 8920 8538 8208 8988 8934 8498 8366 9044 8405 8235 8562 8438 9011 8654 8433 8833 8521 8874 8354 8672 8686 8312 8631 8383 8692 8245 8383 8688 8762 8705 8734 7965 8565 8331 8660 8309 8167 8498 8420 8093 8297 8952 9030 9111 8728 8688 8632 8948 8295 9062 8281 8568 8831 8463 8742 8757 8436 8639 8265 8071 9129 8409 7950 8097 8128 8706 8642 8392 8150 8042 8383 9248 8222 8025 8464 8717 8437 8659 8341 8299 8263 8416 8106 8757 8896 8391 8306 8653 8636 8004 8208 8810 8413 9098 8135 8266 8318 8605 8742 8600 8419 8618 8630 8194 8375 8325 8741 8470 8555 8394 8644 8528 8786 8426 8300 8718 8893 9160 8302 8909 8962 8640 8439 8689 8187 8499 9041 8752 8388 8523 8161 8688 8616 8762 8341 7868 8817 8019 8393 8658 9331 8699 9063 9112 8386 8565 8353 8863 8115 7939 8428 8847 8534 8594 8722 8661 8130 8176 9195 8732 8227 8969 8491 8385 8759 8312 8625 9428 8909 8422 8293 8600 8345 8660 8736 8169 8541 8761 8293 8462 8617 8066 7914 8615 8641 8490 8254 8141 8236 8667 8219 8641 8511 8547 8320 8764 8588 8659 8571 8906 8545 8452 8073 8765 8541 8509 8745 8207 8412 8501 9000 8242 8305 8285 8625 8473 8806 8932 8501 8435 8456 8035 8708 8269 8370 9010 7831 8260 8892 8425 8450 8200 7880 8751 8782 8574 7532 8512 8457 8322 9354 8340 8367 8651 9139 8242 8457 8305 8179 8933 8743 8895 8785 8485 8525 8632 8772 8054 8620 8377 8587 8404 7789 8568 8774 8844 9292 8403 8247 8436 8599 7790 8181 8239 8912 8244 8218 8072 8737 8593 8719 8666 8805 8406 8774 8682 8698 8624 8345 8919 8488 8632 8062 8428 8428 8883 9032 8375 8649 8378 9045 8605 8771 8316 8294 8596 8271 8028 8227 8795 8094 8173 8881 8801 8626 8492 8567 8336 8671 8260 8408 8592 8288 8842 8038 8447 8877 7957 8659 8570 8686 8616 7552 8280 8734 9079 8610 8413 8883 8185 8581 8452 8312 8298 8599 8970 
7373 8585 8337 8012 8438 8093 8894 7992 7848 7933 8053 8094 7880 8951 8675 8147 8778 8383 8208 8281 8495 8180 8118 8639 8844 8516 7732 8298 8235 8278 8265 7543 7955 8271 8630 8400 8117 8281 8246 8357 8343 8428 8241 8336 8004 7938 8736 8043 8443 8171 8001 8168 8433 8094 8733 8477 7852 8781 8830 7880 7948 8894 8283 8027 8342 7762 8664 8698 8613 8468 8322 8649 7961 8606 8156 7942 8324 8316 8600 7761 8129 8329 8207 8726 8398 8013 8564 8087 8698 8098 8280 8334 8344 8213 7894 9026 8820 8863 8670 8183 8654 8914 8052 8822 8247 8451 8814 8256 7855 8431 8379 8497 7588 7707 8952 7841 7768 8020 7897 8583 8049 8353 7746 7985 8437 8928 8436 8135 8397 9108 8318 8637 8150 8046 8319 8084 8253 8356 8613 8170 7872 8278 8464 7762 8433 8236 7929 8769 8103 8537 7708 8238 8779 8476 8345 8477 8536 8180 7869 8574 8536 8328 8521 8144 8317 8644 8424 8458 8213 8342 8408 8737 8154 8657 8693 8699 8328 8479 8187 8314 8900 8174 7929 8238 7979 8346 8547 8627 8191 7468 8418 7766 8479 8409 9056 8320 8721 8741 8394 8415 8249 8558 8337 7611 8146 8476 8204 8417 8598 8346 7930 7785 8722 8497 7939 8094 8307 8061 8333 8266 8642 8967 8493 8233 8520 8333 7936 8291 8457 8132 8436 8582 7798 7975 7895 7975 7652 8784 8419 8334 8084 8123 7625 8526 8408 8526 7994 8344 8107 8464 8503 7956 8405 8611 8262 8398 7994 8617 8121 8562 8578 8040 8265 8123 8589 8185 8183 8381 8293 8135 8595 8714 8562 8222 8493 8382 8829 8456 8094 8742 7838 8250 8637 8009 8084 7646 7884 8071 8170 8438 7739 7785 8371 8352 8608 8526 8466 8315 8788 8243 8302 8267 8322 8639 8806 8207 8533 8487 7978 8668 8400 7424 8271 8215 7992 7977 8000 8263 8275 8138 8945 8230 8499 8335 8179 7736 8243 8222 8684 7716 8162 8301 8578 8388 8212 8225 8807 8527 8763 8560 8029 8506 7860 8757 8148 8332 8020 8614 8259 8804 8478 8249 8007 8011 8627 8539 8347 8280 7875 8146 7866 8149 8011 8865 8024 8137 8440 8437 8516 8509 8117 7939 8378 8380 8354 8461 8065 8293 7560 8056 8299 7720 8639 8289 8281 8442 7608 8725 8470 8373 8387 7852 8601 7946 8341 8358 8272 8426 8551 8843 
7320 8056 8713 8088 8640 7843 8336 8221 7892 7824 8285 8001 7957 8340 8812 8091 8558 8283 8109 8174 8614 7839 8196 8621 8701 8474 8112 8475 8012 8333 7704 7542 8422 8430 8204 8195 8123 8046 7951 8047 8486 8428 8248 8252 7966 8102 8699 7657 8380 8210 7777 7978 8109 7724 8364 8816 8175 8510 8862 8342 8113 8484 8140 8022 7985 7997 8632 8340 8422 8673 8534 8843 7384 8659 8295 7518 8501 7991 8600 7705 7925 8264 8387 7783 8154 7780 8248 7851 8545 8196 8020 8119 8464 7885 7979 8628 8252 8581 8362 7976 8400 8732 8298 8542 8083 8135 8510 8262 8045 8369 7747 8557 7990 7799 9022 7991 7725 7712 8025 8250 8300 8011 7542 8018 8233 8610 8472 8181 8359 8668 8465 8455 8249 7886 8403 7821 7890 8162 8363 8244 8049 8355 8205 7456 8245 8543 7869 8749 7807 8486 7884 8631 8764 8255 7804 8315 8518 8183 8028 7974 8261 8498 8341 8020 8276 8275 8429 7660 7963 8123 8539 8667 8083 8741 8311 8143 7989 8729 7986 8074 8563 8217 7749 7856 7699 8107 8642 8415 8142 7381 8407 7882 8395 8309 8992 8437 8193 8746 8337 8329 8117 8378 7982 7693 8202 8517 7996 8266 8540 8449 7977 7927 8557 8538 7861 8103 8205 7996 8342 8271 8552 9151 8643 8635 8220 8601 7789 8136 8012 7746 7974 8359 7698 7816 8181 7854 7409 8561 8097 8244 7964 7864 7990 8517 8127 8292 8066 8187 8142 8457 8420 8136 8148 8467 8296 8188 7908 8742 8053 8233 8066 8251 8426 7901 8565 7963 8071 8091 8341 8095 8708 8756 8352 8256 8163 7928 8820 7951 8116 8703 7771 8110 8341 7757 8207 8036 7904 8517 8288 8239 7497 8076 8430 7742 8340 8281 8139 8155 8714 8063 8230 8168 8359 8897 8409 8170 8678 8351 8219 8424 8419 7503 8200 7922 8093 7902 8131 8515 8629 7981 8967 7934 8317 8017 8197 7494 8089 8031 8666 8020 8357 7546 8254 8293 7987 8316 8417 8003 8561 8582 8213 8047 8056 8608 7974 8196 7802 8032 8382 8197 8463 7983 8028 8097 8656 8551 8662 8189 8130 8051 7824 7997 8102 8397 8027 8032 8118 8566 8659 8192 8080 7853 8205 7967 7925 8312 7955 8138 7527 8426 8378 7669 8055 8446 8560 8204 7862 7917 8123 8609 8487 8392 8106 8160 8097 8331 8114 8250 8532 8658 
7391 7839 8466 7727 8384 8017 8407 8041 7981 7401 7941 7672 7356 8259 8204 7998 8533 8170 7756 7738 8235 7816 7962 8396 8255 7997 7606 7996 8117 8396 7610 7830 7899 7778 8241 8000 7448 7738 8038 8073 8117 8565 8041 8199 7746 7533 8212 7872 8213 8357 7863 7882 8304 7706 8542 7970 7720 8367 8062 7920 7795 8314 7751 7861 8188 7750 8251 8092 8348 8159 8033 8337 7464 8166 8061 7592 8122 7926 8478 7366 7488 8103 8211 8154 8075 7634 8112 7809 8209 7957 7726 8122 8220 7433 8017 8580 8184 8567 8286 7928 7995 8097 8065 8620 7896 8050 8293 8306 7446 7947 8211 7985 7464 7586 8409 7884 7484 7615 7886 8319 8035 8017 7506 7417 8189 8518 8140 7802 8139 8624 7801 7976 8163 7773 7783 7867 8002 7857 8123 8127 8013 8485 7712 7476 8161 8317 8024 8472 7803 7912 7517 8033 8487 8025 7630 8194 8088 7909 7664 7983 8274 8351 8237 7708 7727 7947 8128 7988 8010 7990 7973 8484 7463 8850 8129 8250 8059 7946 7853 8107 8164 7877 7727 7822 7745 7939 8354 8396 7825 7788 7864 7216 8110 8000 8794 7907 8459 8401 8061 8256 7708 8385 8149 7386 7922 8330 7753 7930 8276 8283 7669 7860 8623 8620 7866 7695 7899 7811 8092 8091 8238 8779 8237 7819 7814 7973 7718 8016 7959 7932 8143 7940 7531 7976 7814 7605 7690 8398 8242 7898 7687 7803 7501 8282 7827 8240 8014 8023 7836 8443 8042 7834 7877 8520 8023 8340 7937 8023 8048 8203 7935 7845 8176 7864 8469 7465 7951 7758 8507 7791 8278 8457 8032 7986 7872 7854 8505 8057 7935 8180 7418 7770 8001 7458 7896 7732 7710 7995 7896 7881 7663 7546 7821 7991 8095 8062 8166 8194 8381 7850 7767 8025 8068 8599 8186 8034 8606 8000 7883 8518 8136 7558 7815 8056 7808 8002 7660 8007 7982 8008 8858 7634 7901 8011 7913 7188 8074 8155 8559 7836 7734 7950 8372 8008 8126 8026 8334 7888 8550 8186 8178 8149 7904 8364 8012 7983 7553 7688 8170 8518 8027 8088 7515 7905 8422 8645 8533 7846 7506 7777 7861 7695 8296 8223 7773 7427 8133 8498 8380 8052 8042 7902 8052 7820 8060 8323 8006 7915 7245 7953 7882 7677 8090 7985 8146 8324 7655 7904 8210 8377 8508 7741 8111 7701 7866 7899 7927 8129 8367 8343 
7496 8393 8106 8317 8147 8055 8674 8102 7543 7951 7839 8166 7686 8338 8332 8013 8647 8294 8196 7817 8536 7854 8077 8566 8307 8636 7603 8206 8029 8205 7879 7395 8000 7909 8454 8179 7773 8081 7926 8069 8218 8146 8287 8095 8230 7750 8390 7896 8279 8312 7728 8149 7758 8192 8277 8437 7729 8513 8701 7877 7900 8513 8028 8110 8335 7912 8062 8127 8386 8589 8323 8358 7618 8428 8413 7488 8116 8211 8546 7838 8073 8197 8172 8088 8050 7801 7993 7496 8595 7924 7859 8189 8395 8091 7930 8580 8678 8451 8389 8012 8200 8720 7981 8517 8134 8369 8410 7984 8091 8383 8206 8479 7631 7564 8562 7748 7776 7837 7887 8000 7979 8141 7841 7817 8202 8610 8140 8007 8003 8779 8328 8427 7897 7991 7955 7926 8117 8112 8414 8049 7882 8102 8077 7415 7839 8123 7776 8700 7651 7879 7789 8052 8404 8237 7873 8213 8033 8070 7775 8180 8503 8172 8263 8103 8221 8299 8450 7634 7900 8326 8400 8601 8111 8526 8060 8557 8420 8529 7831 8091 8535 7827 8052 8114 7969 8075 8456 8455 8544 7355 8396 7683 8073 8105 8725 8283 8132 8532 8232 8393 8295 8666 8059 7447 8106 8386 8215 8210 8462 8147 7764 7606 8630 8532 8036 7934 8253 7811 7996 8195 8519 8800 8371 8446 8058 8381 7659 8209 8411 7998 8169 8069 7806 8135 8197 7595 7729 8996 7886 8129 7861 8202 7705 8305 8245 8542 8069 7958 8272 8009 8340 7937 8471 8586 8329 7943 7959 8213 8049 7991 7979 8253 8126 7998 8579 7750 7943 8055 8235 8101 8589 8521 8317 7556 8017 7985 8469 7972 8217 8357 7809 7908 8558 7892 7945 7488 7665 8128 8240 7685 7541 7976 8143 8004 8682 7948 7826 8498 8329 7895 8287 7824 7787 8481 8346 8569 8366 8058 8308 8708 8301 7727 8421 7773 7753 7815 7996 8111 8550 8200 8924 8083 8165 8222 8205 7341 7838 8198 8573 7424 8303 7727 8218 8487 8321 8162 8437 8394 8101 8318 8043 8020 7748 8510 7686 8518 7950 8196 8196 8575 8357 8308 7911 8143 8368 8171 8425 8011 7923 8436 7876 7972 8392 8500 7824 8134 8085 8563 8205 8074 8266 8135 8330 8468 7780 8376 7939 8401 7576 8234 8063 7576 8459 8220 8033 8135 7618 8060 8472 8341 8478 8000 8433 8022 8079 8223 8021 8299 8649 8741 
7194 8252 8321 8017 8670 8113 8808 8019 7935 7963 7868 8041 7544 8446 8493 8167 8722 8218 8104 7993 8122 7841 8350 8264 8193 8330 7828 8125 8042 8183 7921 7606 7977 8124 8356 8104 7931 7999 8148 7978 8269 8695 8076 7893 8090 7861 8361 7997 8503 8264 7841 8148 8218 7872 8506 8419 7848 8500 8532 8227 7810 8230 7932 7781 8582 8085 8261 8230 8510 8580 8174 8335 7800 8371 7690 7473 8286 8232 8477 7903 8417 8114 8112 7945 8165 7929 8790 7969 8273 8367 8050 8070 8289 7763 8188 8360 8668 8421 8152 7921 8299 8953 8006 8465 8263 8015 8565 8342 7854 8564 8213 8518 7824 7628 9150 8121 7802 7803 8134 8507 8243 8332 7773 8028 8042 8645 7877 7838 8318 8763 8192 8434 8162 7932 7988 8062 7593 8067 8456 8359 7558 8495 8289 7853 8130 8389 7924 8331 7744 8288 7753 8007 8588 8575 7952 8417 8338 8084 7745 8167 8336 8199 8150 7970 8091 8015 8308 8360 7922 8097 8648 8643 8047 8674 8174 8214 8434 8423 7988 8153 8598 8161 8145 8117 8038 7995 8030 8700 8242 7567 8595 7673 8120 8018 8591 8422 8427 8653 7958 8548 7570 8281 8273 7752 8095 8120 8022 7755 8437 8217 7910 7895 8475 8152 8148 7973 8289 7703 8206 7874 8228 8963 8267 8223 7834 8280 7975 8304 8216 7914 7919 8101 8041 8397 8238 7522 7861 8591 8141 8348 7970 7966 7713 8281 8415 8375 7944 8190 7827 8379 8304 8046 8141 8534 8368 8457 7987 8499 8090 7952 8374 8047 8132 7768 8388 8276 7986 7836 8592 8087 8414 8655 8233 7724 8161 8132 8700 8147 7718 8421 7776 7957 8298 7851 8553 7961 7820 8020 8198 8124 7689 8130 7959 8273 8475 7993 7980 8428 8502 7975 8431 7716 7851 8169 8244 8130 7969 8271 8160 8345 8329 7790 8399 8010 8021 7903 8100 8056 8320 8284 9157 8255 7840 8189 8288 7773 7884 8142 8503 8051 8238 8421 8701 8252 8069 7949 8575 8108 8622 8550 8171 8284 7993 8658 8086 8292 7814 8090 8361 8588 8240 8043 7795 8098 8618 8064 8505 7789 7655 8217 7634 8102 7949 8084 7818 7881 8495 8469 8519 8521 8059 7942 8170 8111 8247 8479 8161 8143 7540 7992 8444 7977 8366 8053 8204 8295 7751 8047 8163 8410 8345 7858 8533 8067 8001 8015 7981 8168 8171 8422 
7076 7861 7888 7389 8317 7743 8381 7715 7787 7557 7728 7813 7139 8023 8056 7948 8518 8088 7649 7914 7998 7524 7888 8144 8430 8025 7499 8113 7824 7816 7463 7261 7466 7594 8054 7816 7650 7820 7647 7735 7801 8069 7796 7809 7451 7393 7950 7595 7800 7900 7540 7775 7943 7684 8355 8346 7590 8064 8061 7554 7755 8381 7914 7667 7826 7584 7737 7981 8032 7986 8209 8351 7424 7939 7602 7349 7984 7700 8207 7352 7710 7969 8164 8149 7809 7652 8005 7572 7822 7345 7681 7871 8000 7567 7537 8396 8282 8091 8044 7775 7872 8160 7832 8240 7872 7895 8084 7671 7508 7819 7774 8060 7547 7537 8093 7648 7553 7527 7467 8051 7644 7622 7380 7791 7672 8498 7715 7718 7828 8355 7745 8169 7978 7492 7646 7807 7492 7734 8486 7915 7549 7827 7485 7094 7820 8066 8066 8399 7721 7859 7505 7880 8155 7949 8010 7725 7704 7814 7712 8017 7867 8041 7591 7684 7698 8270 7970 7753 7560 8172 8123 8404 7859 8249 8109 7825 7453 7842 7479 7737 7896 7616 7488 7980 7411 7917 8139 8068 8223 6954 8069 7364 7990 7773 8415 7864 8043 8267 7995 7965 8162 8471 7792 7374 7857 7965 7640 7992 7932 7918 7721 7576 8110 8249 7924 7688 8087 7275 7712 7685 7974 8569 8365 8080 7783 7896 7974 7942 7811 7399 7602 7742 7744 7673 7861 7638 7370 7869 7795 7825 7521 7898 7513 8140 7765 8025 7470 7775 7539 8273 7854 7911 7820 8362 7791 8116 7655 7858 7813 8199 8184 7695 8017 8048 8103 7488 7686 7385 7824 7929 8260 8309 7781 7768 7853 7594 8341 7404 8013 8162 7233 7506 8185 7509 7815 7380 7671 7601 8058 7696 7446 7627 8317 7649 7908 7781 7923 7874 8228 7781 7737 7645 7432 8027 8008 7832 7801 7700 7885 7934 8239 7280 8019 7668 7644 7538 7375 7957 8128 7440 8973 7659 7911 7798 7658 6929 7715 7969 8403 7118 7636 7507 8019 7907 7819 7971 8281 7491 8359 7957 7412 8083 7574 8187 7781 7952 7501 8068 7548 8368 7948 7917 8059 7764 8152 8069 8037 7642 7649 7779 7578 7624 7870 7873 7575 7536 7808 8036 8226 7687 7914 7645 7372 7316 7866 8050 7689 8147 7440 7788 7822 7360 7884 7857 7704 7812 7348 7914 7920 8273 8069 7571 8211 7579 7943 7746 7716 7832 8025 8161 
6838 7725 8003 7449 7927 7265 8022 7575 6992 7457 7564 7563 7173 7803 7975 7716 8149 7521 7552 7700 7679 7242 7235 7806 8074 7905 7323 7584 7613 7548 7327 6965 7601 7708 7719 7701 7671 7397 7626 7593 7617 7837 7343 7909 7077 7298 8094 7220 7902 7561 7171 7461 7564 7473 7954 7922 7311 8319 7875 7640 7455 7907 7619 7596 7609 7644 7807 7827 7611 7910 7876 7585 7072 8155 7573 7380 7705 7750 7510 7105 7401 7622 7826 7710 7911 7431 7867 7464 7606 7495 7605 7527 7752 7312 7493 7938 7707 8189 8170 7342 7592 7891 7241 8009 7820 7701 7935 7538 7405 8046 7513 7646 7412 6980 8137 7329 7289 7123 7400 7905 7974 7831 7084 7524 7648 8010 7628 7547 8286 8053 7844 7748 7620 7704 7759 7439 7175 7622 7974 7669 7209 7708 7555 6937 7691 7612 7514 7775 6889 7770 7383 7829 7678 7628 7313 7947 7988 7719 7219 7481 7883 7591 7581 7800 7563 7701 7437 7480 7546 7807 7956 8238 7454 7933 7812 7529 7810 7801 7362 7548 8094 7656 7481 7908 7459 7638 7777 8062 7657 7080 8030 7166 7518 7622 8268 7722 7897 7976 7681 7446 7472 7935 7355 6879 7436 7406 7444 7327 7774 7739 7612 7229 7899 7924 7500 7433 7598 7291 7808 7578 7740 8240 8110 7901 7583 7985 7312 7708 7708 7369 7552 7559 7530 7459 7576 7084 7188 7974 7815 7668 7301 7326 7594 7790 7622 8062 7598 7590 7644 7907 8074 7444 7840 8060 7657 7704 7459 7945 7385 7513 7651 7896 7810 7627 8308 7530 7396 7529 7735 7563 7951 8164 7710 7418 7638 7215 8125 7403 7836 7761 7261 7307 7896 7332 7500 7441 7080 7741 7616 7689 6912 7662 7857 7572 7915 7705 7477 7863 7932 7746 7515 7405 7520 8239 7668 7655 7840 7611 7849 7737 7738 7338 7289 7505 7535 7154 7651 7787 7682 7735 8115 7735 7910 7700 7678 6709 7458 7680 8096 7778 7605 7591 7634 7935 7709 8042 8061 7539 8056 8081 7623 7634 7165 8034 7669 7608 7611 7720 7657 7737 7604 7593 7452 7285 8149 7544 8240 7593 7555 7337 7370 7362 7580 7634 7452 7657 7769 8038 7902 7494 7703 7549 7665 7764 7706 7653 7547 7676 7180 7248 7865 7581 7755 7668 7755 7847 7170 7807 7591 8331 7641 7178 7337 7104 7231 7292 7514 7420 7769 8362 
7526 8482 8688 8379 8800 8206 8676 8128 8124 8153 8457 8171 7674 8763 8806 8200 8461 8379 8127 8280 8872 7695 8299 8684 8716 8526 7922 8462 8108 8394 8195 7872 8131 8347 8749 8355 8199 7947 8291 8134 8377 8700 8214 8357 8194 8301 8813 7923 8281 8172 8076 8272 8703 8291 8555 8443 8106 8909 8635 8118 8117 8618 8543 8141 8727 7960 8490 8573 8714 8743 8550 8612 7874 8783 8066 7770 8579 8174 8835 8063 8232 8305 7999 8206 8440 8206 8486 8076 8719 7907 8051 8480 8638 8064 8163 8510 8539 8909 8733 8155 8341 8983 8261 8826 8397 8584 8921 8221 8091 8522 8187 8429 7989 8166 9368 8444 7901 8138 8233 8565 8392 8296 7855 7952 8487 8978 8265 8350 8799 8892 8398 8712 8206 7997 8163 8057 8179 8446 8507 8209 7907 8702 8158 7806 8298 8422 8138 9019 8103 8342 8039 8526 8755 8675 8292 8625 8468 8438 8120 8317 8466 8409 8637 8390 8194 8155 8504 8430 8573 8455 8596 8772 8001 8848 8465 8774 8315 8446 8025 8466 8867 8294 7911 8534 8275 8498 8750 8617 8527 7744 8581 7746 8505 8148 9125 8340 8379 8842 8595 8365 8326 8814 8204 7921 8246 8769 8424 8380 8562 8536 8207 7866 8465 8601 8269 8239 8551 7907 8500 8284 8578 9120 8708 8461 8612 8457 8222 8182 8271 8297 8452 8886 7790 8044 8299 7829 8038 8914 8788 8238 8137 8292 7900 8505 8174 8504 8339 8210 8354 8625 8690 8149 8449 8678 8532 8381 8226 8305 8256 8462 8198 8457 8615 8199 8674 8114 8221 8416 8566 7950 8675 8676 8439 8295 8501 8003 8704 8522 8121 8512 7651 7862 8408 7912 8455 7943 8193 8278 8319 8166 7698 8130 8408 8619 8774 8084 8327 8343 8468 8041 8341 8054 8572 8777 8375 8608 8655 8351 8250 8647 8448 7852 8587 8216 8305 8060 8048 8559 8474 8622 8876 8138 8255 8026 8311 7718 8044 8237 8985 8087 8279 8102 8530 8398 8367 8190 8826 8535 8851 8777 8431 8258 8039 8759 8205 8714 7944 8269 8563 8749 8622 8339 8038 7995 8561 8274 8953 8113 7787 8257 8167 8132 8549 8466 7899 8314 8188 8551 8647 8361 8316 8132 8424 8074 8291 8587 8321 8338 7555 8256 8423 7804 8521 8191 8353 8626 7931 8434 8551 8678 8556 8128 8586 7942 8100 8536 8232 8520 8682 8796 
7422 8080 7832 7560 8356 7787 8435 7861 7914 7536 7763 7633 7621 8310 8161 7841 8368 8192 7880 7763 7925 7725 8106 8060 8443 7921 7177 8215 8024 8228 7796 7733 7845 7822 8224 8113 7701 7659 8016 7920 8491 8072 7947 8101 8211 7542 8430 7929 8084 8208 7692 8121 8107 7831 8206 8308 7721 8232 8350 8035 7356 8418 8162 7917 8430 7860 8268 8031 8400 8309 7822 7823 7687 8094 7846 7827 8355 8025 8232 7861 7742 8166 7636 7954 7940 7898 8219 7819 8257 7909 7945 7977 7812 7776 7789 8449 8318 8443 8622 7985 8116 8594 7883 8517 7781 8207 8413 8168 7603 7921 7818 8234 7464 7388 8528 8249 7559 7710 7840 8291 7720 7966 7879 7721 7936 8698 8029 7623 8136 8160 7947 8409 7925 7770 7784 7882 7784 7939 8383 8175 7829 8305 8140 7468 7951 8420 7854 8603 7822 7848 7788 7725 8427 8371 8059 8044 8233 7674 7653 7838 8408 8139 7783 7622 7858 7995 7953 7927 7786 7868 8347 8259 7702 8263 7895 8225 7799 8313 7724 7746 8435 7893 7659 7980 7855 8017 8620 8206 7934 7383 7961 7346 7845 8114 8635 7941 7795 8359 8076 8031 7970 8103 8165 7130 7694 7934 7829 7907 8474 8130 7782 7810 8219 8092 7963 8071 8176 7517 8333 7828 8056 8529 8278 7982 7753 8172 7879 7867 7861 7725 7809 8155 7690 7818 8309 7633 7543 8229 7903 8336 7685 7583 7679 8070 7982 8290 7635 8123 7902 8227 8448 7751 8108 8388 7873 8198 7769 8161 7947 8087 8174 7760 8112 7950 8009 7390 7867 8031 8184 7748 8227 8187 8151 7985 7847 7581 8515 7685 8002 7950 7577 7862 8426 7598 7842 7596 7542 7785 7889 7720 7716 7799 7847 7876 8205 7867 7875 8026 8435 8208 8040 7715 7912 8126 8274 8017 8153 8116 7949 8086 8170 7631 7965 7938 7813 7918 7517 8036 7948 7869 8730 8040 7990 7931 7850 7548 7942 8043 8225 7453 7862 7820 8102 8230 7960 8066 8376 8020 8624 8637 7926 8216 7935 8422 7839 8304 7385 8137 8044 8525 8119 7690 8015 7620 8598 8201 8298 7971 7699 7818 7582 7807 7858 8174 7465 7584 8042 8295 8154 8023 7949 7924 8147 8180 7718 7893 7997 8064 7363 7882 7847 7943 8216 7822 7968 8082 7215 8183 7969 8377 8247 7729 8258 7867 7730 7930 7780 8263 8309 8159 
7036 8226 8199 7615 8224 7828 8339 8038 7731 7269 7845 7743 7309 8259 7970 7818 8256 8214 7669 7644 8300 7649 7884 8479 8101 7957 7459 7595 7950 8041 7528 7466 7528 7951 8157 8050 7737 7452 8080 8054 8197 7892 8048 7901 7771 7936 8607 7663 8271 8146 7405 8107 8129 7389 8173 8058 7510 8336 8326 7863 7641 8241 7951 7708 8269 7806 7801 7783 8099 8140 8077 8370 7537 8160 8044 7518 7788 7986 8297 7541 7610 8031 7813 7956 8243 7595 8056 7671 8374 7595 7659 7876 8179 7379 7836 8528 8420 8320 8379 7761 7890 8588 7537 8442 7974 8052 8423 8083 7630 7705 7859 8251 7420 7498 8592 8061 7363 7720 7518 7957 7823 7729 7346 7447 8134 8405 7797 7833 7998 8304 7912 8125 7938 7579 8007 7826 7762 7971 8276 8041 7688 8141 8021 7662 7977 8415 8191 8754 7741 8279 7695 7730 8456 8061 7479 8182 8286 7566 7717 8091 8298 8123 7900 7921 7618 7739 8306 7944 7959 7748 8245 8550 7612 8672 7942 7967 7701 8121 7703 7960 8363 7838 7858 7682 7554 8053 8205 8244 7872 6919 7915 7233 8019 7572 8415 8054 8167 8728 7925 8105 7476 8209 8073 7354 7558 7991 8073 8076 8319 7963 7360 7710 8323 8162 7911 7909 7983 7877 8025 7785 8101 8761 8343 8151 7741 8460 7275 8065 8112 7753 7801 8157 7541 8060 7970 7188 7387 8249 8353 7918 7819 7352 7664 8121 7964 8489 7945 7957 7805 8334 8178 7848 7894 8437 8014 8214 7756 8088 7961 7920 7861 7622 8184 7904 8431 7717 7940 7717 7950 7970 8118 8121 7884 7892 7575 7653 8483 7774 7905 8285 7294 7924 8073 7505 7772 7821 7523 8155 8327 8029 7226 7781 7959 7866 8159 7899 7958 8368 8210 8071 8080 7874 7854 8338 8169 7915 8175 8074 7911 8005 7809 7293 7928 7847 7662 7685 7521 7984 8283 7900 8295 7885 8015 8005 7945 7117 7645 7890 8053 7797 7783 7628 8100 8198 7868 7904 8127 7963 8200 8331 8032 8037 7773 8216 8046 8036 7344 7725 7883 8324 8049 7912 7764 7937 8324 8400 7910 8019 7874 7626 7812 7785 7909 8218 7667 7913 8058 8255 8093 8151 7736 7829 8130 7956 7977 8178 7793 7822 7370 7820 8255 7568 8333 7842 8132 8053 7208 8114 8137 8214 8220 7982 7854 7624 7708 8095 8055 8244 8447 8198 
7111 8240 8386 7996 8202 7990 8434 7853 7605 7616 8107 7947 7781 8397 8514 8528 8243 8269 8055 7920 8361 7785 7713 8152 8196 8028 7671 8312 7922 8072 7830 7623 7818 7806 8556 8216 8087 7865 8112 8014 8259 8149 7808 8040 8132 7577 8463 7762 8393 8074 7839 7953 8085 8030 8324 8478 7913 8516 8601 7997 7737 8641 8009 8040 8313 7803 8353 8223 8038 8013 7898 8399 7453 8345 7928 7660 8273 7960 8362 7517 7926 7840 7995 8245 7970 7830 8306 8019 8260 7687 7600 7911 8177 7550 7866 8459 8349 8507 8319 8062 7894 8533 8073 8502 8155 8390 8483 8107 7789 8192 7802 8003 7772 7637 8682 8093 7961 7819 7969 8121 8253 7765 7559 7750 8131 8844 8413 8042 8483 8543 8052 8301 7950 8148 8201 8059 7812 8219 8409 7905 7347 8144 8107 7033 7985 8328 7708 8617 7866 8028 7635 7950 8505 8331 7911 7998 8318 7870 7674 7988 8392 8165 7996 8177 7865 8108 7941 7888 8086 8315 8539 8444 7746 8703 8118 8235 7968 8158 7797 7829 8321 8006 7780 7917 7930 7998 8260 8629 8042 7498 8176 7427 7970 8269 8712 8073 8193 8637 8495 8035 7964 8279 7317 7441 7911 8162 7770 7971 8479 8098 7956 7677 8716 8248 7750 8053 8048 8011 7974 8218 8234 8511 8833 8159 7886 8297 7703 7996 8453 7802 8012 7997 7732 8062 8007 7683 7557 8297 8076 8191 7758 7494 7577 8541 8104 8348 7873 7729 7751 8217 8804 7814 8452 7898 8270 8052 7961 8131 7931 7926 8095 8031 8444 8150 8760 7868 7976 8112 8325 7829 8653 8239 8266 7928 7982 7682 8242 8036 8315 8570 7678 7692 8264 7841 8305 7429 7665 8210 8134 7880 7521 7774 7989 7710 8137 8054 7733 8137 8256 7865 8370 8053 8154 8332 7994 8472 8334 8123 8008 8332 8483 7605 8097 7670 7931 7766 7898 8191 8316 8193 8782 8052 8085 7911 7999 7447 8019 7990 8537 7709 7768 7910 7694 8133 8074 8219 8300 7836 8399 8604 8210 7988 7698 8661 7949 8089 7699 7783 7697 8185 7724 8036 7974 7739 8312 8103 8383 7818 7809 7886 7853 7719 8467 8155 7842 7876 7738 8491 8382 8095 8183 7955 8058 8023 7931 8112 7965 8205 7602 8179 8395 7393 8147 8032 7888 8281 7698 8254 8270 8505 7909 7896 7945 8033 7982 8314 8146 8206 8223 8563 
7865 8784 8581 7957 8830 7879 8640 8286 8228 8216 8360 8176 7891 8995 9082 7941 8934 8267 8148 8109 8745 8066 8230 8437 9060 8870 7855 8621 8486 8275 7833 7782 8345 8357 8369 8792 8238 7943 8619 8206 8407 8631 8320 8417 8220 7944 8588 8246 8675 8579 8218 8392 8388 8468 8848 8742 8143 8729 8543 8187 8178 8361 8213 8170 8695 8238 8486 8523 8506 8629 8686 8632 7745 8352 8111 8103 8512 8524 8952 7923 8067 8954 8552 8349 8649 8169 8414 8260 8633 8301 8233 8299 8442 8153 8012 8888 8842 9280 8824 8229 8534 9214 8531 8965 8184 8530 8745 8522 8155 8325 8021 8672 7909 7514 8991 8441 7894 7717 8165 8396 8288 8295 7771 8458 8264 8944 8662 8226 8665 8720 8128 8365 8435 7859 8184 8280 8031 8176 8688 8421 7772 8705 7966 7939 8547 8789 8121 8642 7969 8383 7798 8243 8680 8378 8381 8474 8508 8583 8094 8535 8591 8655 8506 8573 8618 8722 8608 8382 8257 8177 8561 8877 8209 9051 8654 8684 8546 8816 7922 8441 8811 8169 8028 8629 8172 8324 8599 8924 8211 7710 8571 7769 8382 8549 9065 8347 8734 8808 8187 8228 8275 8746 8506 7813 8419 8732 8190 8390 8605 8806 8307 8142 8770 8508 8084 8091 8609 8305 8384 8415 8279 9165 8778 8331 8384 8458 8172 8445 8209 7847 8332 8714 8234 7944 8326 7964 7687 8583 8722 8295 8338 8283 7817 8667 8285 8725 8691 8585 8257 8804 8846 8156 8419 8778 8487 8498 8524 8651 8383 8607 8260 8651 8755 8398 8850 8280 8363 8441 8336 8289 8564 8749 8543 8416 8280 8310 9027 8414 8206 8374 7874 8239 8682 7917 8146 8185 8175 8543 8762 8244 7571 8454 8423 8550 8692 8138 8462 8719 8827 8433 8155 8376 8115 8728 8942 8543 8295 8227 8065 8556 8551 8102 8332 8531 8577 7929 7988 8647 8594 8401 9038 8324 8196 8237 8476 7953 8100 8324 8749 7872 8321 8321 9041 8209 8038 8474 8680 8363 8810 8716 8538 8517 8225 8637 8503 8487 8168 8339 8303 8587 8687 7981 8387 8021 9339 8272 9029 8215 8125 8438 7862 8310 8323 8425 8124 7797 8503 8478 8644 8269 8131 8005 8374 7982 8543 8770 8389 8861 7780 8141 8572 8095 8579 8223 8625 8240 7923 8381 8321 8683 8566 8187 8511 7914 8313 8100 8355 8438 8660 9245 
7539 8236 8332 8060 8913 8093 8914 8332 8089 7532 8095 8322 7662 8421 8983 8318 8881 8614 8525 8156 8620 8012 8683 8601 8695 8624 8109 8455 8356 8505 8202 7756 8061 8447 8731 8492 8301 8179 8204 8178 8223 8275 8246 8184 8244 7985 8596 8072 8454 8239 8312 8036 8649 8132 8489 8525 8274 8557 8787 8163 8268 8576 8165 8098 8594 8162 8359 8162 8680 8511 8548 8529 7961 8831 8149 7884 8426 7978 8751 7973 8133 8524 8089 8372 8596 8332 8544 7798 8565 8211 8360 8490 8502 7853 8172 8468 8783 8613 8769 8353 8231 8909 8157 8749 8097 8382 8571 8528 8070 8382 8336 8680 7939 7525 8960 8276 7514 7794 8231 8533 8419 8235 7718 8379 7988 8835 8223 8050 8317 9012 8642 8684 8159 8297 8313 8169 8017 8367 8988 8046 8246 8433 8674 7778 8526 8378 8409 8900 8064 8304 7782 8427 8729 8756 8704 8491 8379 8148 8199 8251 8662 8121 8382 8054 8662 8463 8513 8138 8335 8145 8734 9086 7953 8810 8361 8510 8181 8317 8095 8327 8753 8169 8152 8171 7976 8376 8808 8822 8415 7422 8630 7879 8441 8199 9270 8235 8611 8926 8684 8108 8299 8840 8402 7777 8127 8449 8352 8288 8644 8696 8081 7896 8523 8147 8441 8131 8430 8153 8163 8428 8349 8948 8698 8337 8206 8603 8319 8356 8231 8167 8266 8284 8209 8721 8594 7756 7618 8660 8208 8825 8036 8259 8033 8561 8259 8434 8338 8356 8260 8338 8744 8177 8635 8529 8062 8464 8252 8448 8215 8697 8132 8200 8293 8447 8608 7717 8261 8141 8223 8176 8635 9028 8373 8186 8328 8129 8734 8236 8222 8730 7867 8228 8703 8123 8219 8107 7974 8302 8563 8393 7805 7925 8582 8139 8622 8170 8187 8498 8495 8122 8468 8257 8188 8714 8813 8578 8472 8400 8583 8521 8590 7981 8459 8198 8128 8160 8055 8372 8839 8058 9195 8050 8260 8200 8102 7632 8096 8062 8802 7668 8006 8029 8419 8786 8119 8461 8825 8413 8928 8584 8150 8378 8073 8536 8007 8620 7823 8351 8547 8795 8563 8177 8244 8085 8632 8682 8786 8104 7950 8249 7956 8213 8025 8589 8164 7836 8383 9101 8350 8346 8302 8230 8279 8114 8689 8333 8348 8338 7586 8280 8344 7974 8268 8323 8781 8724 7942 8400 8507 8640 8772 7681 8468 8079 8000 8205 8274 8402 8648 8835 
7280 8429 8445 8068 8231 8079 8481 7627 7835 7949 8046 7974 7600 8641 8920 8325 8721 8144 8031 8202 8424 7606 8089 8589 8685 8305 7874 8293 7823 8244 7765 7944 8056 7845 8100 8315 7903 7901 8106 8058 8398 8355 8138 8324 8048 7937 8178 7871 8442 8448 7928 8057 8558 7976 8708 8584 7958 8384 8432 8083 7730 8702 7958 8089 8493 7917 8242 8733 8669 8662 8396 8679 7529 8268 7997 7834 8149 7993 8244 7434 7861 8286 8313 8025 8387 7879 8314 8465 8398 8179 8044 8047 8239 7873 7973 8440 8442 8533 8667 8163 7855 8634 8255 8288 7733 8541 8516 8098 8136 8065 8049 8189 7922 7957 8906 8075 7511 7855 7927 8368 8252 8126 7589 7721 8194 8698 8510 7900 8432 8329 7797 8145 7930 8119 8160 8386 7777 8101 8343 8142 7699 8530 7905 7402 8194 8102 7897 8509 7647 7958 7903 8234 8403 8012 8210 8288 8076 7997 7884 8183 8114 8596 8394 8280 7932 8350 8138 7780 7879 8289 8170 8662 7603 8648 8325 8179 7985 8038 7785 8216 8309 8236 7686 8039 8016 8128 8227 8927 8267 7706 8236 7877 8405 8446 9109 8310 8473 8759 8210 8059 8174 8509 8154 7715 8063 8299 7890 8261 8506 8478 7965 8019 8386 8460 7967 7979 7928 7702 8350 8094 8271 9213 8674 8265 8008 8487 7938 8058 8526 8043 7849 8145 7879 8273 8471 7772 7879 8344 8292 8040 8062 8071 7818 8600 7992 8287 7765 8331 7950 8538 8573 8081 8281 8337 7811 8461 7663 8256 8134 8586 8164 8167 8375 7954 8299 7893 7866 8067 8104 8050 8315 8917 8172 7953 8326 8093 8460 8020 7777 8471 7573 8129 8300 7624 8119 7985 7729 8202 8235 8229 7738 7724 8264 8183 8924 7934 7989 8028 8591 7911 8039 7999 8061 8793 8250 8685 8647 8126 8206 8517 8311 7305 8141 8175 7907 8044 7614 8167 8670 7967 8705 7861 8146 7953 8207 7285 7957 7791 8818 7717 8300 7912 8474 8046 8217 8187 8245 8382 8716 8737 8080 8322 8157 8448 8128 8577 7780 8144 8073 8533 8570 8106 8066 8312 8589 8343 8457 7932 7455 8131 7680 8002 7901 8489 7976 8030 7993 8454 8426 8475 8090 7955 8171 7792 8221 8308 8178 8281 7551 7647 8396 7823 8368 8059 8343 8629 7668 7907 8203 8256 8425 8135 8401 8025 7982 8104 8206 7815 8586 8628 
7232 8341 8243 8055 8775 7971 8907 7942 8189 7755 8089 7878 7367 8274 8261 8298 8323 8046 8287 7728 8642 7869 7889 8334 8423 8117 7861 7930 8132 8104 7461 7440 7892 7693 8531 8231 7913 7855 8344 8200 8330 8330 8162 7887 8083 7857 8234 7940 8270 8062 7832 8052 8344 7874 8549 8440 8114 8616 8504 7974 8014 8045 7984 8025 8480 8074 8382 7847 8432 8187 8518 8212 7696 8449 8257 7501 8104 8284 8182 7669 7826 8230 8127 8125 8098 7996 8332 8101 7910 7786 8196 8048 8171 7491 7856 8720 8713 8640 8516 8045 8220 8617 7965 8541 8539 8368 8731 8217 7507 7878 8188 8260 7520 7478 8675 8059 7868 7509 7797 8257 7839 7920 7683 7687 7723 9054 7942 7744 8357 9027 8212 8408 8044 8238 8017 8146 7982 8021 8406 8191 8002 8197 8059 7371 8130 8317 8002 8403 7991 8114 8030 7804 8605 7977 8008 8153 8293 8067 7978 8067 8251 8009 8270 8076 7983 8248 8117 8071 8200 8069 8351 8681 7536 8782 8299 8457 8125 8060 7854 8250 8087 8131 7722 7904 8055 8358 8419 8261 7974 7478 8576 7383 7835 8096 8652 8226 8219 8297 8305 8394 8024 8436 8225 7765 7843 8175 7828 8183 8657 8195 7838 7741 8303 8511 8087 7930 8162 7809 8174 8167 7980 8992 8817 8320 8022 8655 7697 7817 8456 7962 8095 8119 7807 7951 8212 7633 8118 8227 8239 8320 7908 7982 7794 8154 8184 8098 7824 7884 8077 8252 8574 8093 8257 8348 8351 8686 7911 8716 8398 8316 8122 7641 7936 8021 8507 7806 8475 7461 7872 7909 8338 8765 8033 7982 8142 7819 8255 7879 7910 8063 7483 7637 8113 7725 7998 7850 7759 8105 8163 8208 7519 7755 8266 8210 8196 8127 7905 8282 8404 8090 7968 7695 8064 8366 8485 8322 8098 8216 8177 8119 8466 7391 7990 7966 8209 7635 7952 8345 8578 8008 8605 8055 8150 8250 8065 7724 8081 7853 8515 7790 8153 8138 8211 8121 8177 8127 8566 7853 8549 8574 7966 8659 7575 8434 7977 8046 7676 8001 8189 8418 8030 8106 8140 7853 8537 8360 8577 7843 7767 8249 7991 7942 8086 8244 7665 7755 8160 8276 8859 7984 7879 7825 8214 7957 8256 8114 8297 8137 7677 8123 8317 7826 8149 8133 8463 8369 7852 8086 8405 8331 8312 7747 8009 8051 8024 8358 8042 8117 8566 8619 
7564 8719 8534 8290 8860 8069 8910 8248 8369 7932 8328 8150 7858 8938 9207 8326 8732 8643 8518 8086 8722 8131 8411 8833 8843 8622 8041 8391 8399 8597 8212 8098 8370 8290 8964 8468 8175 8252 8366 8563 8339 8540 8652 8441 7930 8239 8993 7967 8729 8434 8188 8149 8940 8323 9022 8698 8239 8880 8831 8086 8463 8858 8292 8587 8944 8265 8895 8305 8744 8842 9050 8597 8020 8868 8292 7927 8447 8354 8601 8079 8248 8720 8413 8479 8387 8153 8684 8223 8701 8280 8378 8403 8518 8268 8348 8963 8905 8546 8867 8362 8634 8883 8264 8508 8340 8498 8723 8216 8288 8625 8456 8609 8424 8081 9417 8441 8028 7957 8314 8969 8686 8451 7906 7740 8639 8824 8610 7971 8758 8744 8760 8655 8351 8266 8581 8469 8350 8572 8859 8093 8048 8831 8381 7783 8398 8427 8312 9092 7833 8926 7828 8641 8777 8653 8386 8604 8556 8171 7838 8675 8660 8361 8521 8518 8694 7980 8683 8057 8613 8357 8763 8914 8237 8953 8956 8736 8279 8645 8128 8318 8864 8186 8062 8183 8042 8230 8616 8946 8162 7849 8650 8335 8470 8267 9113 8729 8802 8919 8569 8331 8119 8526 8230 7767 8151 8949 8160 8513 8271 8581 8296 8398 8915 8602 8464 8081 8495 7878 8639 8291 8589 9256 8778 8736 8391 8879 8496 8317 8554 8265 8391 8682 8295 8541 8576 7860 8396 8791 8412 8195 8038 7980 7847 8737 8203 8912 8268 8509 8167 8641 8770 8249 8580 8624 8456 8670 8229 8618 8202 8956 8617 8239 8394 8398 8537 8164 8303 8103 8709 8649 8797 8884 8598 8664 8344 8217 8784 8003 8360 8626 7895 8254 8871 7890 8633 8064 7855 8156 8275 8652 7486 7820 8587 8324 8620 8381 8625 8613 8580 8349 8429 8217 8304 8741 8532 8934 8584 8366 8509 8646 8704 7980 8642 8298 8007 8332 8084 8387 8765 8032 9169 8341 8438 8228 8490 7513 8010 8128 8744 8380 8529 8340 8639 8529 8494 8329 8906 8218 9031 8923 8221 8588 8194 8650 8243 8618 8186 8406 8308 8878 8714 8566 8197 8315 8955 8558 8913 8290 8063 8611 8152 8137 8123 8353 8213 8232 8363 8690 8817 8390 8765 8120 8766 8434 8502 8641 8421 8362 7530 8137 8706 8093 8442 8490 8712 9065 8090 8736 8624 8670 8811 8077 8536 7815 8345 8758 8321 8525 8555 8915 
7609 8474 8522 8170 8718 8078 8978 8146 8029 7869 8154 8047 7569 8876 8316 8351 8582 8283 8198 8262 8458 7939 8112 8675 8322 8450 8103 8309 8511 8373 8147 7853 8181 8520 8407 8449 8003 8088 8169 8112 8177 8395 8289 7993 7907 7706 8577 7812 8510 8572 7510 7815 8392 8452 8619 8579 7792 8382 8573 8139 7622 8637 8110 8093 8368 7869 8594 8563 8491 8769 8561 8494 7511 8589 8221 7871 8404 8087 8639 8060 8034 8389 8242 8377 7943 7729 8077 8131 8543 7822 8007 8143 8447 7662 8301 8560 8699 8574 8560 8098 8383 8588 7926 8750 8156 8160 8631 8557 7765 8115 8185 8434 7702 7628 8709 8029 7983 7780 8299 8122 8766 8175 7602 8231 8104 8833 8343 8027 8209 8823 8432 8293 8378 7794 8258 8201 7841 8087 8356 8309 7836 8455 7964 7674 8235 8141 8081 8861 7858 8529 7923 8227 8940 8116 8088 8528 8113 8169 7881 8442 8311 8492 8286 8295 8335 8376 8545 8057 7992 8345 8529 8679 8009 8456 8484 8499 7955 8492 7960 8259 8661 8105 7954 8308 8079 8739 8339 8720 8371 7695 8249 7819 8156 8037 8881 8350 8585 8858 8322 8458 8121 8632 8251 7814 7960 8483 8205 8513 8147 8519 7936 7967 8949 8035 7818 8073 8171 7917 8322 7928 8474 8883 8840 8602 8381 8440 7909 8403 8404 7611 8400 8355 8104 8299 8290 7892 7866 9052 8392 8183 7971 7967 7586 8445 8200 8578 8249 8298 8067 8328 8528 8282 8252 8758 8201 8507 7988 8399 8448 8083 8517 8129 8646 8202 8612 7858 7865 7855 8045 7952 8344 8785 8498 8036 8387 8095 8454 8001 8413 8562 7863 8163 8252 7950 8399 8043 8015 8494 8313 8084 7494 7976 8192 8110 8442 7915 7990 8399 8524 8158 8036 7899 8327 8683 8475 8527 8270 8374 8323 8404 8349 7685 8279 7972 8258 8070 7990 8309 8471 8344 9185 8156 8333 8370 8096 7766 8066 8321 8729 7931 8020 8271 8260 8481 8301 8239 8372 8336 8475 8385 8196 8484 7873 8807 7836 8567 7908 8145 8391 8607 8440 7896 8111 8029 8733 8274 8838 8137 7868 8444 7860 7955 8285 8230 8200 7708 8121 8444 8483 8328 8446 8259 8352 8010 8828 8663 8235 8212 7769 8181 8499 7805 8244 8270 8463 8160 7510 7928 8374 8776 8386 8285 8380 7941 8346 8523 8252 8489 8442 8889 
7831 8890 8653 8440 9054 8079 9274 8222 8169 8622 8680 8280 8134 8833 9106 8649 8739 8762 8680 8440 8623 8143 8455 8617 8486 9001 8251 8715 8484 8660 8366 8067 8438 8727 8956 8840 8574 8027 8695 8358 8353 8794 8056 8421 8449 8115 8861 8321 9084 8818 8016 8283 8612 8655 8653 9267 8418 8639 9059 8487 8038 8662 8501 8401 8733 8178 8579 8600 8937 8783 8901 9048 8032 8871 8548 8484 8635 8370 9069 7978 8372 8922 8748 8785 8489 8246 8588 8307 8646 8460 8652 8642 8583 8277 8553 9035 9170 9292 9149 8302 8354 9194 8201 9046 8473 8525 9067 8593 8236 8653 8551 9047 7947 8105 9025 8289 8078 8038 8355 8904 8540 8722 8095 8688 8482 9094 8307 8118 8593 9170 8693 8933 8632 8154 8680 8514 8183 8366 8930 8677 8201 8763 8461 7709 8435 8544 8368 8891 8289 8545 8378 8499 9008 8715 8442 8437 8678 8531 8481 8464 8870 8666 8539 8532 8749 8809 9000 8544 8530 8723 8865 9079 8429 8913 8644 8821 8487 8952 8560 8755 8689 8505 8089 8710 8398 8841 8866 9013 8333 7969 8859 8068 8592 8399 9236 8603 8872 8883 8826 8502 8298 8853 8188 7451 8389 8819 8290 8527 8780 8982 8283 8265 8679 8890 8198 8183 8654 8467 8413 8308 8847 9155 9249 8790 8537 8695 7994 8804 8405 8214 8193 8913 8500 8479 8407 8300 8285 9032 8417 8460 8209 8219 8374 8699 8610 8978 8326 9029 8544 8663 8718 8271 8647 9138 8505 8945 8946 8827 8531 8792 8278 8763 8700 8487 8992 8210 8270 8126 8958 8453 9092 9065 8793 8389 8546 8285 9099 8181 8415 8687 8272 8526 8860 8133 8209 8149 8124 8680 8601 8590 7816 8438 8838 8628 9106 8800 8356 8647 9288 8715 8796 8437 8287 8781 8970 8785 8981 8470 8580 8611 8885 8214 8686 8373 8494 8489 7999 8621 8930 8572 9483 8600 8634 8769 8572 7867 8031 8535 9100 7970 8538 8565 8508 8664 8582 8686 8931 8392 8805 8868 8551 8731 8490 9092 8629 8957 8511 8474 8621 9110 8696 8460 8587 8154 8901 8436 9034 8320 8306 8663 8082 8300 8415 8608 8517 8072 8384 9002 9048 8636 8448 8324 8480 8231 8749 8631 8556 8835 8079 8338 8886 8330 8738 8707 8357 8704 8225 8961 8623 9350 8486 8584 8753 8221 8468 8565 8349 8598 8835 9239 
6711 7663 7753 7791 8074 7659 8072 7549 7279 7201 7743 7238 7187 7914 8030 7887 7766 7878 7753 7663 8205 7388 7654 7964 8139 7911 7407 7797 7475 7405 7241 7175 7791 7663 7555 7627 7527 7266 7668 7863 7834 7779 8045 7714 7520 7508 7666 7653 8079 7523 7725 7418 7966 7388 8029 7924 7578 8179 8323 7605 7583 8243 7842 7567 7922 7730 7623 7641 8091 8126 8292 7841 7421 8052 7645 7302 8115 7995 8379 7593 7254 7732 7717 7663 7913 7567 7688 7976 7726 7632 7289 7501 7894 7214 7420 7807 8050 8189 8297 7483 7544 8214 7586 8012 7727 7989 8165 8039 7491 7726 7443 7825 7791 7513 8279 7426 7101 7093 7524 7874 7793 7608 7122 7216 7746 8189 7712 7453 8160 8138 7526 8079 7680 7612 7493 7752 7314 7616 7998 7623 7694 8074 7568 7085 7879 7685 7733 8038 7390 7797 7433 7761 8262 7721 7632 7832 7799 7845 7515 7571 7950 7836 8118 7688 7601 7277 7897 7513 7648 7755 7921 8206 7728 7886 7927 7902 7644 7819 7301 7728 7969 7655 7733 7565 7390 7668 8080 8084 7608 7375 7795 7186 7527 7276 8178 7910 7976 8221 7655 7943 7690 7933 7717 7185 7388 8008 7745 7740 8030 7945 7680 7436 7826 7691 7345 7744 7600 7723 7863 7542 7522 8266 8304 7797 7420 8153 7348 7377 8176 7566 7769 7943 7510 7595 7885 7002 7596 7949 7630 7667 7251 7243 7253 7911 7663 7814 7590 7609 7568 7925 8107 7498 7716 7989 7742 8082 7504 8174 7486 8132 7417 7677 7866 7657 7981 7129 7705 7755 7568 7465 8015 8242 7727 7503 7509 7449 7886 7730 7582 7944 7323 7626 7970 7277 7846 7306 7325 8065 7894 7226 7067 7541 7817 7401 7793 7505 7702 7649 8167 7524 7523 7657 7578 8223 7803 8036 8034 7873 7836 7865 7778 6998 7599 7451 7249 7400 7330 8051 8084 7984 8252 7317 7767 7587 7403 7183 7564 7652 7797 7249 7765 7624 7779 7458 7427 7585 7902 7946 8061 8377 7507 7832 7091 7895 7609 7947 7450 7625 7858 7912 7664 7488 7372 7339 7831 7949 8012 7514 7369 7554 7138 7797 7836 7878 7512 7244 7611 7802 8036 7834 7463 7435 7776 7505 8073 7965 7838 7577 7078 7863 7931 7174 7846 7989 8098 7847 7097 7534 7829 7782 7626 7654 7937 7233 7685 7714 7570 7811 8172 8242 
7210 8144 8456 7927 8247 7923 8441 7907 7929 7739 8084 7624 7613 8029 7954 7651 8251 8152 7774 7505 8346 7673 7866 8400 8360 8266 7843 7879 7900 8013 7521 7586 7754 8192 8162 8166 7692 7673 8033 7741 8029 8153 8083 7931 7858 7677 8124 7900 8011 7807 7588 8152 8249 7555 8436 8309 7841 8321 8188 7898 7597 8302 7620 8208 8116 7920 8015 8303 8229 8055 8225 8317 7450 8155 7724 7692 7848 7540 8446 7214 7860 8108 8053 7897 8032 7882 8142 7836 8305 7889 7927 7914 8147 7604 7904 8353 8424 8621 8033 7638 7766 8516 7653 8247 7812 8183 8290 8315 8276 7910 8155 8239 7745 7855 8647 8047 7478 7668 7848 8245 8133 8122 7499 7803 7673 8690 7921 7793 8150 8305 7976 8166 7809 8128 8232 7884 7831 8009 8168 8069 7499 8311 8042 7402 7948 8292 7875 8272 7726 7985 7848 7927 8557 8250 7749 8215 8284 7724 7703 8130 8350 8079 7733 8071 7844 7978 7847 7956 7589 7832 8363 8317 7783 8491 7991 8271 7875 7966 7709 8248 8466 7997 7577 8039 7821 7954 7831 8475 8255 7732 8172 7571 8010 7819 8627 7961 8325 8381 8000 8175 7937 8078 7734 7705 7853 7964 7916 7924 8576 8545 7909 7400 8036 8427 8075 8127 8050 7504 8299 7728 7953 8760 8638 8275 7712 8213 7705 7862 8175 7689 7426 8208 7754 7852 8327 7325 7599 8162 8091 8021 7845 7764 7686 8259 8001 8543 7756 7751 7968 8368 8339 7694 8283 8226 7841 8198 7521 8245 8089 8180 8101 7929 8197 7956 8225 7757 7898 7655 8044 7916 8233 8396 7883 7854 7794 7939 8332 7823 8098 7948 7505 7850 7969 7777 7796 8026 7390 8074 8162 8013 7256 7913 7916 8103 7981 7810 7854 8627 8511 7767 7735 7808 7997 8517 8371 8285 8190 8025 8174 7958 7944 7635 7840 7477 8120 7732 7396 7804 8291 7568 8469 7941 8010 7743 7967 7373 7619 8004 8128 7471 7858 7888 8130 8089 7912 8120 8089 7982 8257 8698 7804 8259 7735 8242 7762 8096 7720 7575 7988 8244 7975 8101 8092 7907 8497 8149 8248 7877 7532 7875 7379 8113 7886 8509 7638 7990 7968 8682 8229 7880 7968 7649 8084 8006 8017 8066 7610 7918 7553 7984 8020 7925 8190 7756 8248 8113 7292 7991 8097 8387 8034 7843 7980 7902 7914 7844 8051 8218 8348 8403 
7447 8640 8568 8286 8926 7951 9033 8203 8346 8369 8266 8170 8034 8823 8990 8417 9107 8581 8403 8313 8828 7800 8490 8676 8491 8843 8244 8376 8187 8588 8021 7887 8404 8346 8700 8649 8238 8171 8420 8186 8667 8462 8183 8211 8463 8237 8791 8142 8569 8575 8342 8185 8774 8566 8661 8656 8048 8785 8832 8553 8121 8880 8204 8255 8592 8262 8533 8610 8736 8611 8692 8723 8119 8476 8320 7783 8410 8518 8791 7799 8321 8506 8667 8582 8530 8335 8532 8306 8596 8336 7904 8549 8539 7965 8470 9009 8772 8667 8950 8309 8525 8923 8321 8876 8321 8607 8553 8371 8464 8716 8240 8913 8420 7924 8889 8620 7751 7865 8442 8553 8547 8438 8096 8060 8141 9055 8629 8252 8648 8994 8324 8392 8273 7927 8350 8381 8135 8554 8674 8471 8014 8859 7742 7939 8272 8540 8277 8992 8144 8373 8058 8200 8594 8751 8335 8426 8345 8460 8152 8535 8703 8560 8601 8561 8094 8604 8274 8099 8581 8258 8642 8873 7821 8835 8830 8627 8148 8420 8050 8652 8607 8105 8225 8451 8305 8773 8560 8891 8497 7556 8550 8203 8463 8291 9160 8370 8498 8858 8512 8673 8286 8745 8495 8026 8421 8711 8738 8352 8743 8744 8311 7973 8959 8679 8322 8136 8560 8291 8261 8350 8717 9082 9001 8917 8479 8600 8398 8330 8908 7970 8485 8633 8389 8266 8509 7934 7842 8855 8463 8407 8089 8301 7846 8745 8395 8548 8277 8396 8261 8865 8868 8639 8710 8725 8402 8390 8629 8467 8328 8598 8440 8710 8638 8265 8825 8099 8517 8304 8462 8239 8829 8985 8718 8305 8158 8080 8845 8180 8228 8902 8093 8234 9014 8032 8565 8176 8157 8588 8780 8132 7781 8651 8589 7978 8920 8353 8374 8391 8688 8497 8634 8111 8485 8749 8597 8535 8463 8528 8526 8953 8774 8349 8564 8126 8594 8436 7951 8105 8735 8467 9113 8473 8278 8424 8605 7638 8189 8378 8721 7636 8486 8073 8569 8458 8704 8801 8973 8142 9018 8950 8447 8667 8375 8937 8330 8653 8161 8088 8795 8620 8725 8038 8634 8454 8905 8742 9038 8444 7803 8500 8285 8103 8265 8333 8117 7949 8656 8814 8808 8616 8474 8258 8559 8124 8788 8601 8292 8345 7840 8356 8880 7836 8634 8187 8375 8820 8035 8441 8672 8550 8528 8444 8584 8182 8132 8481 8331 8212 8626 9271 
7146 8084 8042 7371 8218 7745 8307 7896 8009 7601 8000 7871 7485 8083 8184 7839 8365 8274 7935 7641 8378 7536 7876 8176 8258 8014 7730 7961 8309 8137 7447 7387 7935 8000 8154 8151 7781 7936 7988 8175 8040 8370 7883 7822 7696 7645 8391 7809 7848 7670 7884 7410 8023 7625 8611 8323 7564 8308 8304 7743 7811 8358 7791 7928 8205 7980 8281 8310 8164 7879 8175 8464 7585 8207 7747 7422 7993 8023 8097 7493 7745 8167 8009 7975 8149 7711 7871 7872 7877 7930 7523 7760 8031 7394 7768 8405 8736 8719 8209 7470 8017 8413 7973 8506 7733 8153 8302 8092 7904 7925 7755 8278 7924 7435 8498 7923 7580 7699 7858 7973 8146 8218 7730 7666 7783 8644 7842 8030 8450 8403 7885 8377 8058 7819 7809 7939 7737 8137 8239 7828 7722 8257 7842 7451 7948 8074 7627 8537 7543 7741 7820 8121 8445 8212 7895 8139 7985 8002 7677 7728 8282 8063 7932 7955 7721 7877 7792 7989 8049 7910 8179 8631 7407 8364 8201 7895 7771 7919 7877 8193 8570 8109 7680 7955 7992 8154 8370 8173 7934 7251 8350 7634 7973 8023 8693 8120 8239 8249 7916 8361 7938 8144 7798 7344 7885 8012 7561 7971 8317 7953 7860 7467 8379 8314 7975 7879 7980 7775 8227 7927 8183 8656 8418 8200 7880 8409 7999 7868 7945 7529 7902 8285 7921 7711 7900 7597 7493 8278 8180 8039 7813 7806 7534 8418 7865 8149 7774 7834 7672 8328 8179 8135 8321 8609 8092 8146 7607 8451 7670 7869 8028 7885 8027 8141 8287 7584 7628 7790 8301 8224 8238 8433 8382 7826 8180 7751 8077 7726 8092 8284 7618 7238 8437 7485 8086 7730 7969 8077 8274 7664 7296 7982 7985 7979 8372 7703 7939 7756 8209 7893 7872 7756 8059 8224 8431 8217 8001 8164 8093 8049 8313 7224 8120 8077 8047 7745 7404 8126 8050 7739 8314 8046 8061 8002 8079 7313 8071 7653 8092 7795 7927 8042 8274 7978 8008 8130 8450 7527 8331 8414 7905 8300 7778 8273 8130 8215 7587 7902 8043 8293 8137 8001 7920 7786 8449 8049 8697 8196 7573 7972 7798 7861 7931 8406 7854 7667 7961 8199 7985 7974 8082 7508 8150 7854 8252 7993 7850 8100 7261 7892 7834 7755 7825 8026 8224 8189 7374 8006 8197 8159 8174 7647 8046 7653 7991 7811 7638 7977 8226 8575 
7646 8655 8536 8278 8757 8083 8726 8284 7949 8032 8472 8090 7879 8698 8735 8336 8757 8327 8293 8310 8739 7768 8294 8596 8974 8327 8165 7960 8132 8527 7888 7738 8515 8026 8504 8437 8056 7922 7802 8081 8156 8861 8227 8632 8178 8368 8839 8245 8369 8425 7993 8380 8694 7992 8961 8542 7863 8807 8644 8155 8257 8579 7976 8397 8810 8110 8535 8514 9086 8553 8657 8718 7654 8807 7886 7712 8590 8332 8844 7707 8139 8446 8325 8508 8369 8173 8517 8145 8418 7978 7974 8361 8228 7992 8154 8750 8768 8670 8228 8105 8235 9190 8069 8614 8342 8327 8851 8490 8084 8460 8264 8561 7950 8120 8916 8433 7901 7852 7940 8376 8455 8529 7752 8079 8520 8743 8118 7985 8321 8879 8501 8578 8128 8066 8446 8487 7885 8429 8460 8251 7941 8314 8188 7646 8328 8776 8308 8689 7924 8359 7873 8633 8102 8277 8487 8334 8561 8423 7765 8099 8493 8471 8472 8118 8363 8237 8787 8465 8134 8177 8256 8680 7930 8923 8553 8348 8167 8416 8474 8904 8389 8466 7848 8152 8341 8249 8620 8941 8340 7450 8610 7794 8362 8212 9106 8397 8714 8636 8336 8518 8030 8491 8329 7867 8254 8563 7829 8248 8139 8593 8494 8059 8540 8334 7937 7997 8169 8082 8424 8149 8653 8946 9052 8596 8004 8484 8285 8256 8428 8034 7890 8477 8149 8330 8430 7920 7771 8788 8378 8111 8084 7991 8195 8637 8601 8598 8222 8222 8051 8532 8555 8278 8602 8671 8349 8622 8118 8650 8334 8712 8266 8439 8438 8044 8620 7923 8475 7759 8349 8103 8695 8766 8568 8100 8408 8316 8726 8291 8050 8646 7605 8407 8694 7890 8234 7873 7989 8412 8478 8626 7563 8124 8320 8228 8909 8251 8255 8527 8378 8384 8154 7985 8367 8927 8702 8455 8277 8375 8564 8690 8379 7702 7907 8048 8164 8096 8249 8021 8557 7955 9089 8365 8129 8413 8383 7428 8093 8280 8750 8098 8110 8158 8593 8350 8202 8463 8678 8181 8577 8811 8390 8448 8115 8505 8267 8272 7982 8231 8648 8781 8483 7851 8284 8316 8510 8572 8634 8130 8205 8492 7847 8077 8366 8401 7923 8211 8751 8509 8814 8656 8159 8138 8313 8122 8436 8172 8498 8393 7813 8103 8415 7955 8432 8529 8461 8416 7943 8134 8445 8758 8457 8032 8325 7918 8208 8299 8328 8248 8503 8983 
6908 7919 7944 7834 7923 7665 8396 7476 7778 7353 7448 7333 7187 7985 7671 7549 7954 7899 7953 7756 7927 7224 7344 7990 7829 7749 7543 7482 7505 7662 7324 7249 7719 7325 7629 7573 7273 7509 7786 7361 7781 7895 7566 7646 7338 7355 7897 7647 8116 7733 7383 7546 7651 7164 8059 7887 7265 8058 8071 7636 7553 8041 7492 7748 7895 7648 8189 7692 8016 7794 7764 7630 7073 7600 7633 7037 7664 7796 8150 7421 7708 7798 7511 7873 7694 7691 7742 7145 7793 7505 7671 7716 7711 7133 7336 8153 7895 8294 8042 7702 7674 7958 7948 8189 7824 7689 8000 7612 7396 7474 7446 7870 7322 7177 8340 7687 7151 7361 7195 7798 7608 7718 7261 7093 7389 8340 7704 7355 7968 8067 7670 7927 7285 7301 7394 7504 7404 7756 7693 8072 7507 7999 7458 6977 7598 7697 7509 7918 7556 7590 7662 7717 8008 7670 7356 7697 7834 7353 7601 7304 7914 7930 7895 7636 7697 7656 7822 7506 7271 7804 7902 7996 7462 7901 7965 7529 7634 7775 7524 7729 7759 7343 7097 7507 7346 7995 7887 7920 7610 6953 7809 7333 7375 7763 8247 7827 7833 8322 7674 7911 7798 7887 7655 7099 7767 8051 7764 8046 7816 8054 7498 7316 8376 8119 7344 7951 7644 7484 7554 7663 7993 8419 8274 7943 7535 7742 7311 7796 7722 7335 7838 7624 7693 7530 7589 7243 7289 8001 7632 7347 7636 7681 7526 7889 7477 7945 7302 7714 7475 7943 8120 7226 7651 8080 7761 7706 7415 8013 7712 7913 7261 7591 7885 7502 8042 7560 7704 7425 7910 7394 7855 8067 7850 7650 7435 7356 8263 7359 7424 7840 7084 7263 7908 7126 7630 7358 7356 7805 7784 7521 6893 7792 7520 7646 8039 7438 7650 7907 8205 7598 7498 7091 7522 7714 7789 7675 8097 7462 7790 7591 7889 7282 7518 7534 7471 7488 7294 7696 7614 7600 8325 7710 7564 7588 7678 6846 7406 7490 7846 7599 7930 7459 7908 7826 7782 7860 8038 7842 8066 7946 7352 7821 7602 8147 7550 7712 7239 7518 7572 8155 7862 7729 7567 7288 8219 8149 7920 7687 7315 7576 7662 7575 7787 7724 7464 7430 7865 7895 7923 7551 7665 7440 7777 7798 7874 7955 7746 7753 7087 7442 7839 7632 7939 7521 7565 7939 6935 7715 7863 7931 7812 7504 7670 7351 7477 7655 7448 7872 7913 7902 
6980 8052 7870 7835 7933 7722 8516 7496 7697 7630 7590 7878 7214 8354 7986 7966 8074 7988 7747 7731 8101 7564 7568 8308 8090 7925 7449 8050 7883 7906 7512 7381 7726 7453 8064 8001 7597 7817 7684 7900 7746 8039 7771 7645 7947 7724 8154 7908 8055 8157 7388 7585 8139 7491 7989 8200 7698 8372 7816 7731 7387 8178 7942 7933 8115 7592 8068 7895 8105 7918 7921 8058 7584 8116 7692 7222 7792 8131 8025 7709 7544 7612 7891 7857 7657 7613 7924 7856 7804 7935 7659 7880 7947 7598 7668 8125 8174 8351 8227 7631 7830 8381 7537 8076 7911 7816 8177 7782 7551 7813 7897 7848 7496 7553 8595 7697 7342 7472 7362 8099 7766 8096 7176 7704 7887 8581 7669 7540 8222 8190 7784 7983 7664 7774 7902 8166 7792 8018 7722 7843 7292 8015 7762 7434 7899 8228 7796 8134 7586 7872 7576 7875 8528 8021 7814 8030 8035 7608 7783 8007 7762 7801 7911 7620 7941 7949 7860 7644 7649 8001 8103 8425 7245 8535 7791 8180 7617 8058 7605 7569 8193 7779 7814 7478 7479 8143 8259 8240 7997 7305 8254 7309 7778 7539 8504 8225 7857 7976 7951 7842 7629 8208 7541 7125 7695 8010 7943 8090 8132 7990 7529 7645 8239 8156 7558 7836 8145 7682 7910 7639 7995 8571 8076 7916 7863 8181 7382 7919 7932 7512 7659 8254 7391 7880 7988 7521 7586 8351 7705 8105 7828 7540 7165 7897 8086 7767 7640 8116 7834 8442 7805 8035 7448 7877 8002 8243 7842 8306 8187 8107 7840 7563 8061 7779 8034 7502 7869 7581 7990 7919 8245 8053 7724 7665 7581 7824 8104 7550 7749 7871 7428 7404 8039 7517 7977 7518 7611 7779 7578 7795 7234 7771 8056 8042 8071 7951 7647 7932 8309 7678 7721 7745 7964 8047 8035 8270 7996 7594 7761 7915 7855 7469 7734 7641 7760 7903 7846 7784 7983 7720 8502 7471 7814 7857 7538 7207 7777 7731 8357 7456 7829 7564 7874 7791 7764 7563 8027 7888 7994 8346 7894 7701 7658 8548 7790 8160 7749 7794 7712 8090 7808 7692 7803 7515 8325 8012 8321 7861 7597 7824 7897 7918 7428 8157 7645 7924 7786 8148 8178 7942 7898 7598 7797 7637 8155 8257 7936 7910 7511 7721 7950 7278 8067 7952 8015 8129 7511 8118 7919 7986 7979 7549 7851 7584 7518 7549 7892 8033 8096 8274 
7240 8239 8294 8167 8482 7902 8477 8018 7892 7917 8059 7848 7387 8754 8454 8003 8497 8148 7821 8091 8290 8076 7868 8395 8581 8483 7970 7801 7908 7973 7737 7283 8364 7939 8401 8582 7583 7645 8120 7805 8092 8364 7810 8211 8050 7961 8031 7776 8046 8199 7669 7737 8014 8015 8280 8256 7842 8730 8212 7964 7693 8360 8115 8028 8696 8004 8392 7933 8344 8011 8447 8153 7640 8548 7718 7830 8241 7993 8657 7730 7974 8340 8034 7960 8020 8204 8177 7764 7963 8039 8028 8359 8442 8085 7759 8424 8144 8659 8456 8123 8083 9006 7925 8186 8147 8279 8546 7938 7784 7968 7874 8314 7885 7397 8672 8043 7644 7592 7590 8024 8260 8021 7545 7913 7797 8734 8119 7890 8373 8649 8177 8175 7941 7984 8049 8054 7866 8052 8222 8203 7596 8069 8236 7525 8025 8411 7788 8489 7718 8041 7703 7816 8268 8455 8129 7996 8268 7954 7876 7848 8422 8046 8073 8034 8128 8329 8227 8042 8064 8024 8200 8696 7668 8483 8199 8187 8058 8106 7711 8309 8539 8027 8140 8201 7903 7925 8290 8417 8142 7190 8513 7267 8069 8185 8638 8314 8439 8433 8146 8164 8048 8657 8139 7274 8138 8301 7905 8323 8514 8406 7567 7729 8371 8457 8104 8248 8157 7748 7899 7829 8045 8771 8579 8058 8100 8472 7788 8253 8166 7636 7924 8264 7957 8002 8132 7537 7786 8659 8453 7876 7961 7814 7745 8332 8197 8525 7640 7913 7779 8372 8547 8145 8146 8451 8101 8334 7843 8266 7819 8361 8081 8111 8466 7989 8393 8164 7911 8003 7912 8061 8167 8340 8333 8051 7977 8022 8259 7801 8149 8279 7510 8083 8338 7829 8066 7723 7843 8215 8153 8124 7449 8096 8250 8066 8356 8003 8117 8063 8262 8106 7720 8084 8125 8530 8417 8306 8372 8121 8234 8251 8101 7455 8232 8122 8031 7819 7911 7945 8293 7940 8750 8036 8096 8003 8187 7394 8077 7824 8610 7662 7760 8069 8166 8173 8011 8295 8495 8252 8310 8457 8241 8181 7605 8315 7914 8132 7701 8049 8173 8473 8133 7777 8002 7813 8468 8053 8488 8032 7910 7971 7780 8004 7816 8438 7891 7967 8094 8438 8332 8176 7919 7844 8228 8109 8306 8027 7946 8114 7441 7806 8260 7443 8187 7979 8121 8141 7473 8185 8135 8536 8401 7740 8185 7686 7979 7913 8057 8142 8665 8513 
7547 8221 8286 7837 8296 7797 8644 7831 7876 7499 7958 7989 7460 8366 8530 7809 8001 7972 7997 7711 8288 7371 7938 8240 8361 8148 7679 8228 8106 7993 7346 7555 7733 7778 8278 8396 8002 7884 8208 8091 8261 8108 7989 8124 8007 7458 8420 7686 8077 8464 7886 7875 8335 7909 8480 7961 7662 8227 8422 7736 7880 8393 7831 7783 8421 7752 8013 8191 8557 8273 8310 8373 7301 8401 7622 7588 7906 7827 8212 7437 7532 8273 7772 8344 8245 7637 8301 7854 8258 7792 7681 7867 8072 7584 7774 8478 8362 8459 8146 7766 7947 8320 7918 8481 7642 8134 8437 8016 7494 8099 7915 8184 7859 7658 8706 7568 7805 7548 7646 8247 7901 7739 7448 7806 8182 8565 7993 7716 8115 8433 7937 8197 8179 7775 8003 7897 7856 7701 8315 8130 7597 8264 8128 7265 7703 7965 7902 8456 7837 8079 7582 8294 8265 8053 7636 8382 8059 8009 7652 7997 8014 8118 7966 7786 7812 7931 8036 8037 8205 8402 8111 8544 7900 8303 7984 8072 8036 8376 7900 8280 8458 8221 7534 7836 7489 8076 8285 8528 8321 6935 8257 7439 8050 8026 8515 8018 8247 8534 8266 8193 8082 8488 8211 7686 8001 7904 7677 8239 8299 8057 7311 7594 8348 7883 7847 7787 7889 7516 8223 7854 7902 8681 8511 8200 8060 7991 7675 7633 8133 7766 7992 8280 7592 7965 8036 7573 7452 8308 8108 8018 8122 7883 7519 8554 7716 8016 7915 8113 7871 8001 8425 7984 7869 8274 7945 8264 7632 8496 8114 8214 8145 7906 8193 8149 8297 7949 7745 7709 7992 7975 8006 8359 8227 8148 7897 7841 8332 7957 7839 8495 7698 7984 8000 7616 7761 7596 7751 7851 8307 8098 7554 7689 8103 7678 8095 7498 8080 8172 8390 7885 7781 7941 7761 8564 8070 8119 8129 7985 7898 8245 7904 7344 8083 7888 8052 7925 7836 8201 8287 8009 8635 8106 7903 7933 8008 7225 8100 8061 8247 7769 7847 7705 8664 8084 7942 8304 8403 7880 8519 8505 7857 8534 7774 8361 7965 8479 7431 7970 7710 8484 8496 8084 7900 7821 8342 8283 8198 7969 7746 8245 7572 7843 8044 8326 7673 7575 8034 8711 8160 8360 7866 7691 7955 7657 8303 8015 7727 7935 8019 7777 8441 7651 8063 8145 8262 8069 7557 7986 8089 8184 8198 7829 8003 7884 8213 7917 7601 8083 8404 8562 
7057 7855 8048 7634 8226 7882 8462 7801 7771 7429 7847 7740 7240 8043 8090 7990 8179 8113 7634 7745 8265 7345 7808 7857 8239 7781 7202 7687 7711 7929 7580 7102 7619 7816 8143 7834 7592 7513 7679 7756 7906 7817 7879 7724 7339 7680 7992 7649 8042 7694 7654 7662 8170 7579 8022 7920 7999 8089 8194 7874 7689 8523 7860 7553 8113 7547 7931 7893 8218 8070 7808 7992 7319 7880 7699 7409 7709 8151 8111 7340 7652 7863 7570 7909 8151 7272 8089 7749 7975 7539 7550 7898 8157 7582 8054 8312 7987 8080 7934 7495 7457 8022 7427 8288 7565 7934 8200 7784 7595 7774 7596 8086 7604 7384 8584 7914 7369 7662 7633 7879 7946 8015 7319 7675 7797 8472 7561 7539 8233 8406 7938 7933 7598 7917 7792 7799 7610 7998 7920 7958 7699 7948 7778 7399 7712 8008 7757 8383 7545 7848 7884 7506 8006 7888 7832 7978 7828 7540 7502 7692 8270 7744 7764 7433 7796 8082 8064 7328 7820 7726 8114 8325 7547 8448 8319 8138 7889 7549 7585 8006 8117 7831 7723 7861 7749 8398 7771 8105 7920 7214 7953 7410 7921 7702 8294 8056 8023 8441 8028 7657 7844 8240 8215 7266 7731 7761 7720 7734 8072 8139 7443 7608 8459 7796 7269 7798 7583 7556 7905 7875 7922 8383 8491 8181 7717 8131 7714 7906 8141 7589 7851 7843 7637 7382 7883 7291 7464 8138 8152 8124 7494 7831 7395 8251 7856 7883 7518 8031 7738 8192 8299 7777 7951 7834 7763 7846 7751 7980 7686 7850 7895 7722 7942 7918 7985 8070 7465 7518 7777 7994 7584 8059 8059 7628 8033 7457 8308 7731 7967 7875 7370 7791 8012 7672 7836 7606 7673 8200 7970 7615 7068 7787 8059 7680 8234 7505 7848 7744 8134 7410 8125 7766 7820 8154 7923 8077 7979 8012 7897 8193 8251 7505 7885 7981 7882 7222 7448 7731 8401 7740 8281 7729 7774 7919 7672 6769 7359 7759 8235 7475 7808 7510 8115 8059 8477 8002 8064 7707 8297 7965 7978 7676 7578 8208 7548 8067 7700 7782 7838 8194 8142 7781 7810 7722 8105 8039 8115 7746 7236 7669 7468 7748 7759 7812 7747 7985 7902 8218 7998 7852 7680 7417 7817 7662 7712 7900 7881 7882 7227 7572 7996 7249 7938 7702 7794 8223 7322 7847 8044 8121 8024 7672 7778 7676 7668 7694 7757 7839 8105 8147 
7877 8660 8595 8439 8947 8196 9093 8192 7997 8228 8241 8589 7968 8685 8516 8172 8886 8335 8326 8189 8922 8090 8361 8738 8528 8806 8007 8415 8543 8536 8320 7499 8371 8315 8772 8445 7487 7998 8542 8107 8330 8703 8137 8164 8279 8182 8587 8349 8579 8400 8281 8091 8324 8319 8638 8346 8204 8742 8836 8334 8108 8737 8138 8423 8695 8079 8687 8566 8691 8691 8562 8727 7991 8832 8402 7916 8221 8536 8988 7703 8126 9021 8551 8505 8467 8198 8505 8190 8900 8384 8013 8523 8647 7938 8500 8699 8967 8899 8981 8454 8558 8885 8294 8876 8366 8514 8953 8571 8001 8434 8270 8585 8115 8114 9296 8354 7945 7733 8376 8557 8411 8429 7643 8332 8309 9000 8491 8391 8691 8842 8502 8333 8150 8255 8566 8087 8283 8486 8592 8753 8181 8943 8305 7666 8355 8823 7858 8772 8137 8259 7763 8456 8882 8680 8428 8307 8654 8123 7982 8278 8683 8311 8314 8233 8103 8316 8653 8335 8184 7936 8662 9038 8013 9244 8543 8431 8221 8299 8206 8598 8503 8217 8227 8425 8366 8266 8437 8961 8291 8004 8703 8042 8612 8262 9233 8314 8658 9135 8586 8668 8249 8447 8352 8052 8168 8808 8120 8335 8673 8663 8269 7885 8776 8585 8339 8298 8510 8232 8472 8564 8459 8900 8597 8865 8219 8838 8303 8577 8418 8128 8471 8396 8090 8491 8451 8046 7966 8795 8525 8126 8672 8152 8047 8442 8459 8674 8125 8398 8139 8339 8717 8383 8371 8727 8415 8634 8376 8743 8311 8605 8259 8457 8687 8100 8614 8203 8233 8345 8587 8100 8660 8417 8393 8209 8333 8279 9277 8554 8110 8601 7995 8383 8517 8067 8210 8027 8396 8583 8369 8531 7812 8151 8702 8391 8831 7932 7809 8500 8852 8195 8319 8166 8410 8720 9037 8779 8626 8557 8462 8433 8417 7900 8462 8444 8296 8208 7972 8366 8839 8341 9241 8311 8319 8258 8643 7537 8166 8347 8681 8243 8338 8091 8622 8737 8253 8308 8759 8824 9033 8719 8606 8420 8328 9006 8143 8413 8278 8253 8706 9088 8658 8226 8179 8274 9113 8639 8998 8039 7964 8142 8229 8574 8212 8648 8345 7931 8513 8780 8475 8506 8315 8431 8189 8299 8615 8601 8419 8298 7729 8147 8356 8106 8430 8606 8673 8528 7549 8409 8554 8845 8580 8301 8674 7984 8226 8463 8576 8718 8609 8727 
7129 8321 8136 8281 8563 7717 8495 7854 7633 7665 7829 7675 7499 8187 8451 8018 8468 7992 7911 7732 8698 8067 8043 8199 8351 8149 7489 8167 8038 8237 7800 7193 7972 7897 8433 8215 7513 7864 8245 7698 8123 8309 7751 7981 8009 7691 8216 7709 8179 8178 7950 7770 7994 7868 8565 8144 7699 8503 8172 7825 7777 8712 8128 8180 8368 7806 8365 8160 8363 8390 7954 8269 7343 7988 7840 7721 8246 8155 8399 7458 7830 8113 7796 8159 8266 7988 8034 7679 8267 8158 7712 7806 8184 7573 8215 8196 8444 8535 8329 8137 8033 8582 7991 8642 7932 8171 8685 8036 7537 7876 7933 8337 7882 7541 8626 7621 7511 7571 7849 8290 7914 7928 7554 7737 7863 8596 8081 7839 8048 8382 8029 8200 7908 7932 8004 7868 7653 8338 8618 7946 7613 8301 7998 7509 7912 8227 8137 8361 7699 8060 7419 7730 8362 8096 8149 8315 8302 8203 7981 7976 8363 8160 8035 7999 7785 8045 8164 7750 8044 8072 8470 8624 7644 8612 8225 8304 8101 8243 7913 8127 8531 7744 7796 8095 7891 7938 8168 8488 8155 7295 8171 7581 7936 8111 8485 7831 8249 8517 7906 8440 8084 8144 8125 7434 8174 8228 8010 8136 8183 8600 7808 7713 8345 8301 7508 8016 8030 7793 7948 8197 8236 8528 8644 8441 7867 8210 7550 8052 8018 7665 8227 8276 7714 7891 7950 7506 7452 8470 8265 7978 7890 7744 7564 8086 8473 8330 7613 8211 7699 8241 8545 8010 8156 8295 8001 8294 7971 8395 7822 8308 7925 8247 8403 8081 8308 7946 8070 7945 8101 7778 8428 8474 8260 7998 7909 7912 8390 8107 8010 8336 7728 7634 8548 7617 7816 7406 7729 8119 7823 8087 7596 7935 8305 8020 8059 7761 7715 8024 8482 8093 8110 7745 7711 8296 7987 8541 8059 8048 8326 8485 8291 7627 8129 7932 7772 7531 7736 7937 8074 8085 8656 7828 7982 7951 7853 7306 7666 8161 8312 7249 7836 7948 7982 8123 8184 7899 8598 7922 8739 8605 7939 8110 7666 8426 7686 8003 7592 7933 8152 8715 8083 8128 8072 7881 8678 8349 8278 7947 7772 7847 7571 8139 8320 7921 7944 7924 7752 8240 8314 8034 7910 7795 8075 7755 8191 8271 7958 8121 7737 8091 8183 7388 8101 8069 7837 8003 7430 8359 8168 8604 8212 7779 8337 7619 7919 8134 7764 7976 8334 8591 
7860 8578 8669 8141 8509 8066 8701 8267 8240 7610 8196 8204 8005 8813 8652 8208 8844 8600 7811 8120 8625 7929 7949 8719 8660 8058 7937 8327 8019 8181 7682 7913 8175 8168 8703 8358 7972 7709 7870 8262 8299 8508 8253 8326 7792 8049 8373 7677 8234 8785 7747 8171 8358 8096 8486 8526 7993 8622 8587 8138 7985 8525 8153 8031 8503 7833 8175 8419 8829 8320 8417 8427 7859 8307 7941 7774 8409 8262 8862 7778 8000 8490 8142 8157 8355 8208 8346 7878 8323 7738 7972 8328 8506 7752 8080 8719 8390 8558 8269 8147 8198 8582 8026 8756 8167 8628 8870 8281 8030 8333 8387 8444 8085 7642 8784 8152 7866 7776 8319 8040 8142 8253 7864 8022 8319 8818 8260 7837 8111 8962 8346 8401 8321 7901 8032 8172 7973 8364 8593 7998 7860 8514 8339 7498 8302 8160 8371 8515 7947 8213 7925 8282 8793 8444 8000 8346 8462 8237 7842 8080 8576 8401 8230 7749 8073 8386 8619 8207 8333 8083 8178 8643 8314 9005 8607 8482 7949 8191 8191 8222 8211 8158 8057 8059 8005 8637 8231 8509 8089 7349 8066 7860 7985 8431 9246 8135 8247 8479 8407 8421 8372 8369 8430 7767 8014 8402 8091 8476 8333 8646 8218 7810 8806 8371 7942 7972 8620 7670 8355 8380 8216 9086 8824 8629 7862 8567 7868 8232 8728 7995 8153 8466 7903 7970 8608 7698 7325 8584 8174 8353 8108 8036 7617 8700 8517 8015 8077 8299 7957 8332 8495 8146 8164 8407 8308 8437 7947 8483 8632 8446 8398 8186 8442 8269 8726 7811 8469 7824 8217 8165 8454 8634 8377 8033 8420 8294 8816 8131 8548 8766 7556 8131 8617 7904 8265 7869 7734 8426 8220 8245 7691 7947 8263 8621 8399 8162 8009 8193 8378 8089 8332 7830 8429 8828 8263 8216 8222 8418 8612 8667 8507 7968 8188 8255 8121 8141 8047 8172 8396 8364 9096 7807 8329 8024 7928 7557 8140 8248 8974 7454 8125 8153 8335 8553 7892 8247 8459 8151 8549 8886 8082 8230 8144 8674 7836 8386 7775 8232 8453 8525 8237 8192 8221 8158 8583 8327 8499 8107 8044 8079 7895 8110 8062 8521 7985 8110 8184 8336 8518 8637 8161 8203 8252 8237 8563 8352 8490 8314 7997 8292 8450 7951 8315 8046 8505 8480 7768 8176 8116 8777 8360 8095 8396 8300 8429 8001 8153 8218 8509 8595 
7304 8267 8291 7846 8376 7667 8618 7774 8272 7631 8204 7865 7694 8423 7993 7951 8304 8054 8090 8097 8231 7742 8132 8108 8477 8034 7561 8343 8154 8291 7627 7527 7997 8145 8137 7937 7721 7490 7811 7704 7926 8242 8004 7694 7517 7738 8183 7882 8296 8546 7851 7781 8120 7596 8240 8249 7650 8270 8444 7838 7865 8506 7595 8141 8499 8023 8261 8322 8283 8315 8159 8495 7438 8235 7795 7756 8244 8048 8503 7623 7823 7906 8361 8254 8180 7964 8374 7732 8029 7800 7784 8072 8207 7533 7510 8451 8010 8336 8508 8047 8090 8550 7461 8430 7887 8256 8204 8049 7750 7863 7984 8111 7515 7742 8706 8046 7607 7748 7613 8436 8122 7938 7461 7722 7800 8437 7926 7801 8113 8560 7830 8401 7970 7602 7866 7952 7814 7748 8570 8051 7963 8343 7875 7313 8341 8075 8074 8535 7691 8083 7535 8075 8504 8264 8044 8155 8412 8289 7916 8137 8206 8007 8262 8175 8062 8196 8027 7984 8032 7939 8137 8488 7963 8435 8131 8398 8170 8058 7874 8302 8220 8194 7552 7880 7789 8168 8205 8487 8085 7102 8102 7414 8037 7975 8658 7999 8492 8297 7968 8321 7982 8275 7972 7553 7955 8252 8315 8364 8282 8567 7859 7613 8435 8305 7916 8162 8169 7559 8196 7899 8037 8737 8743 8040 7967 8371 7817 8035 8390 7994 7889 8214 7761 8049 7964 7354 7501 8496 8049 8178 7813 8050 7728 8376 8198 8341 7739 7798 7978 8504 8129 7786 7996 8667 8102 8181 7709 8158 7929 8221 7833 8087 8317 7794 8464 7709 7913 7939 8179 7732 8356 8633 8174 8149 7944 7996 8315 7791 7735 8116 7504 7893 7854 7263 8111 7822 7448 8307 7802 7965 7945 8190 7990 8153 7953 7594 8255 8051 8305 8181 7862 7826 7762 8285 8287 7848 8575 8113 7963 8268 8279 7362 8433 8030 7716 7678 7627 7770 8266 8078 8724 8048 7893 8139 7844 7321 7877 7934 8486 7777 8074 7774 8241 8042 7765 7996 8338 8105 8257 8303 7824 8070 7911 8240 7672 8278 7792 7991 7943 8662 8234 7867 7946 7991 8678 8444 8144 7849 7412 7685 7536 7902 7997 8008 7776 7677 8095 8672 8601 8030 8070 7740 8107 7875 8088 8271 8173 8348 7642 7724 8211 7669 8303 7681 8259 8164 7431 8116 7973 7993 8038 7857 8081 7606 7969 8012 8180 8345 8435 8599 
7195 7982 8176 7748 8249 7571 8225 7471 7370 7637 7655 7280 7128 8126 8189 7952 8162 7847 7920 7808 7832 7561 7510 8325 8466 7917 7457 7780 7712 7851 7727 7351 7730 7940 8178 8020 7567 7541 7820 7522 7864 8114 7574 7748 7713 7475 8252 7707 8082 7731 7511 7470 8026 7683 8440 7889 7681 8153 7973 7768 7736 8294 7567 7783 8390 7456 8213 8027 8217 8245 7717 8050 7525 8172 7280 7113 8186 7726 8315 7484 7832 8397 7576 8151 8026 7924 7871 7339 8371 7930 7674 7795 8324 7682 7698 8104 8463 8247 8116 7822 7813 8355 7477 8448 7947 7811 8398 8117 7638 7875 7664 7930 7354 7293 8498 7906 7382 7647 7726 8190 8156 8141 7677 7764 7867 8476 7954 7656 8022 8063 7655 8059 8090 7808 7754 7868 7720 7881 8159 7874 7369 8340 7866 7507 8137 8291 7843 8326 7679 7929 7295 8024 7910 8029 7797 7981 7903 7936 7271 8039 7917 7880 7773 7797 8062 8065 7975 7606 7486 7967 8308 8582 7714 8260 8089 7925 7960 8021 7524 7851 8498 7883 7701 7859 7653 8014 8062 8532 7695 7131 8058 7389 7878 8172 8471 7891 8246 8284 7782 7634 7918 7859 7976 7357 7662 7994 7547 7870 8068 7882 7620 7565 8382 7949 7780 7632 8081 7442 7754 7857 8229 8572 8076 8183 7574 8071 7313 7890 8182 7492 7849 7932 7446 7882 7885 7557 7497 8378 7971 7773 7493 7343 7482 8233 7982 8100 7632 8131 7444 7929 8375 8006 7839 8157 7763 8203 7432 8150 7876 8215 8012 7807 7779 7813 8368 7668 7787 7762 7883 7926 8292 8247 8015 7947 7678 7760 8551 8098 7782 8339 7552 7788 8197 7188 8025 7566 7721 7852 7574 7924 7393 7654 8003 8035 8416 7584 7426 7804 8186 8055 8017 7539 7656 8212 8114 7875 7859 7932 7773 8011 8065 7554 8021 7682 7505 7589 8026 7540 8261 7685 8441 7899 7790 7523 7747 7312 7803 7426 8345 7767 7763 8080 8042 8257 7682 7872 8249 7848 8442 8172 7644 7765 7498 8410 7588 8140 7251 7876 7942 8546 7994 7667 7899 7617 8826 7699 8348 7695 7327 7465 7553 7954 7751 8077 7782 7772 7742 7970 8194 8144 7927 7622 7920 7814 8019 7707 7971 7919 7384 7697 7993 7382 7878 7778 7843 8001 7439 8188 7998 8118 8008 7777 7993 7852 7949 7863 7867 7938 8184 8197 
7271 8060 8108 8009 8371 7684 8450 7964 7958 7494 8070 7675 7517 8279 8240 7820 8360 8122 7656 7470 8041 7653 7751 7889 8079 7960 7823 8038 7817 7889 7433 7839 7886 8040 8267 8149 8004 7943 7886 7883 7833 7946 8234 7857 7702 7576 8442 7633 8182 8017 7766 7564 8061 7793 8224 8150 7957 8316 8353 8134 7698 8154 7991 7892 7992 7633 7883 8224 8388 7965 8212 8038 7445 8270 7794 7612 7815 7836 8366 7116 7276 8138 8023 8222 8034 7473 8301 7515 8460 7775 7828 7821 8016 7370 7730 8209 8054 8298 8214 8104 8202 8484 7922 8342 7738 8313 8070 7817 7473 7911 7784 8098 7666 7552 8610 7912 7495 7446 7614 7927 7778 7803 7291 7753 8010 8686 7949 7849 8434 8435 8269 8346 7932 7601 7710 7943 7778 7783 7971 7767 7382 7992 7927 7237 8312 8115 7791 8599 7687 8022 7385 7862 8399 7909 7896 8104 8342 7751 7737 7741 7823 8317 7864 7985 7910 7720 7918 7880 7855 7734 8364 8399 7752 8517 8047 8036 7905 7844 7738 7835 7931 7661 7754 7620 7939 7960 7660 8191 7799 7397 8006 7242 7974 7915 8449 7778 8426 8247 8037 8483 7831 8145 7713 7396 7706 8406 7882 8296 7922 8066 7919 7720 8173 8244 7921 7656 8207 7698 7862 7868 8371 8530 8645 8104 8190 8029 7471 7816 8043 7574 8003 8107 7785 8093 7961 7485 7749 8504 8238 8063 7891 7697 7791 7858 7926 8118 8106 7824 7724 8007 8010 7875 7938 8365 8301 8067 7744 8035 7872 8367 7942 8203 8090 7813 8147 7949 8022 7776 8038 7764 8200 8290 8117 7925 8174 7456 8328 7904 7889 7865 7719 7675 7999 7706 7916 7604 7329 7717 8084 8174 7386 7763 7931 7816 7818 7920 8048 8343 8386 7719 8014 7821 7869 7851 7961 8043 8158 8022 7892 8048 8084 7754 7864 7846 7851 7673 7666 8059 7803 8032 8558 7778 7790 8000 8090 7055 7716 8050 8258 7340 7711 7780 7966 8223 7791 7902 8432 7586 8459 8318 8234 8548 7490 8162 7761 7835 7611 7788 7782 8055 7877 7602 7982 7938 8241 8177 8010 7820 7592 7913 7787 7597 8048 7661 7749 7555 7745 8136 8097 8104 7803 7917 8071 7480 8303 7765 7692 8050 7402 7942 8066 7559 8148 7537 8293 7938 7433 7991 8058 8314 8193 7688 8024 7338 7857 8045 7873 7963 7946 8366 
7554 8398 8677 8338 8687 8015 8891 7594 7952 8270 8135 8011 7526 8549 8473 8588 8615 8615 8314 8048 8755 8033 8240 8726 8765 8420 8075 8318 8399 8657 7939 7870 8209 8410 8629 8298 7990 7869 8491 8295 8359 8776 8176 8242 8244 7848 8388 8076 8359 8354 8070 8104 8688 7945 8604 8690 8218 8480 8805 8240 8102 8389 7934 7916 8405 8208 8598 8123 8871 8618 8286 8549 8029 8434 8056 7503 8519 8264 8806 7846 8179 8401 8219 8247 8538 7796 8348 7981 8291 8119 7951 7968 8503 7904 8101 8800 8689 8605 8600 8028 8265 8838 7923 8716 8221 8495 8703 8466 7785 8406 8024 8275 7993 8019 8927 7988 8102 7852 8401 8489 8114 8502 7815 7918 8384 8969 8061 8205 8581 8905 8330 8430 8028 8152 8252 8148 8007 8226 8688 8346 7985 8446 8287 7555 8086 8328 8159 8675 8271 8103 7920 8009 8694 8623 8014 8605 8636 8378 7969 8149 8633 8315 8329 8185 8292 8548 8623 8042 8090 8512 8455 9073 7773 8935 8358 8582 8195 8332 8044 8077 8543 8057 8272 8672 8270 8454 8607 8657 8463 7725 8638 7531 8327 8533 9182 8302 8447 9055 8352 8648 8232 8336 8301 7740 8138 8515 8367 8053 8544 8500 7679 7531 8702 8431 8098 8001 8248 8135 8332 8148 8398 8884 8947 8473 8363 8302 8277 8242 8680 8319 8297 8612 7800 8193 8400 7838 7908 8517 8426 8248 8301 8148 7720 8573 8335 8384 8148 8196 7898 8689 8810 8225 8530 8648 8526 8536 8301 8331 8110 8248 8255 8279 8894 8280 8797 8331 8208 8066 8485 8078 8436 8767 8426 8186 8121 8116 8579 8277 8366 8872 7471 8176 8652 7753 8400 8102 7906 8551 8556 8253 7728 8094 8598 8232 8655 8181 8006 8388 8665 8158 8224 8386 8243 8857 8365 8592 8496 8193 8468 8518 8334 7583 8337 8049 8160 8131 8316 8369 8548 8354 8853 8172 8016 8556 8091 7612 8050 7925 8567 8155 8358 8116 8498 8489 8464 8151 8724 8192 8599 8686 8345 8445 7643 8675 8344 8701 7580 8099 8227 9079 8598 8213 8248 8188 8089 8395 8651 7925 8212 8229 7800 8083 8232 8267 8011 7741 8115 8842 8562 8284 8196 8229 8314 8234 8184 8421 8327 8114 7731 8220 8506 7823 8155 8451 8246 8602 7540 8497 8297 8641 8368 8150 8353 7952 8233 8101 8137 8393 8467 8974 
7568 8244 7914 8099 8788 8385 8747 7987 8025 7781 7970 7879 7741 8690 8501 8337 8596 8706 7837 8336 8282 7650 8208 8458 8344 8420 7791 8374 8255 8355 8021 7498 7987 8318 8517 8295 8052 8118 8241 8113 8052 8366 8231 8166 8041 7856 8701 8240 8375 8149 7871 7932 8494 7833 8490 8657 8269 8340 8590 7982 7678 8751 7830 8087 8256 7977 8446 8224 8518 8265 8322 8559 7819 8406 8240 7932 8535 8272 8782 8068 7864 8439 8119 8328 8234 7872 8107 7973 8348 7965 8215 8023 8545 7681 8181 8693 8521 8981 8547 8127 8242 8725 7931 8625 7793 7948 8476 8223 7965 8075 7953 8584 8117 7823 8856 8082 7816 7877 7959 8014 7841 7988 7565 8197 8009 9083 7944 7862 8413 8950 8182 8415 8008 8015 8213 8188 7892 8147 8309 8113 7930 8411 8328 7397 8199 8175 8167 8956 8199 8236 7767 8084 8845 8736 8012 8086 8444 8093 7931 8355 8025 8246 8344 8047 8132 8335 8516 8139 8063 8547 8435 8803 8201 8563 8304 8358 8060 8309 8373 8281 8530 7903 8051 8010 7959 8179 8586 8658 8233 7676 8507 7925 8485 8024 8863 8132 8420 8868 8082 8198 8286 8620 8199 7408 8051 8111 8130 8296 8871 7970 7936 7842 8514 8238 8078 8330 8261 8188 8281 7986 8431 8730 8820 8231 8333 8279 7784 8346 8287 7953 8141 8590 7860 8067 8056 7812 7725 8907 8210 8193 7886 7860 7905 8387 8161 8364 7909 8320 7962 8455 8209 8120 8351 8333 8457 8326 8307 8473 8343 8456 7917 8013 8473 8325 8557 8159 8064 7673 8438 8027 8560 8709 8369 8111 8124 8160 8199 8140 8015 8210 7603 8236 8476 7736 8341 7811 7670 8103 8180 8248 7501 8172 8317 8030 8238 8225 8243 8740 8360 7980 8083 7949 8091 8598 8544 8339 8510 8248 8361 8680 8215 7778 8530 8259 7875 8303 7920 8287 8277 8132 8696 8226 7775 8067 8070 7592 8075 7960 8695 7813 7972 8289 8194 8329 8293 8013 8598 7839 8668 8542 8098 8489 7924 8732 8098 8416 7882 8507 8328 8627 8177 8048 8120 8023 8578 8414 8517 7842 7923 8317 7712 7744 8021 8551 7924 7894 8419 8445 8279 8254 8301 7894 8095 7998 8457 8281 8091 8115 7924 8005 8081 7449 8311 8129 8294 8326 7683 8318 8687 8250 8429 7487 8383 7607 7931 8563 8165 8403 8319 8585 
7372 8057 8250 8105 8423 7479 8644 7952 8211 7709 8082 7771 7238 8358 8422 8039 8343 7981 8228 7828 8148 7527 7993 8036 8178 8096 7875 8073 7746 8098 7454 7349 7987 7743 8291 8042 7690 7482 7519 7828 7961 8159 7743 8071 7717 7516 8066 7986 7896 8301 7749 7921 8072 8082 8410 8482 8076 8511 8395 7966 7590 8577 8000 8263 8343 8023 8313 7950 8596 8284 8069 8285 7393 7918 7758 7581 8213 7956 8287 7448 7756 8108 8167 7720 7871 7662 8411 7811 8238 7642 7740 7979 8363 7422 8021 8466 8066 8372 8773 7847 7998 8370 7775 8030 7952 8258 8312 7757 7827 7884 7870 8384 7546 7675 8801 7817 7660 7475 7771 8104 7954 8044 7665 7657 8080 8329 7993 7587 8239 8561 8247 8196 7556 7844 8071 7943 7716 7933 8015 8210 7673 8451 8003 7196 8127 8010 7861 8452 7801 7936 7772 7864 8348 8182 8041 8028 8272 8330 7499 7878 8102 8397 8072 8056 7943 8126 7990 7935 7998 8032 8324 8317 7720 8557 8311 8174 8217 8023 7816 7926 8257 7841 7208 7593 7749 8085 7941 8376 8155 7371 8171 7420 8013 7923 8614 8154 8081 8409 7951 8032 8184 8436 8123 7500 7933 7928 7701 8141 7979 8276 7616 7777 8208 8122 7804 7789 7797 7617 8000 7479 8301 8472 8506 8343 7898 8089 7839 8013 8364 7886 8324 7910 7795 7500 7921 7497 7634 8325 7923 7750 7793 7840 7869 8338 7944 8263 7907 7970 7863 8011 8296 7855 8070 8123 8105 8148 7907 8031 7751 8178 7684 8008 7814 7700 8319 7726 7619 7533 7834 7640 8213 8475 8276 8106 8042 7779 8162 7870 8049 8133 7408 7870 8101 7391 7736 7489 7592 7827 7845 7901 7556 7597 8067 7672 8268 7956 7795 7934 8446 8020 8074 7676 7972 8182 8320 7908 7994 8173 7965 8276 7907 7739 8154 7961 7588 7716 7350 7844 8127 7915 8291 7921 7863 7944 7908 6982 7833 7919 8206 7456 8045 7883 8027 7996 8161 8331 8325 8036 8329 8257 8179 8241 7732 8263 7810 8090 7393 7881 7958 8580 8312 7804 8183 7714 8060 8288 8320 7581 7815 8101 7670 7879 7928 8102 7685 7837 7987 8114 8213 7991 7935 7673 7883 7853 7722 7826 7922 8158 7690 7746 8127 7274 8077 7800 8015 8163 7753 7875 7889 8611 8479 7880 8002 7613 7959 8260 7833 7807 8207 8671 
7698 8340 8522 8454 8834 8489 9003 8035 8438 7845 8487 8311 7930 8496 8999 8427 8578 8508 8548 8117 8774 7904 8552 8443 8812 8300 7957 8776 8171 8286 8058 7891 8191 8151 8855 8606 8086 8292 8607 8363 8264 8739 8559 8103 8259 8008 8547 8467 8356 8761 8059 8324 8174 8258 8665 8844 8174 8763 8578 8423 8058 8915 8274 8335 8788 8158 8664 8353 8595 8691 8467 8928 8014 8268 8013 7728 8522 8340 8907 7965 8503 8590 8337 8396 8550 8120 8721 8079 8753 8091 8060 8324 8483 7919 8183 8843 8628 8495 8499 8203 8389 8686 8152 8896 8087 8564 8693 8817 8093 8655 8276 8702 8104 8175 9138 8382 7906 7827 7968 8727 8550 8599 7892 8250 8387 8954 8267 8229 8536 8725 8644 8666 8656 7978 8417 8368 8144 8356 8336 8612 7984 8746 8371 7905 8657 8397 8070 8906 7917 8440 8289 8270 8884 8829 8249 8645 8675 8582 8346 8642 8983 8552 8498 8417 8085 8536 8569 8474 8517 8432 8585 8757 8312 8957 8594 8250 8642 8605 8384 8565 8657 8333 8045 8360 8394 8689 8532 8786 8448 7485 8469 8038 8550 8232 8896 8410 8569 8727 8631 8946 8330 8898 8688 7867 8430 8421 8168 8250 8448 8679 8092 8120 8871 8674 8259 8229 8416 8266 8276 8296 8461 9315 9060 8723 8249 8727 8214 8560 8559 8036 8654 8588 8513 8387 8368 7921 8095 8687 8398 8763 8231 8221 8258 8705 8484 8262 8457 8402 7959 8566 8714 8583 8525 8494 8552 8537 8523 8766 8075 8748 8302 8555 8305 8383 8727 8119 8118 8096 8494 8284 8812 8756 8698 8503 8350 8001 9120 8105 8387 8720 7925 8117 8594 8088 8219 8120 8192 8259 8396 8421 7705 8226 8904 8234 8342 8137 8286 8306 8626 8485 8495 8205 8133 8296 8574 8740 8539 8717 8519 8524 8648 7792 8670 8184 8289 8274 7918 8508 8759 8558 8907 8614 8381 8448 8454 7759 7966 8404 8883 8330 8442 8262 8241 8583 8539 8878 8537 8376 8754 8637 8604 8476 8229 8978 8434 8688 7790 8218 8495 8786 8660 8339 8291 8284 8827 8812 8934 8192 7767 8154 8362 8417 8370 8457 8160 8049 8723 8639 8748 8688 8446 8121 8364 8187 8769 8898 8470 8495 7633 8351 8544 7830 8743 8297 8569 8797 8215 8314 8557 8639 8220 8022 8461 8087 8347 8402 8436 8326 8754 8851 
7426 8334 8220 8108 8596 8033 8682 7945 7658 7723 8457 7979 7854 8477 8433 8218 8449 8338 8198 8074 8687 8065 8258 8745 8586 8497 8356 8411 8182 8286 8064 7896 8113 8301 8455 8347 8067 8176 8469 8245 8502 8218 8444 8400 7905 7841 8817 8121 8082 7838 7961 8116 8593 7680 8748 8468 8215 8720 8652 8116 8121 8574 8153 8172 8393 8322 8321 8784 8578 8494 8540 8448 7814 8808 8009 7749 8220 7859 8715 7535 7979 8442 8274 8388 7960 7934 8276 7970 8612 7850 7944 8297 8393 7779 7998 8697 9110 8766 8726 8059 8282 8569 8232 8478 8210 8560 8529 8277 8169 8309 8264 8429 7893 7798 8904 8185 7810 8004 7775 8369 8235 8466 7780 8017 8129 8911 8024 8341 8453 8629 8431 8504 8415 7947 8284 8317 7999 8272 8886 7956 7911 8472 8155 7737 8268 8433 8042 8735 7891 8476 8043 8350 8883 8251 8104 8552 8436 8327 7825 8159 8515 8582 8135 8207 8275 8435 8496 8003 8364 8290 8606 8531 8206 8474 8342 8462 8089 8350 7874 8346 8821 8416 7453 8200 8051 8316 8554 8558 8199 7703 8408 7539 8447 8284 9080 8488 8656 8786 8455 7949 8347 8665 8229 7977 8185 8550 8522 8266 8359 8574 7734 7749 8252 8589 8114 8427 8352 8209 8177 8186 8386 8792 8580 8875 8122 8579 7892 8265 8167 7908 8060 8595 7731 8277 8337 7799 7833 8519 8563 8316 8055 8192 7800 8463 8171 8190 8254 8190 8270 8579 8623 7907 8617 8853 8383 8176 8101 8455 8031 8590 8267 8116 8537 8302 8432 7805 8326 8064 8680 7996 8596 8893 8441 8292 8060 8127 8663 8134 7978 8402 7766 7990 8505 8286 8032 7998 7560 8496 8548 8028 7725 7906 8261 8138 8282 7933 8437 8526 8961 8282 8148 8108 8477 8747 8806 8350 8422 8321 8304 8588 8362 7641 8343 7933 8491 8109 7745 8604 8246 8004 8961 8289 8270 8561 8116 7595 8238 8158 8585 7833 8066 8166 8421 8370 8412 8041 8763 8160 8638 8643 8113 8449 7870 8696 8257 8473 8023 8143 8295 8480 8526 8365 8189 8133 8600 8587 8744 8144 7920 8303 7995 8465 8226 8748 8063 8107 8084 8712 8395 8265 8402 7832 8314 8244 8708 8596 8496 8281 7679 8128 8268 8265 8387 8133 8479 8437 7792 8265 8411 8644 8298 8232 8172 8060 8200 8197 8181 8664 8498 9064 
7225 7998 8013 7683 8048 7716 8360 7892 7744 7877 7820 7564 7287 8285 8067 7943 8287 7943 7810 7692 8336 7631 7999 8037 8107 7973 7697 7975 7949 7797 7370 7833 7900 7965 8129 8151 7528 7687 8066 7639 8238 8112 8045 8165 7565 7932 8143 7962 8051 7716 7664 7849 8117 7880 8405 8429 7961 8271 8116 7811 7721 8202 7980 8077 7977 7878 7958 8117 8282 8185 8190 8176 7250 8257 7800 7767 8139 7975 8182 7148 7909 7824 7913 7815 8005 8055 7984 7816 8017 7406 7996 7926 7868 7439 7619 8116 8461 8523 8184 7612 7980 8684 7646 8084 7937 8142 8674 7967 7609 8182 8038 8201 7670 7437 8817 7871 7573 7729 7697 8228 7786 7937 7192 7662 7583 8361 7990 7587 8195 8465 7791 8313 7786 7792 7805 7747 7588 7921 8190 7726 7656 7934 7967 7257 8146 7804 8087 8252 7451 7917 7637 7866 8449 8242 7989 7974 8227 7842 7575 7606 8038 8170 8149 7732 7529 8052 8254 8190 7908 8060 8127 8263 7613 8738 8120 7783 8207 8270 7644 8061 8346 7984 7444 8066 7948 7994 8209 8112 7709 7111 8075 7566 7596 7771 8757 8021 8251 8802 8045 7899 7639 8418 7830 7256 7752 8197 7596 7589 8357 8335 7806 7651 8313 8289 7710 7712 8199 7270 8092 7864 8059 8647 8304 8331 7690 8148 7479 7880 7744 7776 7979 8314 7779 7560 8040 7299 7570 8308 7937 8108 7694 7717 7678 8330 7795 8217 7671 8106 7946 8146 8240 8105 7968 8404 7848 8414 7463 8137 8196 8237 8384 8149 8052 7734 8228 7781 7943 7580 8366 7779 8196 8359 8343 7851 8101 7824 8427 7454 7609 7832 7457 7550 8161 7493 7858 7813 7543 7809 8077 7691 7398 7692 7890 7900 8184 7655 7771 7858 8079 7974 7855 7515 7860 8355 8131 8020 8325 7917 7782 8105 8149 7545 8247 7669 7650 7969 7961 7836 8179 8059 8645 8236 7854 7912 7951 7181 7951 7917 8708 7579 7843 7828 8018 7925 7826 8145 8268 7769 8259 8202 7962 7861 7706 8407 7799 8097 7890 7954 7764 8351 7775 7833 7981 7458 8540 7755 8420 7901 7499 7663 7682 8089 8004 8337 7924 7527 7665 8075 8246 7912 7959 7462 8000 7685 8105 7816 7964 7662 7325 7938 7454 7668 8161 7990 8037 8317 7622 7956 8115 8232 8017 7600 7949 7882 8095 8015 7647 8006 7700 8333 
6895 7846 7844 7899 8479 7895 8180 7765 7338 7334 7560 7615 7275 8078 8176 7937 8259 8090 7666 7455 8303 7389 7515 8185 8411 7656 7574 7802 7644 7608 7587 7412 7663 7919 7959 8057 7663 7681 7773 7658 7848 8055 7761 7793 7483 7831 7821 7575 7795 7729 7446 7468 8156 7548 8055 8217 7513 8158 8021 7801 7688 8250 7754 7308 8116 7642 7982 7827 8076 7928 7984 8164 7413 7999 7408 7382 7892 7586 8100 7348 7665 8022 7772 7610 7917 7610 8188 7546 8048 7411 7560 7468 7794 7619 7557 7951 7979 8033 8222 7794 7890 7980 7778 8203 7574 7790 8119 7942 7479 7888 7769 7604 7429 7488 8122 7791 7336 7333 7295 8021 7697 7554 7273 7657 7810 8270 7706 7782 8126 8345 7977 7841 7933 7690 7818 7677 7759 7727 8192 7798 7662 8121 7623 7240 8210 7780 7938 8168 7217 8109 7406 7595 8338 7960 7670 8043 7881 7652 7455 7605 7783 7952 7958 7594 7690 7836 7842 7581 7287 7882 8027 8187 7650 8446 8039 8114 7920 7555 7661 7860 7949 7869 7375 7679 7393 7986 7819 8351 7829 7188 7869 7508 7747 7763 8553 8045 8181 8128 7957 7880 7860 7894 7785 7503 7791 8079 7706 7773 8017 7757 7766 7558 8080 8025 7510 7482 7893 7705 7918 7904 7704 8594 8358 7748 7824 8201 7273 7995 8216 7487 7824 7913 7511 7516 7719 7416 7289 7970 8009 7890 7756 7444 7249 7913 7949 7879 7598 7970 7524 7980 8185 7370 8251 8093 8166 7795 7695 8144 7911 8173 7788 7861 7907 7771 8002 7515 7579 7523 7953 8014 7913 8093 7931 7694 7929 7641 8133 7657 7687 7783 7115 7800 7840 7626 7763 7425 7517 7548 7896 7840 7236 7538 7876 7772 7878 7747 7743 7899 7927 7970 7653 7612 7690 8127 7648 8045 7796 7865 7822 7915 7741 7603 7654 7759 7272 7541 7666 8120 7631 7739 8356 7383 7518 7927 7453 6840 7516 7731 8258 7636 8001 7537 7839 8061 7782 8016 7921 7327 8433 8058 7395 7582 7281 8082 7598 7655 7547 7753 8021 7803 7700 7790 7860 8045 8152 8062 8161 7444 7196 7691 7726 7613 7758 7884 7595 7434 7939 7993 8079 7844 7682 7654 7383 7855 8192 8238 7984 7929 7052 7880 7921 7470 7993 7570 8144 7968 7142 7548 8024 8154 7961 7665 7968 7268 7853 7801 7751 7543 8067 8047 
6635 7812 7838 7277 8167 7725 8407 7481 7748 6809 7458 7740 7286 8183 7734 7654 8336 7666 7557 7333 8046 7810 7576 7819 8341 7998 7373 7780 7702 7921 7575 7061 7593 7818 7832 7806 7529 7519 7833 8111 7873 8257 7309 7590 7394 7649 7932 7812 8027 8021 7454 7675 8172 7392 8103 7950 7284 8088 8251 7855 7350 8345 7651 7740 7931 7863 7753 7876 8045 8062 8038 8138 7174 7928 7748 7372 7960 7965 7751 7314 7574 7799 7871 8088 7867 7623 7873 7838 7792 7641 7230 7691 7800 7279 7598 8057 8038 8369 8121 7417 7912 8020 7432 8075 7558 7955 8362 7943 7572 7479 7419 7925 7529 7478 8558 7844 7234 7154 7574 7873 8049 7808 7480 7681 7816 8361 7732 7298 7911 8124 7699 7876 7712 7510 7694 7494 7560 7991 8236 7574 7372 7885 7504 7230 7698 7971 7958 8472 7341 7842 7285 7759 8088 7765 7438 8066 8029 7899 7215 7496 7888 7922 8153 7639 7541 7797 7834 7773 7559 7925 7837 8384 7352 8151 7825 7756 7874 7845 7909 7751 8054 7899 7660 7426 7482 7814 7909 7837 7657 6993 7932 7466 7560 7586 8722 7770 8126 8664 7553 7971 7354 7818 7529 7176 7444 7792 7498 7944 7995 7903 7515 7565 8599 7810 7589 7794 7724 7503 7766 7664 7910 8458 8039 7957 7538 7877 7316 7366 7813 7370 7619 7981 7601 7494 7844 7495 7564 8164 7964 7659 7676 7550 7210 8028 7927 7849 7725 7711 7549 8196 7639 7608 7759 8204 7715 7788 7650 7727 7627 7856 7616 7734 7538 7979 7755 7603 7268 7576 8123 8076 7690 8124 8012 7660 7687 7797 8147 7500 7590 7996 7320 7520 8004 7326 7714 7656 7465 7770 7662 7843 6902 7655 7580 7552 7836 7753 7879 8030 7918 7863 7852 7704 7624 8096 7988 7836 7800 7882 7503 8434 7878 7356 7599 7811 7573 7793 7409 8121 7721 7838 8559 7409 7952 7710 7611 6846 7478 7582 8079 7417 7788 7866 8258 7836 7680 7843 7954 7395 8342 8099 7979 7562 7518 8065 7964 7834 7371 7591 7929 8327 7697 7288 7424 7883 8040 8062 8217 7539 7517 7671 7750 7517 7692 7937 7418 7497 8115 7677 7796 7680 7587 7571 7813 7389 7564 8078 7537 7921 7106 7457 8094 7106 8009 7943 7624 7960 7006 7956 7671 7949 7951 7429 7966 7303 7574 7526 7553 7679 8015 7989 
7171 8200 8454 8278 8490 8130 8433 8071 7830 7896 8296 8123 7873 8357 8628 8056 8659 8487 8103 8154 8633 7974 8134 8319 8460 8596 7699 8267 7908 8329 7866 7621 8277 7981 8191 8547 7911 7981 7994 8028 8411 8222 8097 8182 7619 8040 8584 7765 8276 8499 7978 8159 8484 8005 8412 8172 7834 8611 8451 8001 7902 8364 8381 8248 8432 7818 8461 8414 8078 8474 8583 8578 7791 8412 8075 7932 8179 7887 8514 7717 8225 8569 7914 8484 8061 7839 8139 8151 8607 7911 7830 8279 8322 7885 8166 8331 8694 8873 8450 8060 8048 8840 8058 8565 7936 8343 8362 8037 7819 8360 8414 8404 7939 7287 8670 8050 7825 7714 7809 8373 8326 7988 7780 8248 8111 8378 8084 7952 8549 8565 8602 8535 8213 8014 7832 8508 7904 8398 8524 8193 7968 8356 8288 7241 8110 8114 8173 9008 7669 8146 7769 7951 8638 8619 8081 8298 8535 7980 8007 8175 8521 8095 8139 8086 8111 8293 8392 8007 7787 8409 8184 8994 8219 9001 8530 8137 8237 8243 7793 8423 8382 8363 7936 8078 8034 8383 8288 8584 8376 7276 8432 7766 8317 8465 8707 8294 8400 8802 8109 8114 7925 8561 8033 7509 8073 8316 8027 8456 8287 8479 7758 8106 8568 8033 8012 8396 8289 7946 8220 8048 8493 8904 8785 8308 8369 8466 7918 8165 8360 7478 8231 8581 7912 7994 8120 7596 8057 8580 8209 8116 7682 8138 7692 8413 8103 8600 7723 8312 8158 8371 8297 8250 8221 8495 7976 8451 8214 8233 7899 8579 8064 8269 8380 8081 8474 7943 8047 7948 8447 8365 8561 8493 8217 8245 8208 7939 8519 7778 8058 8327 7806 8286 8365 8046 8077 8062 8040 7994 8374 7916 7427 8168 8268 8258 8534 8400 7899 8233 8642 8323 8205 8003 8372 8341 8362 8203 8489 8232 8122 8312 8260 7873 8446 7891 8299 7792 7794 8328 8553 8055 8967 8165 8105 7873 8345 7410 7926 8140 8681 7576 8139 8190 8254 8146 8062 8587 8364 8033 8555 8758 8408 8418 7874 8207 8201 8263 7829 7910 8251 8315 8409 7926 8012 7923 8666 8291 8377 8236 8159 8175 7929 7865 8302 8227 7970 7751 8355 8473 8692 8498 8063 7861 8537 8059 8393 8226 8023 8199 7596 8074 8381 8001 8166 7854 8163 8289 7620 8089 8456 8826 8389 8240 8500 8040 8087 8365 8391 8338 8368 8594 
7534 8514 8246 8421 8708 8232 8379 8234 7731 7919 8276 8486 7890 8766 8575 8571 8821 8522 7812 8146 8880 8148 8161 8508 8567 8450 8214 8353 8289 8321 8034 7995 8513 8327 8686 8767 7978 7996 8373 8269 8196 8686 8055 8267 8174 8164 8759 7977 8387 8304 8280 8170 8530 8274 8565 8446 8397 8845 9118 8263 8182 8787 8462 8156 8678 8080 8541 8481 8390 8552 8697 8731 8027 8367 8330 7774 8552 8192 8662 7689 8278 8394 8189 8305 8384 7747 8351 7925 8650 8080 7974 8012 8312 7767 7933 8851 8793 8870 9101 8143 8347 8826 8281 8681 8146 8586 9055 8299 8265 8309 8353 8936 7874 7835 9232 8193 7763 7880 8245 8496 8588 8540 7675 8201 8080 9063 8366 7934 8596 8703 8570 8646 8453 8229 8490 7962 8228 8138 8451 8162 8320 8352 8586 7743 8394 8254 8440 8878 7820 8226 7913 8136 8809 8636 8131 8576 8634 7991 8233 8246 8814 8489 8380 8247 8303 8414 8990 8396 8419 8614 8740 9013 7851 9072 8472 8315 8046 8464 8011 8291 8512 8133 8290 8264 8038 8482 8587 8635 8155 7639 8713 7841 8308 8403 9050 8502 8502 9037 8377 8384 8304 8692 8171 7963 8166 8783 7991 8374 8739 8705 7916 7997 8892 8549 7977 8385 8059 8499 8444 8407 8286 9223 9253 8384 8379 8815 8125 8298 8529 7752 8160 8635 8137 8343 8392 7513 8033 8572 8317 8434 8202 8051 7745 8357 8341 8747 7941 8517 8282 8353 8602 8246 8712 8912 8280 8438 8290 8743 8124 8481 8370 8437 8492 8471 8611 8147 7983 8189 8476 8460 8681 8360 8382 8186 8084 8284 8909 8147 8309 8765 7879 8325 8821 7837 8286 8273 8049 8481 8835 8207 7847 8238 8253 8176 8675 8146 8109 8831 8722 8168 8027 8235 8195 8826 8878 8483 8713 8465 8498 8589 8241 7888 8687 8114 8291 8204 8072 8078 8567 8467 9003 8159 8249 8263 8291 7451 7931 8269 8677 8109 7967 8013 8474 8510 8249 8482 8481 8418 8726 8811 8269 8572 8336 8713 8346 8493 7867 7981 8292 8708 8378 7981 8028 8129 8416 8368 8922 8240 8023 8171 8119 8581 8037 8561 8486 8210 8417 8837 8560 8368 8262 8219 8451 8374 8521 8414 8563 8768 7277 8071 8374 7869 8408 8246 8506 8392 7818 8280 8690 9052 8804 8263 8483 8121 8343 8402 8292 8475 8979 8885 
7283 8138 7825 7670 8234 7479 8224 7486 7518 7290 7970 7392 7252 7920 8224 7661 8179 7949 7787 7634 8080 7198 7497 7994 8041 7880 7540 7702 7820 7621 7597 7344 7651 7788 7912 8216 7629 7523 7745 8062 7920 8087 7528 7667 7579 7159 8319 7365 7707 7726 7439 7942 8075 7302 8258 8226 7543 8356 8148 7642 7384 8011 7805 7775 8216 7700 7876 7505 8519 7571 7663 8088 7767 8035 7253 7407 7806 8006 8075 7487 7280 7995 7533 8014 8093 7722 7590 7343 8056 7458 7460 7758 7961 7463 7326 8557 8210 8048 8071 7591 7681 7955 8194 8149 8126 8153 8394 7724 7796 7644 7593 7516 7229 7181 8563 7783 7267 7429 7398 7925 7974 7979 7172 7344 7516 8559 8103 7689 8076 7998 7790 8435 7624 7293 7514 7577 7721 7696 8117 7801 7668 8035 7691 7385 7952 7928 7486 8368 7425 7958 7491 7886 8374 8165 7748 8004 8058 7807 7641 7728 7893 7825 7898 7782 8064 7697 7868 7808 7482 7926 7729 8457 7608 7994 8176 7952 7538 7965 7435 7655 8581 7595 7595 7757 7689 8119 8130 7934 7907 7226 8035 7274 7704 7690 8777 7691 8032 8247 8084 7987 7715 7914 7599 7039 7655 8135 7685 7483 8185 7918 7528 7430 8300 8009 7619 7836 7677 7221 8009 7582 7943 8187 8383 8035 7748 8031 7428 7911 7896 7625 7735 8153 7730 7777 7529 7164 7080 8040 7890 7604 7739 7765 7292 8273 7684 8246 7967 7654 7513 8308 8292 7574 7815 8091 7672 7775 7526 7960 7652 7890 7904 7646 8058 7983 8136 7664 7730 7514 7546 8002 7765 8371 7833 7750 7878 7324 8197 7913 7857 8328 7124 7363 8260 7479 7925 7734 7537 7874 7717 7771 6912 7448 7427 7749 8292 7686 7524 7708 8158 7475 7409 7834 7748 8258 7931 8048 8044 7851 7688 8230 8313 7080 7871 7645 7514 7678 7412 7581 7681 7706 8202 7851 7930 7918 7628 7344 7590 7445 8101 7653 7598 7870 7962 7719 7806 7829 8421 7736 8424 8165 7533 7840 7477 7967 7824 8166 7166 8043 7748 8505 8190 7695 7874 7495 8286 8041 8157 7696 7299 7860 7311 7730 7483 8101 7702 7754 7758 7876 7660 7822 7658 7618 7835 7783 7979 7759 7795 7715 7356 7625 8004 7284 8142 7669 7962 7943 7494 7574 7612 8180 8069 7700 7964 7617 7682 7664 7765 7819 8092 8185 
7185 8000 8112 7533 8423 7685 8234 7649 7697 7370 7614 7635 7272 8077 8149 7889 8025 7884 7776 7764 8475 7922 7662 8253 8297 8210 7778 8127 7913 8075 7526 7499 7828 7776 8137 8132 7643 7656 7864 7838 7900 7961 7800 7623 7885 7517 8018 7686 7940 8005 7564 7701 8202 7713 8369 7806 7810 8191 8294 7421 7792 8063 7357 7645 8261 7799 7919 8258 8312 8160 8188 8014 7602 8038 7565 7487 8008 7392 8117 7300 7615 7607 7623 7999 8238 7650 7602 7710 8103 7649 7900 7740 8074 7705 7537 7981 8150 8474 8104 7619 7812 8476 7623 8262 7971 7997 8286 7697 7724 7884 7673 7646 7373 7413 8448 7886 7434 7596 7580 7748 7486 7626 7310 7643 8044 8358 7752 7708 8319 8284 7620 7839 7780 7599 7775 7712 7708 7996 8022 7996 7771 7788 7602 7345 7911 8071 8029 8444 7682 7865 7474 7776 8027 8008 7730 7922 7760 7905 7562 8040 8160 7851 7731 7700 7560 7959 8201 7744 7824 8133 7998 8122 7755 8301 7955 8057 7948 7848 7735 7819 8308 8148 7552 7802 7529 7678 8233 8166 7847 6990 8182 7092 7922 7832 8649 7771 7946 8389 8016 7549 7945 8126 7778 7146 7989 7694 7625 7903 8197 8262 7520 7491 8339 7903 7755 8038 7972 7455 7826 8059 8175 8719 8487 8019 7804 7910 7720 7839 7664 7440 7868 8173 7421 7836 7765 7252 7593 8500 7973 7576 7566 7553 7559 7945 7740 8043 7845 8156 7726 8310 8400 7904 7974 8406 7625 7791 7624 7925 7807 8145 7921 7691 8115 7883 8262 7579 7824 7655 8106 7937 8025 8179 8112 7796 7664 7374 8456 7884 7946 7956 7226 7506 7860 7359 7958 7669 7640 7713 7936 7943 7691 7768 7920 8057 8237 7837 7791 8190 8283 7523 7972 7824 7777 8532 8057 8006 8245 7757 7719 8552 8042 7114 7938 7709 7718 7928 7874 7738 8119 7747 8376 7771 7700 7534 7724 7243 7536 7752 8276 7950 7613 7449 8034 7690 7760 7959 8186 7987 8254 8216 7802 8168 7541 7948 7610 7900 7347 7703 8037 8155 7993 7746 7950 7740 7796 7947 8064 7595 7298 7300 7220 7734 7763 8253 7502 8017 7866 8290 7905 8184 7636 7762 7902 7742 7967 8002 7664 7934 7553 7789 7762 7549 8158 7671 7846 8317 7281 7736 8202 8354 8285 7486 7703 7410 7805 7848 7491 7899 8332 8281 
7271 8068 8336 7640 8324 7686 8537 7739 7879 7708 7897 7763 7420 8062 7872 8013 8045 7828 7785 7680 8325 7766 7892 8579 8159 7987 7673 8031 8038 8206 7717 7524 7714 8074 8156 8079 7665 7565 7975 7590 8043 7913 8058 7766 7702 7683 8219 7772 8109 7893 7726 7803 8012 7757 8204 8189 7602 8229 8525 7869 7860 8120 8010 7975 8159 7569 7975 8252 8236 8404 8067 8364 7561 8090 7454 7805 8021 8165 8359 7587 8014 7717 8048 8085 8230 7856 8313 7942 8056 7870 7931 7772 8035 7505 7933 8143 8446 8191 8181 7522 7859 8364 7816 8345 7800 7907 8227 8454 7867 8043 8035 8047 7569 7612 8691 7892 7455 7380 7451 8107 7811 7625 7420 7275 7900 8498 7816 7681 8246 8206 7637 8309 7694 8172 7958 8178 7701 8189 8146 7776 7740 8217 7989 7587 7774 8283 7894 8311 7762 7668 7740 7690 8405 8150 7742 8138 8096 7893 7636 8244 8078 8058 7904 7887 8150 8377 8317 7734 7844 8160 8174 8400 7522 8459 8018 8097 7687 7762 7489 8129 8358 8024 7404 7971 7837 7947 8224 8404 7832 7206 8336 7442 7801 8185 8765 7987 8148 8655 8214 7932 7621 8044 7613 7754 7870 8074 7630 7913 8257 7848 7939 7665 8115 8411 7619 7882 7804 7718 7907 7794 7984 8908 8247 7914 7808 8388 7691 7533 8194 7736 7824 8436 7512 7644 8115 7568 7472 8089 8255 8154 7908 7792 7353 8491 8071 8200 7718 7787 7798 8256 8390 7809 8146 8176 7882 8179 7684 8111 7739 8132 8074 7582 8106 7986 8378 7798 7923 7816 8223 8043 8208 8289 7985 7600 7951 7643 8056 7825 7917 8425 7561 7882 8224 7747 7863 7604 7480 8662 8177 8077 7437 7764 7920 8052 8503 7772 7970 7968 8688 7697 7841 7842 8045 8672 8204 7938 8394 8098 8106 8130 8117 7243 7931 7889 8006 7664 7695 7793 8032 7880 8360 7741 7755 7700 7865 6955 7782 7773 8305 7802 7735 7451 8165 8125 7980 8035 8076 7931 8035 8409 7904 8106 7942 8847 8137 8177 7504 7819 7670 8199 8000 8107 8016 7864 8560 8052 8345 8026 7651 7856 7431 7631 8046 8053 7710 7610 7906 8405 8425 7881 7969 7726 7816 7609 8085 8049 7674 8043 7473 7875 7958 7626 8053 7932 7781 8325 7375 8069 7992 8155 8029 7955 7838 7628 7981 7888 7727 7913 8032 8535 
7163 8138 8226 8102 8487 8180 8592 7938 7416 7876 8210 7823 7501 8635 8353 8151 8483 8133 8037 7981 8754 7889 8212 8304 8796 8383 7820 8124 8159 8379 7883 7318 7837 8100 8443 8326 8006 7991 8075 8174 8146 8290 7712 8152 7706 8044 8175 8008 8407 8208 8025 8198 8457 7950 8467 8308 8023 8638 8307 8001 7715 8717 8061 7912 8326 8048 8415 8493 8365 8369 8303 8371 7556 8589 7954 7466 8439 8132 8482 7786 7866 8214 8173 8088 8443 8015 8308 7739 8310 7923 7801 8013 8169 7799 7766 8327 8505 8645 8320 7826 8285 8432 8206 8572 7938 8335 8673 8391 7911 8242 8300 8330 7904 7631 8842 7927 7839 7844 7726 8421 8648 7988 7774 7872 8197 8909 8240 7791 8472 8854 8180 8508 8193 8127 7968 8120 8023 8214 8086 8310 7908 8204 7940 7618 7975 8310 7768 8668 7790 8228 8051 7840 8678 7975 7741 8131 7999 8201 8023 8094 8509 8318 8359 8429 7772 8201 8464 8334 8164 8171 8317 8433 7732 8589 8481 8488 8382 8139 8152 8266 8925 8016 7681 7947 7889 8007 8198 8305 8060 7752 8296 7460 8308 8064 8574 8310 8411 8543 8505 7784 8002 8396 8248 7532 7931 7988 8011 8037 8511 8281 7632 8026 8435 8258 7952 8153 8157 8250 8071 8142 8272 8681 8570 8231 8049 8412 7683 8237 8404 8193 7844 8602 7694 7748 8027 7612 7944 9087 8498 7963 7882 8062 7779 8541 8406 8574 7772 7862 8017 8506 8351 8001 8493 8589 8040 8233 8187 8440 8260 8479 7968 8009 8496 8216 8310 8097 7894 7856 8101 7948 8610 8375 8180 8312 8033 7951 8470 8089 8028 8130 7567 7996 8364 7818 7970 7800 7744 8228 7997 7886 7597 7918 8316 7808 8394 7941 7921 8297 8605 8127 7868 8084 8084 8707 8568 7969 8578 8339 8227 8400 8398 7380 7903 7886 7803 7958 7951 8422 8157 8332 8833 8367 7958 8161 7986 7529 8056 8090 8518 7737 7879 7913 8456 8159 8223 8161 8534 7813 8486 8684 8141 8444 7742 8418 7930 8386 8056 8318 8270 8535 8265 7997 8062 8102 8483 8190 8565 8082 7713 8262 7789 8135 8128 8532 8191 7935 8344 8199 8703 7784 8101 7656 8209 8126 8467 8023 8062 8261 7508 7790 8324 7580 8170 7946 8200 8206 7633 7989 8113 8457 8196 8144 8287 7912 8482 8405 8278 8348 8517 8865 
7214 8348 8301 8135 8531 7915 8435 8146 7910 7796 7902 7951 7384 8113 8026 8047 8387 8472 7898 7594 8336 7707 8147 8704 8429 8040 7665 7990 8042 8291 7538 7585 7748 7905 8556 7954 7573 7717 8294 8343 8130 8347 7904 8029 7831 7750 8385 8264 8384 8193 8026 7998 8434 7761 8540 8339 7754 8271 8386 7784 7559 8192 7801 8081 8121 7951 8149 8265 8230 8399 8130 8313 7481 8186 7838 7350 8527 7940 8832 7687 7935 8051 8333 8109 7993 7602 7943 7961 8309 7839 7858 7785 8231 7386 7869 8252 8459 8605 8431 8214 8025 8583 8217 8125 7668 8004 8400 8160 7909 8194 8323 8114 7597 7691 8631 8115 7255 7689 7847 8343 7960 8291 7262 7892 7935 8744 7782 7713 8353 8566 8143 7861 7635 7997 8007 8226 7883 8082 8333 7890 7873 8014 7716 7557 8216 8239 7748 8413 7491 7846 7533 7901 8638 8220 7940 8546 7904 8259 8017 8341 8281 8251 8422 7890 7786 7912 8547 8240 8145 8568 8377 8525 7556 8742 8242 8461 7908 8246 8019 8369 8270 7686 8106 7680 7761 8167 8041 8408 7955 7389 8487 7417 8164 8262 8522 7950 8468 8618 8102 8307 7540 8439 8056 7659 8253 8352 7988 8242 8433 8490 7547 7794 8492 8390 8151 7967 8114 8056 8201 7954 8240 8754 8384 7945 7930 8113 7967 7832 8010 7599 8231 8194 7766 8115 7610 7545 7702 8475 8303 7925 7907 7804 7688 8138 7864 8275 7728 8089 7950 8495 8264 7787 7961 8714 8079 8368 8052 8511 8301 8228 8214 7879 8363 8264 8270 7870 7582 7883 8235 7703 8487 8238 8090 7976 8097 7889 8315 7916 8186 8466 7581 7424 8336 7741 7874 7944 7863 8262 8326 7515 7500 8022 8114 8163 8336 7976 8048 8271 8286 7928 7799 7890 8207 8407 8526 8264 8361 8120 7971 8207 8084 7769 8645 8004 7905 7601 7707 8346 8336 8006 8701 7825 7925 8061 7965 7354 7664 7850 8639 7358 7827 7939 8196 8303 8164 7774 8500 8019 8318 8297 8125 8391 7676 8589 7995 8400 7939 7916 7915 8544 8207 8087 7468 7960 8514 7979 8907 8044 7808 8001 7930 8026 8059 8247 7969 7755 8049 8198 8373 7993 7973 7655 8261 8174 8319 8316 7990 8028 7211 8146 8016 7857 7999 7974 7893 8016 7163 8059 8251 8404 8381 7892 8181 8132 8097 8167 7982 8226 8415 8341 
7664 8617 8578 7810 8540 8298 8680 8244 8047 8003 8452 8005 7679 8776 8562 8342 8759 9008 8175 8063 8884 7821 8259 8806 8632 8491 7907 8262 8662 8487 7943 7793 8377 8330 8958 8420 7944 8089 8055 8338 8266 8647 8036 8323 8069 8259 8470 7795 8394 8363 8228 8334 8558 8296 8536 8594 8141 8552 8362 8503 8081 8766 8078 8145 8548 8399 8232 8051 8373 8256 8440 8495 7885 8769 8029 7710 8258 8463 8627 7773 8024 8407 8507 8002 8186 8326 8453 7999 8108 8165 7911 8034 8176 7905 8180 8855 8574 8822 8726 8140 8462 8900 8246 8767 8160 8403 9074 8409 7896 8315 8154 8419 7802 8045 8846 8476 8018 8228 7986 8449 8318 7939 7686 8172 8366 8980 7900 8025 8603 8986 8207 8419 8124 8123 8283 8187 8312 8563 8869 8425 8033 8575 8339 7914 8275 8501 8231 8473 8114 8293 7981 8196 8716 8667 8306 8300 8354 8459 8065 8544 8459 8426 8636 8199 8129 8544 8367 8199 7935 8425 8604 8790 7980 8753 8457 8579 8400 8383 8376 8167 8578 8447 8040 8279 8044 8281 8578 8841 8423 7598 8420 8190 8331 8253 8880 8195 8544 9105 8264 8476 8243 8754 8399 7536 8493 8850 8162 8296 8407 8447 8081 7920 8684 8685 8279 8317 8589 8334 8232 7917 8188 9163 8879 8343 8473 8572 7986 8495 8378 8010 8190 8849 8041 8304 8473 8245 7529 8672 8298 8386 8337 8094 7748 8458 8601 8788 7768 8280 7990 8483 8516 7951 8574 8766 8424 8771 8290 8664 8313 8711 8109 8581 8447 8427 8627 8219 8486 7588 8794 8217 8382 8855 8818 8374 8138 8099 8617 8039 8255 8742 7575 8184 8487 7644 8287 7853 8039 8471 8780 8227 7674 7913 8363 8223 8146 8136 8523 8624 8435 8486 8213 8170 8166 8549 8632 8618 8741 8493 8430 8153 8697 8016 8613 8274 8161 8118 8045 8547 8424 8061 9136 8029 8241 8367 8038 7581 8106 8382 8526 8076 8259 8021 8530 8659 8220 8331 8687 8275 8500 8722 8218 8383 7960 8508 8107 8551 7966 8273 8217 8562 8440 8286 8427 7843 8626 8500 8626 8204 7908 8412 8040 8133 8201 8529 8304 7930 8392 8722 8942 8271 8322 7993 8301 8234 8430 8654 8371 8089 7807 8246 8478 7715 8188 8147 8312 8540 7910 8317 8354 8495 8434 8218 8337 8041 8234 8600 8492 8381 8378 9086 
7180 7998 8402 8020 8265 7711 8810 7769 7743 7819 7928 8153 7853 8260 8359 8583 8513 8111 8093 8037 8621 7903 7705 8550 8381 8072 7906 8397 7887 8116 7944 7367 7970 7982 8497 8069 7912 8199 8190 8290 8313 8385 7993 8099 7972 7776 8489 8048 8323 8256 7993 7923 8095 7930 8415 8283 8136 8409 8449 7539 7709 8575 7825 7973 8554 7969 8536 8366 8333 8371 8286 8307 7896 8576 7807 7801 8112 7579 8408 7775 8145 8135 8459 8102 8015 7844 8322 7912 8350 7827 7839 8049 8118 7636 8077 8467 8431 8581 8017 7698 8210 8555 7815 8307 7879 8188 8500 8129 8034 8348 8040 8176 7672 7743 8622 7975 7760 7832 7790 8333 8344 8035 8033 7985 8042 8563 7716 8049 8357 8822 8224 8274 7973 8116 8182 8125 7922 8156 8329 8036 7677 8184 8016 7290 7869 8045 7886 8279 7627 8040 7788 8286 8547 8352 8087 8188 8293 8159 7724 8166 8309 8122 8223 8032 7921 7955 8255 7940 8310 8312 7975 8420 7797 8523 8280 7960 7998 8136 7983 7678 8457 8357 7283 8241 8130 8164 8210 8410 8148 7277 8703 7546 8250 7845 8878 7963 8476 8704 8413 7815 7924 8308 7756 7617 7978 8253 7923 8053 8313 8531 7538 7497 8214 8361 8123 8188 8428 7901 7964 8153 8102 9091 8797 8287 7828 8282 7555 8201 8501 7902 8126 8340 7914 7988 8265 7682 7744 8446 8060 8102 7767 7672 7783 8460 8273 8582 7735 8005 7828 8343 8701 8373 8248 8546 8216 7927 7970 8476 8100 8081 8266 8303 8405 8042 8449 7859 8153 8041 8435 8291 8544 8635 8358 7905 8148 7842 8448 7907 7697 8310 7637 7812 8225 7877 8243 7824 7702 8358 8188 8049 7460 7904 8156 8259 8734 7914 7877 8429 8468 7731 8090 7770 7796 8352 8287 7960 8200 8045 8257 8447 8208 7808 8039 7642 8057 8140 7819 8041 8215 8045 8630 8320 8175 8163 8116 7466 7848 8085 8838 7666 7943 7585 7964 8119 8034 8326 8459 8193 8312 8254 8110 8324 8090 8276 7971 8231 7895 8032 8358 8832 8283 8190 8367 7995 8457 8343 8538 8319 7934 7936 7727 7747 7876 8585 8142 7884 8094 8609 8333 8124 8345 8255 8206 8142 8380 8388 7972 8200 7520 8133 8137 7759 8203 8248 8150 8394 7746 7933 8375 8554 8174 8163 8114 7984 8005 8132 8066 8373 8488 8836 
7456 8885 9138 8656 9129 8329 9400 8303 8559 8272 8519 8304 7967 8752 8829 8645 8672 9031 8595 8447 9036 8253 8832 9179 8756 8330 8247 8332 8224 8785 8461 8084 8426 8491 8612 8860 8260 8386 8696 8521 8761 8890 8496 8262 8325 8414 8768 8417 8556 8380 8273 8655 9021 8328 9154 8783 8662 9016 9099 8147 8497 8808 8477 8364 8859 8447 8889 8827 8701 8878 8549 8766 7814 8635 8404 7852 8700 8635 8957 8320 8430 8787 8514 8503 8489 8335 8655 8352 8980 8192 8032 8591 8710 8307 8511 9006 8954 9166 9001 8508 8780 8873 8622 9414 8696 8764 9250 8444 8108 8541 8497 8776 8299 8303 9010 8336 8129 8000 8511 8790 8496 8943 7869 8238 8505 9074 8355 8252 9003 8951 8940 8681 8391 8379 8324 8536 8467 8541 8595 8773 8357 8699 8356 8134 8532 8521 8434 9283 8253 8591 8244 8452 9150 8986 8185 8653 8699 8400 8308 8326 8833 8472 8624 8246 8503 8656 9115 8396 8387 8693 8795 9023 7827 9280 8967 8907 8366 8751 8146 8719 9029 8418 8388 8273 8481 8560 8848 9058 8599 7983 8979 7981 8810 8383 9360 8551 8813 9218 8854 9014 8730 8702 8517 8164 8631 8727 8482 9097 8936 9081 8379 8260 9151 8647 8495 8617 8644 8210 8839 8503 8721 9687 9200 9041 8483 8828 7998 8316 8975 8256 8756 8691 8423 8124 8667 7871 8217 8869 8798 8507 8469 8565 8002 8667 8892 8780 8214 8252 8431 9173 9009 8253 8594 9281 8545 8977 8457 8894 8565 8579 8442 8544 8636 8334 8883 8352 8421 8447 8723 8487 8795 8730 8671 8597 8597 8249 8791 8472 8580 8744 7746 8102 8517 8256 8625 8092 8031 8349 8502 8161 8027 8257 8437 8473 8914 8587 8403 8504 8717 8669 8309 8317 8281 8854 8903 8510 8716 8525 8694 8637 8840 8337 8759 8269 8390 8383 8178 8334 8933 8638 9262 8399 8544 8263 8911 7698 8458 8474 9009 8244 8758 8353 8716 8835 8631 8766 8918 8183 9284 9032 8534 8467 8195 8900 8465 8559 8046 8339 8656 8916 9059 8441 8218 8236 9278 8730 8994 8152 8110 8488 8190 8457 8723 8802 8492 8342 8581 8818 8969 8688 8560 8275 8536 8655 8769 8743 8833 8622 7655 8573 8721 8032 8392 8583 8546 8673 8095 8559 8462 9141 8806 8670 8579 8525 8405 8618 8659 8683 8822 9149 
7465 8754 8833 8042 9072 7967 8865 8334 8408 7923 8218 8205 7725 8822 9018 8268 8850 8509 8189 8260 8561 8155 8422 8451 8920 8285 7781 8206 8578 8411 7830 7590 8381 8530 8733 8691 8217 8123 8565 8362 8412 8981 8519 8394 8065 7702 8744 8139 8579 8408 8158 8579 8551 8529 9109 8754 8411 8987 8481 8001 8065 8646 8281 8262 8606 8178 8592 8351 8784 8352 8915 9000 7945 8659 7950 7824 8639 8343 9025 7998 8094 8633 8142 8625 8270 7949 8359 8150 8414 8600 8279 8196 8659 8187 8140 8925 8833 9012 8765 8248 8531 8906 8205 8776 8249 8797 8656 8478 7826 8199 8440 8674 8148 7740 8895 8093 8083 7696 8076 8473 8408 8376 7818 8206 8798 8842 8410 8073 8512 9058 8274 8547 8239 8518 8537 8427 8561 8347 8700 8469 8006 8634 8244 7555 8388 8485 8387 8903 8061 8494 7956 8171 8715 8791 8292 8587 8534 8107 7772 8413 8764 8807 8416 8483 8778 8334 8741 8665 8073 8399 8711 8897 8045 9036 8551 8660 8394 8647 8115 8634 8233 8388 7965 8304 8061 8419 8563 8719 8689 7852 8228 7841 8427 8391 8776 8548 8734 9036 8666 8549 8670 8687 8245 7915 8258 8533 8025 8292 8682 8865 7974 8244 8728 8642 8257 8036 8193 8237 8717 8230 8480 9004 9036 8690 8234 8748 8298 8624 8316 8187 8621 8560 8245 8384 8477 7876 8177 8760 8853 8489 8413 7986 7903 8696 8300 8719 8364 8295 8266 8659 8773 7996 8542 8679 8393 8720 8168 8828 8342 8336 8506 8360 8656 8420 8800 8208 8341 7962 8474 8133 8672 9003 8501 8353 8476 8000 8859 8554 8384 8763 7683 8436 8362 7866 8280 8079 8337 8273 8704 8357 7685 8215 8484 8229 8474 8311 8435 8490 8769 8251 8129 8326 8319 8791 8540 8467 8796 8445 8582 8626 8332 7875 8281 8265 8278 8288 8397 8283 8576 8321 9114 8260 8121 8953 8076 7767 8301 8381 9048 8016 8517 8296 8608 8606 8495 8881 8632 8415 8662 8834 8307 8647 7962 8845 8149 8519 7855 8102 8787 8937 8645 8599 8215 7988 8862 8698 8707 8279 7964 8505 8148 8439 8252 8570 8084 8244 8315 8528 9046 8596 8585 8223 8611 8153 8561 8391 8361 8494 7878 8310 8508 7866 8444 8722 8558 8655 7856 8298 8264 8721 8672 7930 8212 7905 8388 8299 8443 8431 8826 8961 
7428 8059 8361 7954 8680 7870 8797 7923 8010 8054 8079 8081 7578 8366 8313 8031 8634 8349 8281 7827 8587 7746 8081 8779 8682 8475 8028 8434 7893 8369 8029 7652 8252 8135 8532 8187 7989 8024 8060 8052 8188 8346 7945 7990 8226 7940 8529 8198 8321 8200 7702 7816 8502 8007 8628 8140 7715 8400 8458 7890 7851 8600 8153 8075 8293 8302 8291 8359 8477 8549 8492 8395 7698 8392 7865 7375 8433 8445 8437 7753 7964 8266 8157 8194 8346 7870 8450 8092 8596 8129 7981 8257 8144 7632 8130 8615 8473 8697 8823 8028 8012 8574 7854 8288 7819 8431 8612 8416 7910 8042 8352 8220 7839 7708 8907 7810 7694 7797 7668 8260 8036 8321 7807 7786 7937 8566 8274 8060 8306 8586 8235 8184 8128 7907 8166 8523 7722 8259 8349 8160 7949 8406 8175 7486 8229 8208 8107 8392 7857 8499 7677 8058 8583 8627 8117 8546 8216 8089 7722 8116 8686 8135 8022 8117 8468 8251 8378 8081 7896 8109 8560 8775 7711 8598 8217 8317 8124 7960 8116 8318 8282 7990 7809 8314 8071 8348 8395 8537 8107 7485 8327 7579 8273 8078 8966 8017 8618 8453 8366 8333 8279 8660 8170 7778 8111 8302 7747 8038 8483 8508 7914 7881 8372 8320 7847 8005 8105 7862 8249 7936 8618 8632 8491 8223 8173 8539 7809 8101 8315 7316 8307 8562 8091 8143 8226 7678 8029 8468 8360 8422 7783 8052 7947 8100 8268 8493 7945 8011 7712 8360 8470 7984 8372 8708 8098 8394 8137 8307 8018 8626 8264 8026 8416 8474 8362 7674 7660 7769 8190 7891 8257 8491 8515 7940 8283 7721 8581 7635 8497 8567 7506 8156 8618 7775 7930 7937 7639 8416 8024 8198 7820 8034 8402 8173 8177 8278 7914 8058 8487 7972 8107 8043 8089 8382 8465 8309 8249 8431 8645 8226 8261 7596 8321 7935 8003 7911 7632 8126 8327 8194 8719 7733 8295 7982 8103 7453 8071 7890 8794 7645 8192 8012 7881 8405 8391 8266 8368 8036 8476 8455 8118 8464 7807 8456 8028 8059 7688 8090 8228 8824 8350 7886 7829 8131 8458 8343 8777 8177 8085 8027 7768 7800 8031 8220 8154 8142 8129 8297 8554 8545 8117 7774 8278 8233 8507 8433 7911 7822 7652 7858 8424 7732 8150 8294 8149 8293 7408 8345 8331 8400 8594 7865 8444 8023 8277 8161 8330 8241 8607 8628 
7184 8079 8022 8225 8178 7791 8682 8024 7712 7697 8192 7795 7359 8043 8205 7990 8241 8162 7815 7771 8449 7564 8062 8076 8352 8222 7796 8001 8161 8081 7478 7614 7821 8219 8007 8091 7727 7821 8034 7771 8064 8151 7758 8243 7749 7637 8396 7567 8354 8340 7628 7925 8374 7608 8339 8344 7803 8231 8062 7972 7660 8578 8121 7799 8311 7624 8219 7975 8300 8324 8143 8393 7671 8044 7959 7505 8077 7762 8288 7577 7914 7953 7743 8006 8007 7900 8206 7684 8159 7768 7661 8033 7851 7799 7779 8512 8201 8143 8339 7750 7565 8429 7663 8349 7826 8146 8211 7954 7439 7699 7858 7792 7701 7571 8503 8026 7753 7663 7908 8254 7878 7879 7225 7588 7861 8415 7965 7698 8210 8633 7796 7983 8317 7962 7858 7767 7878 8275 8372 7834 7787 8262 7695 7579 7886 8066 7860 8315 7597 8023 7730 7567 8085 8226 7833 7950 8035 7754 7803 8137 8205 7848 8150 7566 7510 7889 8098 7705 7887 7723 8219 8163 7764 8742 8391 8175 8048 7776 7713 8059 8129 8211 7574 7844 8002 8182 7970 8736 8083 7667 8079 7244 8195 7862 8553 7999 8310 8599 8488 8105 7887 8228 7754 7512 8014 8069 7756 7930 8242 7998 7457 8031 8310 8100 7674 7949 7958 7729 7995 7928 7861 8829 8569 8261 7939 8121 7806 8062 8083 7668 7955 8077 7731 8047 8002 7677 7649 8409 8344 7982 7742 7666 7739 8216 7814 8217 7587 8215 7795 8147 8483 7886 7971 8305 7842 8010 7920 8218 8036 8099 8152 7983 8244 7955 8488 8073 7850 7957 8238 7899 8349 7994 8255 8167 8110 7538 8346 7772 7608 8030 7267 7911 8261 7786 8026 7942 7921 8110 8241 7979 7494 7843 7912 8072 8204 7882 7917 8083 8276 7755 7835 8148 7874 8323 7791 8142 8205 8020 7900 8109 8024 7740 8360 7549 7661 7559 7493 7916 8302 8088 8534 7873 7820 7873 7852 7616 7631 7722 8418 7600 8075 7756 7964 7762 7886 8288 8153 7777 8253 8436 7760 8345 7676 8224 7704 8206 7611 7867 8040 8275 8127 7911 7834 7652 8484 8271 8460 7617 7340 7842 7517 7848 8098 8038 7689 7697 7846 8296 8446 7877 8016 7771 8247 7867 8135 8175 8262 8190 7725 8076 8249 7717 7900 7804 8233 8410 7201 7540 8012 8453 8187 7973 8122 7600 7772 8029 7913 8028 8121 8416 
7220 8052 8167 8167 8335 7876 8739 8028 8301 7651 7945 7972 7667 8311 8425 8170 8587 8613 8336 7985 8284 7663 8021 8456 8770 8157 7949 8273 8162 7993 7859 7354 8068 7812 8092 7964 7745 7901 8144 8060 7890 8347 8227 8084 7840 7956 8369 8086 8565 8270 7907 8095 8157 7562 8584 8171 7914 8385 8261 7843 7465 8356 7873 8052 8263 8247 8390 8158 8579 8155 8587 8180 7943 8391 7731 7828 8366 7970 8535 7744 7916 8203 8219 8117 7989 8118 8193 7859 8588 7729 7545 7883 8265 7725 7964 8417 8499 8587 8345 8128 8280 8602 8254 8067 7842 8121 8605 8047 7777 8088 8090 8059 7959 7710 8600 7880 7204 7742 8053 8325 8099 8391 7673 7958 8303 8616 8000 7757 8257 8379 8440 8341 7954 7953 8075 8237 7639 8070 8322 7971 8080 8434 8048 7290 8438 8326 8180 8684 8036 8101 7991 8509 8587 8549 8107 8157 8198 7763 7732 8102 8531 7972 8341 7874 7927 8103 8469 8113 8079 8248 8200 8582 7766 8802 8269 8201 8466 8268 7817 8190 8641 7860 7606 8063 7746 8214 8354 8414 8496 7256 8217 7860 8439 8045 8473 8327 8269 8477 8343 8439 7869 8386 7850 7813 8110 8194 7875 8224 8234 8464 8064 8225 8272 8031 8026 8140 8305 7871 8173 8220 8369 8896 8826 8133 8122 8451 8130 8403 8207 7887 8101 8134 8081 8037 8155 7999 7731 8258 8280 8030 8096 7615 7865 8144 8085 8562 7777 8237 7899 8418 8313 8152 8062 8335 8032 8382 7903 8392 8342 8198 8098 8303 8273 8077 8438 7890 8209 8148 8427 8248 8294 8370 8270 8104 8411 8190 8589 7653 8154 8076 7488 8070 8391 7662 7912 7640 7989 8089 8137 8232 7587 7927 8053 8190 8034 8049 7969 8382 8460 8124 8195 7849 8127 8134 8092 8329 8508 8334 8081 8182 8089 7665 8104 7905 7688 7905 7793 8162 8156 8001 8914 7909 7979 8070 8062 7405 7734 7934 8646 7691 8066 8117 8323 8161 7991 8202 8206 8030 8637 8483 8175 8159 7860 8572 8002 8457 7782 8093 8078 8631 8453 8230 8000 7828 8646 8237 8418 7795 7765 7962 7951 8228 7628 8336 8019 8030 8360 8320 7944 8227 8236 8061 7926 8104 8077 8701 8013 8351 7636 8203 8303 7791 8428 8086 8542 8348 7552 8038 8296 8656 8313 7778 8130 7930 7995 8086 7924 8139 8663 8675 
7232 8353 8321 8365 8379 8077 8941 8026 7974 7792 8266 8049 7655 8334 8278 8508 8232 8526 7987 8168 8596 7900 7920 8521 8544 8347 7934 8063 8057 8149 8132 7620 7809 8218 8334 8339 8107 7879 8040 7803 8473 8442 8032 7934 7911 7845 8391 8006 8610 8388 7782 7899 8386 7982 8336 8272 8006 8412 8589 8238 7850 8213 8098 8304 8629 8015 8165 8161 8827 8274 8203 8338 7533 8379 7976 7671 8486 8189 8589 7632 8073 8082 8087 8324 8296 7899 8510 8065 8256 8106 7889 8007 8420 7671 8174 8629 8763 8708 8796 7773 8590 8792 8109 8781 8185 8528 8654 8282 8072 8605 8159 8260 7562 7627 8859 7909 7824 8049 7848 8319 8318 8221 7683 8158 8268 8867 8038 8052 8595 8668 8562 8370 8240 8192 8025 8141 8115 8260 8509 8326 7829 8371 8117 7720 8026 8227 8365 8396 7887 8204 8093 8412 8494 8532 7969 8290 8278 8141 7687 8294 8348 8399 8495 7936 7844 8129 8491 8194 8015 8560 8674 8723 7851 8663 8245 8266 7948 8349 7945 8152 8371 8121 7698 7973 8024 8098 8533 8764 8047 7610 8399 7565 7980 8226 8919 8253 8494 8823 8014 8369 8082 8408 8131 7492 8247 8346 8149 8179 8457 8393 7689 7669 8683 8568 7756 8265 8454 7976 8318 7986 8410 9172 8698 8480 8270 8245 7932 8135 8345 7730 8331 8332 7642 8024 8200 7740 7699 8479 8329 8084 8454 7727 7650 8440 8295 8391 7996 8090 7885 8428 8606 8111 8293 8294 8241 8314 8045 8658 8161 8241 8534 8053 8408 8010 8381 8093 7896 7739 8537 8225 8596 8574 8414 8146 8101 8136 8926 7628 8175 8537 7853 7895 8420 7610 8002 8028 7914 8369 8420 7894 7735 7898 8127 7827 8631 8128 8151 8173 8491 8119 8034 7960 8395 8342 8755 8126 8289 8289 8210 8101 8197 7955 8565 7663 8065 7902 8221 8110 8745 8338 8694 8255 8220 8295 8208 7369 8108 7977 8498 7824 8023 8211 8579 8191 8059 8291 8172 8061 8555 8750 7894 8259 7792 8616 8210 8325 7814 8092 8245 8912 8376 8191 8062 8239 8488 8145 8608 7804 7894 7805 8018 7969 8385 8740 8134 8086 8193 8720 8463 8171 8301 8083 8283 8297 8665 8414 7965 8018 7612 8089 8509 7746 8300 8309 8017 8371 7642 8675 8212 8473 8030 7914 8305 8016 8332 7951 8037 8148 8446 8720 
7110 8034 8123 8129 8499 8155 8845 7928 7801 7588 8463 7914 7246 8454 8203 8231 8505 8318 7854 7808 8763 7649 8191 8681 8421 7973 7940 8193 8368 8044 7789 7730 8137 8159 8410 8508 7747 7987 8049 8135 8266 8307 8126 8236 8029 7808 8584 7889 8264 8120 7911 7801 8318 7977 8604 8569 8157 8539 8584 7928 8015 8222 8007 8059 8565 7835 8202 8273 8589 8504 8422 8340 7821 8661 8042 7776 7959 8180 8440 7805 7647 8255 7977 8294 8471 8065 8174 7788 8195 7975 7864 8285 8121 7791 7959 8525 8668 8574 8478 8140 8381 8314 8107 8790 8076 8404 8470 8296 8155 8211 8308 8371 7833 7743 9133 7900 7794 7779 7721 8345 7995 7847 7401 8117 8278 8856 8140 7935 8451 8733 8279 8302 8153 8098 7964 8294 7798 8040 8466 7858 8268 8402 8454 7666 8197 8197 7827 8650 7601 8374 8030 8002 8719 8204 8056 8291 8326 7947 7763 8060 8298 8229 8359 7949 8167 7971 8259 8150 7943 8067 8239 8648 7784 8780 8453 8365 7863 8129 8097 8268 8619 8080 7851 7762 7938 8322 8455 8404 8077 7276 8335 7419 7913 7943 8909 8106 8473 8611 8348 8203 7780 8387 7958 7738 8169 8307 7984 8164 8353 8334 7870 8194 8359 8346 7950 8095 8071 7956 8444 8076 8253 9042 8586 8377 8194 8524 7897 8081 8237 7934 8088 8563 7873 8175 8206 7533 7745 8598 8252 8152 8000 7885 7845 8483 8102 8196 8053 7986 7959 8471 8373 8233 8268 8568 8342 8426 8089 8661 8071 8186 8030 8060 8560 8093 8269 7820 8201 7825 8420 7984 8257 8231 8443 8030 8182 8024 8532 7987 8100 8043 7711 7955 8389 7815 8093 8017 7348 8046 8192 8479 7447 8113 8292 8158 8580 8048 8291 8252 8475 8045 8181 8023 8105 8624 8109 8260 8529 8405 8074 8493 8157 7462 8310 7810 8014 7684 7844 8278 8196 8147 8857 8180 8094 7987 8101 7801 7652 8055 8466 7735 8047 8005 8095 8205 8118 8394 8597 8024 8457 8695 8186 8518 7717 8562 8045 8530 7817 8170 8064 8620 8401 8153 7820 7801 8632 8457 8301 7833 8096 8200 7606 7922 8069 8052 7962 8033 8134 8684 8353 8438 8029 8071 8166 8463 8630 8247 8045 8054 7559 8116 8269 7741 8446 8096 8566 8328 7622 8167 8292 8489 8555 7888 8452 7682 8106 8606 8231 8173 8344 8357 
7379 8288 8393 8188 8697 7910 8617 7935 8104 7956 8171 7885 7499 8712 8769 8164 8365 8360 7886 8198 8301 8118 8301 8543 8503 8371 7698 8229 8329 8377 7841 8012 8332 8203 8635 8236 7996 7982 8302 7654 8221 8507 8315 8291 7990 7983 8670 7986 8328 8155 7592 7906 8580 7978 8271 8397 7911 8558 8569 8212 7679 8565 8306 8224 8386 7642 8380 8677 8397 8336 8617 8321 7908 8237 8031 7780 8453 7887 8501 7541 8099 8295 7876 8105 8347 7902 8412 7946 8520 7971 8243 8360 8463 7922 7881 8312 8636 8682 8467 7829 8269 8751 8022 8882 8062 8271 8415 8049 8120 8381 8255 8520 7780 7848 9022 8002 7961 7912 8051 8080 8545 7901 7908 7726 8355 8833 8403 7950 8209 8557 8274 8392 8228 7876 8129 8121 7819 8291 8216 8144 7795 8658 8372 7511 8235 8447 8053 8673 7965 8237 7867 8080 8536 8606 8101 8479 8244 8148 7856 8071 8508 8549 8161 8199 7969 8239 8302 7928 8329 7992 8577 8713 7838 8560 8454 8576 8219 8386 7796 8360 8542 8282 7786 7875 7922 8005 8508 8669 8211 7468 8564 7723 8360 8028 8703 8337 8560 8611 8499 8035 7972 9016 8177 7859 8300 8085 7986 8041 8568 8304 7851 7882 8633 8587 8233 8163 8391 7917 8498 7878 8076 8883 8667 8499 8276 8558 7855 8290 8445 8379 8349 8335 7805 8400 8178 7699 8048 8489 8463 8240 8244 8298 7853 8449 8059 8515 8126 7949 8108 8484 8374 8208 8584 8332 8331 8371 8051 8644 8143 8608 8557 8306 8393 8295 8610 7985 8189 7973 8399 7912 8703 8385 8187 8180 8372 7845 8423 8172 8175 8493 7704 8194 8311 8001 8283 7739 8033 8449 8562 8296 7514 8145 8295 8417 8502 7974 8052 8379 8633 7976 8123 7946 8147 8471 8413 8297 8727 8283 8401 8319 8354 7902 8217 8216 7895 7962 7992 7986 8569 8268 8930 8349 8074 7829 8295 7833 8101 8007 8570 7963 7985 8001 8266 8458 8387 8430 8401 7921 8565 9029 8367 8222 8013 8580 7771 8544 7927 7940 8149 8434 8217 8376 7845 7895 8832 8345 8406 8186 7913 8101 7753 7888 8198 8286 7969 8283 8329 8713 8498 8116 8354 8009 8316 8328 8243 8159 8051 7933 7712 8187 8201 7866 8757 8235 8457 8634 7589 7889 8208 8527 8428 8258 8443 8040 8157 8443 8098 8222 8364 8667 
7320 8135 8453 8043 8527 7707 8713 7868 7694 7475 7770 7820 7794 8090 8276 7842 8562 7979 7918 7592 8335 7603 7701 8463 8207 8259 7587 8091 8005 7905 7878 7470 7686 8207 8328 7909 7515 7810 8097 7983 7918 8216 7880 7660 7790 7855 8060 7705 8125 8088 7829 7810 8010 7775 8337 8095 7594 8355 8323 7842 7460 8267 7646 7550 8339 7809 8378 8090 8127 8456 8108 8039 7548 8058 7857 7579 8046 7798 8311 7493 7609 8079 7669 8062 8071 7841 7894 7661 8229 7845 7290 7785 8022 7452 7922 8388 8313 8509 8034 7863 8187 8429 7661 8033 8052 7667 8134 7779 7663 7587 7740 8150 7799 7475 8408 7978 7402 7429 7777 8275 7981 7869 7400 7507 7625 8473 7906 7822 7989 8357 7794 8138 7928 7736 7866 7637 7656 7777 8242 8006 7779 8009 7709 7429 7738 8151 7703 8302 7342 7947 7825 7936 8324 8050 7774 7773 8020 7867 8076 8086 8266 8043 7927 7854 7686 8061 8039 7731 8090 7823 8035 8410 7992 8347 7946 8030 7798 7852 7782 7861 8232 7903 7591 7916 7709 8166 7992 8412 7902 7463 8043 7488 7913 7678 8458 7797 8237 8373 7955 8221 7999 8300 7837 7661 7768 8168 7674 7954 8192 8111 7746 7468 8546 8322 7765 7560 7976 7895 8190 7999 7836 8594 8281 8114 7950 8184 7475 7759 7706 7586 7800 7791 7628 8003 7870 7539 7692 8233 8063 7725 7668 7746 7411 8186 7653 8103 7840 8072 7768 8341 8529 8068 8003 8493 8079 7833 7700 7889 7907 8024 8246 8033 8084 7894 8396 7878 7698 8019 8194 8057 8084 8141 7840 7795 7873 8044 8398 7356 7869 7979 7774 7760 8240 7403 7850 7682 7683 7896 7889 7656 7339 7768 8034 7638 8079 8018 7822 8102 8265 7711 7674 8086 7550 8161 7987 8209 8243 8057 8030 8368 8373 7508 7958 7729 7754 8056 7473 8025 8183 8016 8363 7813 7859 7735 7947 7237 7655 7975 8241 7575 8085 7594 7999 8084 7850 8168 8074 7801 8217 8086 8087 8156 7648 8501 7985 7727 7774 8038 8016 8603 7784 7857 7630 7575 8516 8219 8633 7847 7447 7672 7780 7549 7778 8165 7504 7805 8031 8213 8155 7940 7860 7917 8005 8047 7983 8038 8046 7975 7203 8007 7680 7527 8130 8163 8009 7986 7501 7939 8118 8226 7752 7852 7920 7512 7712 8091 7772 7905 8196 8356 
7130 8423 7817 7699 8741 7881 8445 8098 7757 7904 7980 7918 7474 8428 8097 8096 8635 8043 8160 7932 8334 7626 7988 8172 8560 8060 7818 7668 8186 8147 7771 7322 7954 8108 8355 8202 7839 7732 7919 7626 7978 8170 7933 7954 7795 7796 8458 7249 8168 7960 7733 7830 8152 8116 8460 8235 7805 8316 8218 7776 7825 8203 8076 7671 8223 8096 8311 8101 8362 8209 8007 8381 7675 8067 7880 7361 7880 8203 7754 7414 7633 8106 8000 8028 8201 7937 7924 7627 8382 7568 7683 7996 8008 7793 8072 8326 8483 8748 8511 7948 8218 8681 8005 8302 7894 8241 8249 8150 7652 8215 7826 8439 7702 7750 8639 8097 7362 7776 7411 8410 7877 8017 7516 7790 7901 8257 7498 7918 8404 8345 7742 8476 7765 7849 7780 7844 7929 7787 8157 8031 7634 8419 8028 7450 8005 8143 8025 8646 7530 8026 7620 7606 7786 8296 7971 8409 8237 7706 7655 7926 8190 7985 8029 7774 8014 7977 8116 7778 8020 7999 8043 8447 7592 8488 8083 8054 7894 7879 7651 7914 8241 8272 7910 7862 7774 8135 8299 8414 8065 7162 8360 7534 7980 7900 8685 8111 7972 8545 8266 7884 7647 8295 7944 7456 7946 8377 7659 7875 8150 8071 7641 7896 8432 7984 7747 7848 8285 7799 7844 7964 8160 8779 8262 8251 8003 8310 7633 8347 8195 7720 8129 8104 8128 7913 8020 7481 7620 8260 8137 8103 8166 7753 7671 8208 7961 8571 7973 8025 7877 8410 8380 8180 8057 8576 8143 8209 7953 8045 7894 8247 8032 8189 8071 7734 8306 7712 8233 7687 8264 8206 8316 8270 8311 8165 8086 7688 8335 7791 7874 8015 7455 7916 8115 7689 7862 7774 7676 7951 7682 8274 7291 8040 7957 7977 8537 7730 7989 7900 8228 7906 7976 7920 8123 8552 8211 8131 8240 8108 7996 8034 7949 7434 8045 8001 7983 7561 7662 7952 8485 7970 8561 8027 7764 8021 8361 7048 7861 7916 8368 7508 8135 7698 8091 7924 8149 8077 8383 7787 8451 8481 8253 7780 7759 8183 7681 7629 7781 8034 8233 8753 8197 7742 8005 7871 8315 8308 8333 7779 7548 7972 7890 7793 8100 7989 7756 7655 8070 8165 8111 8302 7918 7742 8255 8198 7983 8014 8027 8263 7843 7610 8496 7766 8234 7867 8428 8212 7251 7945 8032 8503 8381 8040 8027 7742 8191 7906 7926 8138 8395 8555 
7409 8233 8330 7782 8408 7795 8770 7862 7901 7976 8155 8098 7665 8518 8521 8017 8670 8178 8042 7743 8671 7781 8096 8810 8586 8366 7944 8018 8315 8579 7928 7570 8105 8273 8141 8173 7690 8025 7966 8006 8063 8488 8081 8121 8056 7822 8482 7975 8345 8158 8157 7984 8228 8167 8645 8386 8038 8495 8399 7899 7716 8744 8066 8073 8230 7903 8494 8388 8430 8417 8205 8578 7268 8479 8083 7725 8064 8077 8620 7812 7916 8183 8188 8263 8197 7545 8196 7841 8295 8106 8073 8434 8295 7646 8101 8295 8714 8636 8208 7905 8184 8619 8390 8624 8158 8216 8780 8059 7531 8338 8247 8491 7716 7912 8698 8102 7855 7694 7705 8271 8259 8047 7153 7847 8082 8820 8232 8158 8404 8852 8260 8271 8056 7906 8448 8439 7667 8033 8237 8468 8120 8501 8300 7607 8307 8335 7953 8594 7533 8185 7768 8211 8635 8327 8522 8220 8268 8238 7954 8116 8176 8113 8370 7652 7917 8323 8626 8259 7932 8091 8677 8567 7811 8583 8408 8200 7757 8425 7829 8322 8599 8263 8006 8123 8021 8289 8615 8612 8266 7741 8617 7667 8196 7982 9011 8038 8460 8542 8540 8617 8232 8445 8385 7796 8250 8275 7910 8223 8445 8525 7856 7664 8837 8249 8104 7984 8117 7898 8573 8205 8340 9002 8661 8487 8397 8204 7822 8167 8158 7623 8014 8751 7899 8197 8068 7966 7651 8609 8467 8008 8040 8138 7526 8196 8256 8402 7893 8272 7343 8744 8289 7737 8162 8638 8266 8282 7818 8188 8339 8280 8007 8228 8368 8067 8325 7887 8151 7889 8477 8139 8247 8381 8575 8135 8024 8183 8619 7968 7953 8608 7472 8133 8488 7543 8093 7935 7815 8310 8012 7957 7386 8342 8177 8168 8850 8178 7798 8021 8756 7852 8044 8039 7971 8852 8541 8572 8259 8486 8345 8355 8278 7446 8137 8260 8372 8086 8105 8264 8741 8027 8765 7992 8011 8285 8103 7210 7940 7878 8908 7890 7837 8109 8400 8197 8165 8080 8350 8108 8361 8575 8078 8234 7962 8469 8235 8311 7748 8445 8069 8484 8605 7909 8044 7953 8605 8324 8651 8136 7990 8368 7666 7930 8025 8427 7713 7641 8050 8833 8413 8288 8145 7768 8014 8395 8350 8157 8180 8180 7529 7962 8105 7797 8259 8272 8441 8340 7653 8197 8568 8620 8174 7891 8600 7965 8293 8141 7797 8365 8327 8740 
7136 8012 8154 7898 8795 7970 8266 7999 7656 7756 7805 7999 7837 8310 8291 8257 8549 7880 7810 7920 8233 7645 7876 8303 8358 8259 7733 7801 7872 8091 7728 7387 7996 7650 8310 8057 7718 7692 7815 7857 7853 8102 7975 7822 7849 7934 8210 8137 8274 8165 7583 8076 8057 7827 8591 8343 7772 8311 8451 7883 7644 8352 8260 7959 8133 7938 7849 7939 8135 8416 8146 8279 7551 7826 7802 7446 8148 8510 8508 7295 7672 8149 8048 7856 8183 7818 7874 8121 8094 7686 7757 7968 8197 7763 8267 8254 8311 8415 8289 7698 7940 8647 7629 8162 8082 8182 8542 8255 7643 8177 7798 8275 7572 7797 8536 8042 7139 7865 7625 8304 8238 8085 7354 7996 7948 8442 7797 7700 8018 7987 7713 8327 7810 7763 7790 8068 7870 8081 7872 7830 7618 8222 7774 7415 7930 8005 7641 8765 7496 8128 7620 7771 8438 8184 8040 8057 7764 8173 7849 8038 7984 7923 8244 8112 7593 7808 8199 7873 7528 7902 7963 8355 7623 8324 7800 7838 7786 7971 7853 8182 8473 7890 7787 8067 7783 8232 8357 8588 7995 7602 8272 7281 8247 7945 8546 7858 8306 8484 7961 8013 8244 8568 8333 7477 7856 8244 7613 7979 8200 8104 7777 7719 8423 8371 7802 7736 8075 7665 8109 7771 8373 8574 8627 8228 7647 8581 7458 7941 8203 7771 7759 8286 7856 7672 7846 7790 7600 8334 7915 8028 7770 7577 7912 8355 7717 8388 7526 8032 7931 8219 7974 8177 8005 8412 7906 8579 7994 8120 8106 8343 7924 7991 8322 7930 8314 7645 7854 7726 8104 8049 8414 8345 8140 7991 7986 7661 8648 7973 8133 8477 7764 7760 8486 7672 8098 7575 7632 8099 8183 8023 7520 7769 8094 7729 8459 7586 7745 7895 8038 8067 7837 7812 7884 8375 8333 8561 7976 8053 8170 8300 7990 7162 8015 7965 7549 7843 7584 7812 8252 7939 8535 8054 8333 8146 8148 7064 7392 8021 8533 7377 7954 8110 7910 8144 8219 7709 8199 8041 8182 8157 8044 8025 7793 8490 7889 8440 7523 8026 8191 8256 8122 7741 7907 7961 8542 8101 8451 7785 7529 7981 7566 7836 7890 8106 7844 7897 8069 7835 8016 8068 7719 7744 7836 7821 8206 8075 7819 8045 7654 7846 7989 7696 8133 7838 8189 8062 7361 7948 8122 7942 8310 7943 8120 7716 8056 7893 7897 7693 8379 8671 
7726 8355 8809 8381 8624 8039 8821 8333 7925 8227 8634 8263 7631 8680 8782 8368 8624 8342 8336 8357 8626 7831 8069 8422 8665 8500 8190 8490 8221 8337 7881 7951 8085 7969 8494 8312 8118 8101 8314 8493 8404 8285 8093 8608 8051 8207 8910 8155 8623 8526 8092 8215 8573 8280 8791 8279 8003 9099 8654 7764 8209 8735 8368 8118 8822 8182 8678 8391 8455 8889 8502 8428 7771 8633 8084 8033 8646 8490 8756 7939 8385 8543 8618 8298 8413 8210 8503 8231 8719 8148 8186 8346 8405 7807 8272 8740 8644 8684 8640 8188 8192 8948 7919 8854 8467 8442 8737 8761 8058 8232 8427 8462 7926 7832 9002 8017 7728 7802 7898 8617 8196 8082 8242 8241 8158 8756 8200 8306 8537 8890 8198 8681 8635 8190 8514 8389 7925 8299 8452 8495 7911 8754 8175 7634 8283 8607 8028 9009 7957 8245 8083 8238 8780 8402 8153 8360 8432 8232 8266 8151 8611 8353 8381 8113 8123 8411 8724 8452 8104 8016 8521 8582 8010 8958 8483 8422 8254 8555 8086 8826 8583 8238 8212 8371 8048 8253 8501 8825 8262 7684 8494 7441 7970 8473 8925 8325 8294 8856 8398 8739 8393 8422 8474 7935 8400 8168 8127 8675 8458 8537 8254 7953 8542 8340 8059 8378 8601 7995 8218 8217 8504 9271 9095 8527 7843 8422 8048 8121 8582 8015 8464 8324 7947 7996 8450 8016 7916 9225 8443 8297 8094 8293 7962 8850 8544 8798 7989 8288 8167 8661 8725 8318 8341 8747 8251 8482 8182 8441 8578 8363 7972 8310 8625 8551 8484 7984 7918 8100 8346 8322 8719 8667 8471 8238 8313 8163 8709 8224 8229 8616 7628 8239 8422 8040 8268 7963 7874 8665 8414 8301 7567 8386 8511 8256 8586 8147 7962 8318 8393 8587 8076 8041 8275 8556 8686 8332 8613 8208 8309 8411 8347 7621 8536 8263 7809 7848 7847 8228 8500 8579 8954 8504 8377 8333 8126 7705 8222 8281 9053 7806 7915 8192 8681 8458 8171 8176 8607 8441 8786 8837 8438 8596 8008 8943 7965 8477 7824 8613 8373 8719 8648 8082 8196 8070 8869 8224 8903 8240 8205 8304 8207 8347 8390 8458 8190 8083 8504 8856 8635 8228 8326 8259 8343 8254 8552 8228 8279 8259 7982 7914 8342 8038 8149 8027 8390 8538 7939 8148 8460 8596 8542 8181 8531 8223 8160 8549 8165 8590 8779 8868 
6684 7529 7571 7773 7873 7567 8447 7092 7258 7367 7532 7299 7016 7756 7989 7836 7965 7531 7425 7419 7917 7284 7564 7854 7700 7531 6993 7592 7468 7867 7126 6787 7457 7504 8056 7619 7447 7271 7648 7256 7814 7970 7394 7872 7534 7601 7860 7545 8002 7774 7551 7510 7534 7763 7967 7760 7624 8006 8168 7313 7454 8031 7830 7669 7649 7374 7688 7650 7923 7570 8102 8106 7030 7544 7624 7260 7712 7796 7975 7407 7475 7595 7523 7697 7600 7528 7774 7394 7742 7375 7366 7538 7649 7376 7560 7988 7984 7921 8196 7474 7183 8213 7227 8159 7426 7899 7824 7775 7373 7529 7493 7775 7362 7081 8098 7609 7209 7407 7274 7877 7822 7379 7242 7054 7326 7988 7665 7478 7933 8176 7460 7487 7454 7365 7716 7604 7562 8071 7700 7651 7467 8056 7410 6823 7277 7643 7390 7880 7092 7691 7197 7542 7832 7728 7579 7455 7531 7621 7235 7592 8159 7698 7858 7534 7358 7413 7870 7376 7628 7737 8107 8096 7111 8173 7873 7685 7818 7908 7462 7767 8035 7439 7394 7333 7772 7873 7928 7972 7882 6945 7750 6968 7610 7567 8223 7349 7744 8262 7554 7702 7693 7800 7522 7304 7557 7722 7289 7603 7778 7807 7271 7253 8100 7782 7622 7463 7721 7462 7404 7791 7815 8243 8196 7973 7318 8089 7117 7794 8039 7545 7390 7796 7589 7671 7419 7203 7266 8146 7857 7857 7324 7480 7308 7954 7846 7864 7313 7875 7429 7587 8163 7394 7663 7903 7529 7964 7453 7765 7572 7719 7423 7682 7977 7760 7789 7282 7634 7488 7523 7622 7946 8069 7776 7499 7618 7414 8137 7444 7509 7973 7380 7612 8076 7181 7546 7266 7323 7788 7518 7373 7171 7303 8073 7613 8205 7520 7396 7662 7784 7483 7634 7233 7458 8053 7844 7972 7632 7571 7443 7721 7748 6947 7585 7664 7319 7347 7172 7415 7969 7671 8098 7701 7689 7443 7778 7188 6812 7597 8231 7377 7486 7328 7438 7573 7740 7846 7592 7857 7809 7717 7539 7581 7498 8031 7414 8067 7329 7450 7799 8376 7884 7603 7510 7455 8112 7916 8032 7663 7161 7714 7102 7285 7808 7857 7487 7298 7549 7927 7788 7685 7530 7459 7507 7713 7514 7705 7689 7570 6817 7658 7518 6889 7756 7774 7808 7731 7012 7719 7854 8155 7499 7379 7661 7614 7349 7708 7499 7505 7740 7996 
7364 8002 8067 7605 7944 7647 8311 7772 7591 7452 7497 7527 7193 7943 7825 7646 7899 8195 7713 7646 8078 7633 7633 7922 8160 8048 7327 7767 7403 8149 7490 7299 7589 7859 8086 7720 7098 7528 7851 7826 7851 7906 7604 7591 7596 7314 7778 7827 7831 8087 7428 7660 7852 7900 8065 8072 7430 7944 8395 7670 7377 8446 7581 7797 7802 7908 7997 7838 7949 8113 8164 7877 7252 7999 7651 7480 7969 7343 7921 7157 7846 7456 7879 7776 7757 7859 7517 7228 7753 7578 7744 7992 7576 7265 7548 7807 7848 8108 7793 7667 7553 8113 7434 8153 7928 8195 8283 7640 7597 7815 7533 7939 7845 7280 8078 7498 7154 7364 7510 8038 7929 7865 7485 7198 7786 8217 7813 7283 7811 8166 7757 8007 7793 7428 7647 7424 7371 8097 7990 8050 7524 7995 7461 7159 7872 7653 8044 8202 7091 7711 7325 7520 7798 7990 7979 7799 7448 7923 7666 7429 7922 7953 7758 7791 7326 7956 7582 7745 7747 7630 8394 8481 7495 7932 8010 8062 8048 7744 7820 7674 8149 7745 7522 7654 7654 7709 8008 8098 7756 6970 7783 7143 7734 7576 8442 7717 8148 8465 7830 8174 7584 7833 7870 7242 7735 7851 7854 8035 7576 7916 7551 7285 7892 7852 7702 7644 7985 7021 7853 8031 7553 8550 8434 7717 7402 8360 7572 7671 8008 7291 7700 7990 7573 7663 7775 7264 7545 8443 7982 7829 7487 7653 7515 8014 7797 8072 7666 7757 7399 8019 8040 7913 8105 8457 7954 7871 7410 7698 7850 7955 7686 7784 8248 7992 8056 7774 7538 7580 7696 7799 7962 8261 7916 7681 7547 7444 8122 7559 7545 8273 7336 7516 8310 7159 7734 7441 7490 7703 7499 7551 7128 7578 7817 7748 7886 7576 8070 7933 8110 7584 7750 7135 7686 8251 7894 8041 7963 7930 7955 8213 8190 7541 7813 7665 7595 7711 7399 7612 7795 7480 8433 7725 7636 7809 7815 7278 7529 7903 7999 7486 7714 7469 7708 8090 8001 7639 7928 7439 8098 8204 7624 8013 7668 8043 7329 7754 7578 7750 8052 8426 8159 7566 7873 7669 8096 8127 7878 7663 7580 7952 7299 7438 7632 7608 7355 7475 7974 7979 7841 8008 7884 7573 7806 7585 7715 7695 7940 7952 7384 7841 8025 7116 7664 7772 7635 7997 7120 7789 8002 8190 7775 7556 7775 7496 7828 7695 7553 7763 8102 8231 
7020 8237 8260 7991 8353 7894 9023 8014 7788 7781 8180 7880 7362 8377 8650 7733 8272 8156 7733 7612 8313 7649 8060 8358 8534 8314 7791 7847 7787 8184 7809 7420 7945 8183 8414 8364 7564 7703 8017 7767 7994 8257 8079 8098 7645 7771 8330 7947 8219 8209 7827 7975 7952 7721 8472 8346 7974 8406 8628 7822 8050 8270 7986 7915 8404 7984 8309 7948 8339 8589 8215 8158 7659 8368 7880 7273 7885 8044 8286 7706 7566 8280 8209 7750 8057 7907 7936 7903 8474 7800 7869 8291 7963 7554 8057 8554 8185 8210 8354 8054 7878 8392 8010 8306 7937 8198 8518 7991 7543 8282 8041 8331 8097 7765 8618 7722 7417 7505 8140 8406 7868 8264 7474 7601 8041 8767 7766 7889 8231 8563 8191 8327 7835 7823 8106 8068 7857 8006 8328 7930 7417 8091 8343 7284 8190 8482 7856 8636 7850 8106 7775 8072 8275 8309 8093 8353 8494 8040 8172 8111 8201 7855 7908 7916 8332 8154 8387 8025 8174 7949 8452 8455 7789 8575 8391 8292 7814 7994 7597 8107 8230 7974 7657 7863 7771 8131 8343 8573 8210 7499 8515 7615 8073 8104 8819 8097 8501 8785 8097 7967 8135 8460 7928 7769 8348 8078 7923 7928 8139 8372 7868 7669 8284 8130 8195 8250 8298 7653 8325 8198 8328 8468 8648 8116 8044 8080 7745 7816 8128 7632 8073 8250 7942 8087 8445 7479 7809 8601 7874 8397 7961 7838 7902 8201 7865 8287 8069 7926 8305 8337 8553 7916 8200 8736 8238 8295 7889 8629 7892 8118 7910 8171 8244 8343 8278 7867 8145 7944 8029 8134 8374 8576 8401 8241 8341 7471 8363 8158 8034 8497 7333 7811 8528 7880 7973 7661 7835 8028 8353 8156 7421 8133 8541 7841 8433 8092 8284 8024 8550 7771 8172 8150 7914 8336 8366 8190 7947 8292 8013 8086 8225 7617 8021 7797 7880 7996 7794 8499 8406 8046 8951 7689 8098 7990 8381 7296 8110 7920 8444 7703 7883 7628 8235 8030 8005 7975 8520 8255 8191 8419 8259 8285 7655 8288 7871 8301 7934 7948 8158 8507 8550 7873 7906 7788 8765 8249 8354 7945 7943 7911 8070 8006 8065 8208 7941 7734 7917 8356 8285 8024 8050 7919 8459 7923 8260 8260 7939 8491 7385 8220 8420 7681 8041 8111 8482 7970 7534 8141 8191 8280 8385 7835 8103 7400 7963 8225 8195 8259 8436 8591 
