200
4359 3942 4309 4223 4238 4033 4098 4107 4333 4459 3880 4649 3890 4189 4370 4154 4166 4378 4467 4454 4152 4523 3951 4536 4320 3822 4332 4228 4339 4289 4062 3878 4054 4152 4166 4104 3745 3918 4082 4108 4373 4035 3917 4162 4479 4036 4134 4344 4682 3894 4144 4244 4379 4310 4549 4315 4121 4546 4376 4415 4150 4085 4250 4467 4225 3863 4093 3990 4270 4168 4283 4305 4299 4285 4255 4350 3785 4331 4216 4576 4218 4391 3863 4398 4531 4004 4354 3889 4565 4254 4138 4301 4561 4195 4172 4278 4440 4077 4677 4307 3753 4265 4189 4266 3991 4728 3974 4626 4035 4288 4095 4199 4083 4370 3755 4403 4241 4195 4020 4014 4732 4277 4962 4408 4392 4013 4048 4381 4274 4159 4085 3897 4119 4432 4247 4126 3917 4165 4115 4292 4175 4448 4189 4218 4264 3992 4289 4272 4206 3985 4556 4295 3693 4418 4240 4324 4216 3690 4131 4245 4387 4057 4186 4302 3995 4081 3922 4103 3689 4493 4222 4348 4164 4476 3888 4196 4240 4236 4632 4082 3956 3616 4049 4541 4014 4083 3988 4550 3838 4222 4234 4107 4010 4463 4266 4071 4152 4512 3959 4557 
4340 3828 4372 4021 3902 3812 4128 4011 4312 4303 3870 4378 3773 4425 4186 4337 3816 4182 4294 4347 4032 4146 3758 4434 4229 3992 4202 4058 4137 3959 4032 3944 4050 3862 4131 3937 3681 3992 4070 4084 4236 3715 3859 4168 4221 4224 4048 4288 4451 4015 3914 4291 4135 4217 4295 3934 4194 4174 4417 4163 3979 3846 4051 4320 4025 3956 4077 4130 4127 4195 4062 4237 4133 3966 4200 4079 3509 4077 4469 4362 4133 4243 3798 4315 4442 3710 4124 3495 4328 4044 4103 4096 4210 4176 3959 4177 4359 4159 4531 4040 3764 4152 4085 4241 3842 4521 3599 4369 3875 4139 4146 4089 3997 3958 3338 4299 3997 4064 4043 4126 4516 4114 4667 4324 4154 3740 4301 4253 4265 4372 3961 3766 4149 3996 4106 4132 4118 3831 4114 4162 4276 4204 4170 3854 4169 4009 4208 4097 4118 3630 4401 4024 4006 4261 4125 4237 4079 3926 4272 4244 4092 3979 3929 4159 3853 4012 3938 3969 3669 4280 3740 4371 4173 4242 3975 4131 4285 3933 4201 3908 3991 3853 4188 4437 4014 3841 3965 4295 3542 4132 4041 3850 3962 4378 4199 3952 3999 4257 4166 4337 
4319 3779 4363 4131 4221 3991 4170 4151 3928 4441 3862 4271 3788 4304 4033 4360 4154 4453 4462 4244 4008 4216 4067 4133 4051 3983 4064 4300 4115 4143 4111 3909 4060 4145 4205 4035 3730 4064 4192 3750 4204 3828 3889 4113 4390 4080 4061 4184 4167 3904 4029 4363 4154 4186 4136 4070 4266 4201 4403 4232 4000 3880 4314 4457 4125 3969 4139 3974 3906 4110 4150 4459 4198 4041 4005 4078 3662 4233 4109 4427 4197 4123 4045 4210 4521 4028 4509 3941 4161 4006 4066 4318 4207 4342 3958 4136 4515 3904 4682 4078 3734 4348 4062 4257 3892 4732 3689 4326 3743 4076 4053 4263 4192 4063 3623 4093 4190 4293 3701 4230 4412 4200 4415 4327 3935 4002 3913 4301 4269 4241 3842 3805 4076 4090 3872 3896 4033 3846 4179 4346 4247 4182 4218 4184 4135 3732 4072 4154 3962 3684 4323 4032 3695 4187 4347 4198 4263 4035 4252 4186 4048 4021 4260 4344 3832 4258 4047 4039 3670 4425 3840 4147 4192 4383 4123 4094 4210 4027 4250 4009 4002 3797 4067 4450 3708 4007 4063 4482 3630 4315 4207 4201 4319 4367 4077 4036 3898 4308 4043 4251 
4298 3612 4439 4054 3652 3813 3995 3899 4092 4356 3747 4376 3838 4122 4203 4375 3938 4011 4171 4379 3989 4251 3966 4411 4097 3924 4086 4061 4232 3847 3988 3849 4013 4116 4155 3925 3611 3892 4133 3877 4086 3778 3898 4136 4316 4051 3775 4165 4072 4093 3719 4098 4093 4377 4204 3874 4075 4388 4279 4248 3890 3824 4106 4523 3838 4326 4007 3979 3767 4050 4139 4315 4165 4088 4146 4063 3425 4212 4188 4479 4018 3997 3798 4347 4304 3624 4102 3874 4082 3836 4029 3939 4083 4135 3920 3853 4230 3815 4522 3937 3704 4217 4002 4276 3556 4504 3637 4069 3978 4275 3680 4136 3919 3944 3274 4044 4334 4190 3601 4039 4251 4122 4617 4131 4083 3918 4041 4145 3924 4288 3914 3774 4041 4176 3935 3837 4137 3754 3934 4077 4094 4050 3935 3786 4118 3940 3993 4015 4050 3543 4432 3734 3858 4179 4190 4158 4069 3696 4081 4203 4147 3758 3961 4291 3719 3901 3754 4312 3712 4231 3699 4267 4041 4267 4071 4271 3981 3878 4130 3750 3753 3594 4076 4262 3937 3953 3783 4447 3386 4007 3978 3940 4190 4275 4137 3913 4014 4420 3926 4236 
4025 3365 3919 3830 3709 3481 3901 3905 3858 3951 3546 4111 3324 3678 3733 3808 3792 4157 3960 4184 3470 4048 3602 3925 3704 3707 3618 3772 3883 3687 3743 3266 3622 3640 3930 3839 3429 3727 3777 3694 3963 3357 3543 3585 4111 3633 3746 3943 3927 3429 3526 3722 3811 3962 3971 3626 4081 3833 3947 3802 3679 3647 3675 3868 3615 3505 3988 3553 3859 3791 3732 4180 3922 3635 3705 3968 3323 4033 3637 4110 3875 3599 3431 3943 4051 3695 3952 3362 3981 3665 3754 3947 3918 3814 3674 3825 3855 3617 4164 4054 3343 4059 3489 4014 3765 4086 3242 3768 3570 3962 3735 3684 3495 3890 3314 4101 3948 3926 3537 3599 4212 3547 4343 3955 3859 3563 3780 4004 3876 3784 3474 3474 3553 3796 3521 3477 3582 3448 3484 3713 3868 3933 4006 3599 3786 3444 3768 3849 3722 3521 4012 3620 3508 3796 3827 3696 3713 3499 3588 3860 3749 3615 3808 3877 3335 3622 3751 3728 3140 3810 3709 3849 3771 3788 3784 3504 3771 3898 3800 3601 3737 3155 3622 4160 3548 3727 3596 3917 3474 4099 3707 3477 3739 3943 3709 3521 3454 3979 3758 4002 
4084 3739 4052 3730 3704 3444 3875 3868 3816 4226 3493 4289 3537 3915 3807 3904 3856 4206 4043 4006 3620 4051 3628 4069 3764 3605 3944 3806 4036 3963 3846 3512 3582 3712 3786 3915 3343 3584 3839 3650 3995 3381 3616 3717 4293 3692 3475 4040 3940 3527 3715 3770 3986 4323 4212 3857 3784 4004 4104 3800 3664 3478 3749 4092 3773 3752 3769 3881 3871 3906 3583 3741 4053 3664 3812 3812 3322 3831 3749 4203 3667 3850 3526 4079 4122 3569 3976 3557 4108 3950 3721 3894 4014 3729 3690 3764 3940 3770 4230 4063 3428 3974 3791 3985 3642 4131 3416 3965 3592 3996 3655 3668 3641 3897 3330 4042 3810 3902 3457 3643 4541 3709 4258 4146 3982 3401 3667 3859 4007 3906 3600 3613 3665 4121 3622 3788 3727 3594 3717 3868 3825 3986 3818 3826 3616 3746 4003 3741 3771 3558 4011 3639 3502 3990 3822 3890 3891 3547 3710 3980 3871 3558 3956 3824 3624 3733 3799 3861 3238 4027 3732 4104 3766 3906 3707 3560 3729 3624 4099 3537 3633 3213 3843 4073 3737 3521 3763 3988 3292 3880 3765 3790 3818 3928 3931 3690 3693 4128 3771 4079 
4080 3494 4203 4342 3794 3815 3903 3899 3892 4168 3573 4141 3791 3980 3956 4196 3753 4033 4171 4108 3909 4169 3635 4013 3866 3591 3916 4005 4166 3738 3958 3622 3812 3838 4200 3834 3636 4015 3841 3810 4234 4048 3856 3944 3969 3840 3669 4049 4141 3505 3775 4172 3893 4066 4380 3748 4081 3905 4051 4046 3802 3660 3892 4185 3554 3846 3732 3803 3699 4013 3721 4041 4249 3798 3807 3973 3348 3980 3939 4507 4064 4164 3799 4473 4045 3680 4091 3684 4222 3882 4001 3900 4080 3847 3559 3875 4115 3915 4271 4047 3562 4123 3797 4224 3624 4341 3751 4214 3659 3859 3932 3989 3962 3936 3314 3927 4014 3812 3629 3785 4335 3978 4497 4096 4021 3585 4038 3932 4229 4016 3841 3713 4046 3912 3942 3609 4115 3852 3852 3848 3941 4032 3893 3731 3812 3714 4142 4177 3914 3634 4277 3807 3704 3994 4044 4100 4138 3768 3988 3775 3975 3745 4037 3868 3630 3895 3652 3906 3589 3962 3851 4000 3792 4137 3784 3800 3785 3825 4084 3984 3895 3377 3932 4024 3646 3806 3883 4270 3501 3816 4020 3881 3996 4209 4005 3640 4131 3929 4187 4268 
4541 3884 4491 4287 4309 3852 4114 4232 4152 4524 3824 4433 3755 4117 4248 4379 4173 4407 4521 4587 4115 4329 4045 4497 4236 3903 4236 4133 4206 3981 4102 3715 4065 3928 4355 4134 3504 4008 4158 4017 4249 3805 4088 4166 4619 4126 4036 4191 4293 3919 3968 4186 4205 4369 4465 4239 4401 4499 4330 4275 4259 4005 4379 4548 4100 4110 4082 4189 4173 4347 3929 4363 4290 3996 4014 4247 3782 4335 4405 4564 4401 4220 3785 4408 4461 3773 4181 3893 4474 3966 3994 4308 4305 4301 4026 4229 4374 3973 4928 4115 3753 4451 4146 4441 3881 4598 3923 4594 3892 4224 3981 4133 3997 4039 3662 4246 4348 4325 3803 3962 4545 4098 4703 4456 4196 3942 3913 4292 4323 4112 3919 3501 4286 4336 4043 4141 4134 3954 3957 3941 4086 4351 4301 4038 4123 3751 4292 4316 3809 3822 4550 4043 3808 4062 4231 4006 4207 4017 4193 4447 4056 4086 4345 4236 3967 4136 4006 4294 3535 4332 4141 4305 4163 4138 3840 4076 4000 4129 4343 3972 4242 3656 4095 4445 3965 4184 3964 4316 3863 4080 3907 3897 3839 4228 4148 3950 3895 4392 4182 4336 
4226 3799 4199 4156 3908 3899 3845 3928 3998 4099 3750 4427 3817 4277 3952 4061 4147 4217 4132 4263 3921 4052 3790 4197 3881 3891 4080 4021 4257 3730 3861 3894 3891 4066 4283 3771 3493 4160 3989 3824 3978 3639 3766 3936 4125 4175 3878 4032 4184 3796 3700 4320 4119 4146 4373 4013 3972 4101 4276 3945 3745 3771 3798 4292 3913 3935 3901 4124 3932 4064 3894 4072 4180 3691 3874 3752 3496 4005 4004 4293 4228 3885 3673 4322 4300 3757 4056 3854 4092 3566 3569 4248 4208 4099 3831 4182 4121 4115 4471 4085 3791 4172 4043 4062 3698 4417 3701 4084 3717 4073 3767 3999 3802 4000 3487 4075 3950 4245 3874 3941 4272 4264 4399 4180 4184 3711 3907 4134 4254 4033 4012 3574 4073 3944 3763 3923 3801 3713 3865 4070 4073 4220 4050 3958 3893 3821 4234 4086 4143 3808 3995 3605 3625 3973 4134 4036 4076 3943 4051 3961 4075 4167 4102 3820 3722 3990 3829 3854 3596 4131 3777 3803 3925 4226 3807 3801 4016 3811 4201 3775 3813 3695 3869 4124 3803 4144 3996 4085 3721 3935 3853 3699 3931 4327 3933 3919 3754 4118 3957 4429 
4088 3459 4020 3886 3959 3914 3742 3973 3880 4314 3591 4194 3509 3947 3897 3941 3802 4047 4175 4107 3577 4052 3787 4060 3890 3738 3919 3790 4090 3900 3839 3614 3895 3756 3959 3654 3570 3834 3864 3759 4091 3631 3801 3747 4086 3756 3731 4056 4153 3572 3624 4053 4107 4118 3879 3835 3770 3973 4126 3993 3824 3685 3829 4162 3840 3815 3951 3895 3926 4075 3913 4047 3893 3711 3676 3939 3272 3844 3852 4192 4207 3849 3817 4094 4356 3711 3975 3866 4044 3749 3881 4343 3800 3892 3922 3948 4031 3962 4245 3911 3657 4059 3929 4211 3589 4324 3448 4231 3776 3929 3687 3803 3796 3865 3423 4154 4179 4007 3554 4035 4429 4012 4230 4041 3902 3531 3989 4002 4009 3937 3775 3653 3841 4010 3730 3694 3825 3722 3794 3949 3919 4038 3879 3851 3825 3539 4051 4142 3870 3618 4197 3704 3647 3815 4011 3970 3841 3618 3995 3856 3763 3750 3944 3835 3490 3874 3550 3664 3517 3951 3627 3848 3999 4112 3778 3763 3776 3834 4002 3701 3682 3389 4080 4215 3519 3843 3787 4240 3577 4169 4020 3814 3834 4204 3632 3650 3748 4036 4059 4133 
4470 3766 4245 4069 3988 3920 4081 4435 4051 4386 3878 4524 3737 4126 4230 4544 4162 4430 4451 4355 4068 4519 3724 4375 4236 3935 4616 4140 4127 3860 4217 4005 3999 3755 4264 3746 3554 4168 3995 3885 4376 3970 4123 4035 4325 4090 3821 4198 4340 4037 3824 4335 4254 4363 4271 4231 4472 4516 4111 4192 3878 3874 4219 4369 3877 4067 3867 4121 3896 4540 3888 3996 4217 4070 4234 4262 4099 4344 4267 4748 4505 4375 3949 4378 4276 3994 4005 3931 4354 3846 3899 4229 4219 4072 3937 4175 4352 4000 4602 4157 3599 4277 4120 4115 3886 4729 3663 4676 4077 4111 3935 4098 4102 4124 3577 4122 4346 4217 4102 4087 4409 4196 4607 4102 4230 3851 3940 4158 4314 4348 3846 3845 4144 4298 3924 4108 4111 3926 4070 4097 4190 4294 4397 4000 4237 4032 4464 4246 3649 3857 4638 3895 3907 4042 4173 4095 4161 4104 4311 4193 4297 4053 4134 4192 3990 4131 3944 3944 3588 4154 3872 4432 4172 4313 3819 4031 4274 3995 4308 3932 3794 3585 4071 4419 3873 4063 3966 4570 3773 4092 4160 3950 4171 4417 4190 4140 4035 4399 4111 4328 
4432 3932 4361 4119 4037 3892 4040 4292 4183 4286 3590 4621 3952 4392 4301 4289 4019 4217 4441 4237 4035 4344 3899 4164 4303 3948 4323 4289 4311 3863 4247 3867 3641 4107 3976 4145 3471 3978 4073 3959 4309 4021 3963 3855 4164 4264 3944 3997 4311 3892 3690 3997 4097 4358 4377 4075 4230 4324 4469 4164 4073 3971 4361 4305 4072 3991 4041 4174 4040 4138 3856 4332 4060 4014 3841 4056 3823 4068 4039 4233 4448 4363 3872 4252 4429 3709 4061 3912 4448 4158 4170 4193 4346 4174 3900 4191 4374 3949 4473 4266 3883 4418 4126 4303 3766 4781 3783 4363 4032 4223 3891 3882 4011 4167 3715 4385 4298 4196 3697 4183 4544 3967 4599 4313 4089 3949 4252 4016 4284 4342 3770 3732 3937 4347 3835 3979 4062 4051 4079 4101 4034 4026 3786 4202 3993 3712 4100 4100 3979 3514 4391 3956 3829 4288 4164 4159 4054 3824 4021 4279 4128 4085 4106 4322 4038 3843 3981 4092 3707 4223 3947 4187 4108 4399 3879 4168 4012 3938 4251 4221 3886 3677 4085 4350 3823 4146 4237 4557 3806 4161 4088 4165 4041 4329 4137 4050 4222 4488 3948 4408 
4441 3756 4464 4296 4229 4066 4291 4146 4240 4531 4112 4541 3763 4291 4239 4363 4050 4280 4661 4540 3998 4452 4080 4410 4314 4095 4305 4434 4492 4069 4218 3969 4195 3939 4322 3924 3656 3982 4055 3975 4283 4045 4056 4253 4631 4157 4089 4448 4339 4031 3746 4428 4428 4403 4293 4238 4315 4442 4321 4134 3974 3886 4227 4209 4219 4297 4263 4152 3868 4385 4081 4355 4433 4176 4222 4112 3748 4416 4317 4635 4459 4207 4169 4388 4418 3904 4410 4012 4497 4100 4225 4337 4311 4248 3896 4260 4302 4103 4455 4212 3935 4236 3995 4396 4092 4708 3955 4516 4070 4141 4093 4188 4048 4198 3748 4299 4179 4275 4014 4111 4491 4322 4614 4369 4313 3910 4249 4400 4292 4122 4089 3824 4379 4453 4210 4066 4124 4018 4149 4250 4186 4126 4408 4292 4121 4210 4161 4384 4086 3796 4467 3912 3898 4178 4376 4228 4233 3918 4091 4166 4202 4219 4209 4359 3928 4179 4245 4248 3598 4376 3722 4251 4222 4404 4043 4275 4238 4080 4455 3884 4057 3791 4202 4579 3992 4264 4153 4447 3976 4193 4121 4179 4273 4579 4427 4004 4206 4321 4176 4678 
4119 3537 4037 3781 3511 3656 3911 3879 3845 3849 3437 4112 3508 4011 3865 3828 3752 3978 4124 4009 3569 3745 3414 3930 3696 3545 3835 3780 4028 3687 3692 3331 3857 3574 3871 3537 3370 3518 3608 3483 3831 3521 3601 3796 3841 3613 3626 3858 3833 3483 3395 4121 3883 3747 3981 3501 3670 3975 3935 3866 3734 3650 3663 4046 3527 3584 3730 3536 3669 4029 3565 3870 3587 3638 3708 3951 3353 3916 3809 3892 4073 3808 3523 3874 3992 3639 3873 3573 3974 3567 3747 3874 3939 3825 3696 3756 4064 3568 4227 3840 3554 3775 3661 4030 3538 4295 3481 3988 3473 3702 3540 3697 3809 3733 3245 3864 3593 3653 3564 3636 3956 3811 4104 3966 3972 3563 3665 3902 4068 3724 3643 3439 3927 3879 3571 3535 3656 3691 3631 3730 3695 3776 3885 3501 3831 3484 3822 3881 3653 3287 4109 3500 3526 3998 3930 3960 3821 3420 3784 3671 3884 3725 3446 3977 3361 3710 3537 3803 3436 3735 3638 3820 3857 3842 3879 3793 3635 3611 3847 3694 3649 3332 3766 4027 3516 3673 3523 4119 3481 3730 3942 3590 3787 4111 3758 3584 3646 3933 3825 3972 
4507 3886 4626 4317 4286 3963 4229 4216 4230 4611 3911 4615 4052 4337 4236 4501 4183 4370 4307 4344 4136 4312 3790 4334 4067 4050 4246 4199 4368 4193 4374 4063 4239 3931 4226 4295 3789 4058 4205 3841 4196 3994 3897 4169 4659 4258 3988 4333 4372 4095 3870 4467 4501 4197 4542 4090 4419 4252 4372 4340 4147 3828 4095 4632 3890 4194 4172 4170 4220 4321 4032 4272 4273 4085 4165 4393 3726 4354 4487 4646 4389 4350 3931 4483 4636 3925 4163 3929 4416 4090 4402 4260 4283 4395 4202 4182 4334 3984 4917 4355 3984 4571 4307 4181 3906 4693 3933 4536 3973 4255 4050 4250 4128 4265 3671 4417 4348 4443 3975 4308 4544 4344 4522 4388 4430 4033 4152 4388 4484 4160 4141 3666 4195 4473 3996 4106 4080 4032 4215 4209 3974 4084 4249 3989 4366 4108 4491 4283 4044 3756 4505 3936 4029 4257 4255 4359 4344 4064 4142 4176 3972 4285 4168 4252 3812 3915 4355 4160 3855 4151 4145 4217 4153 4348 3911 4205 4398 4256 4273 4010 4095 3861 4199 4701 4251 4206 4137 4605 3886 4183 4282 3990 4123 4485 4367 4047 3873 4450 4200 4380 
4337 3977 4113 4029 3975 3921 4035 3740 3998 4337 3839 4303 3639 4102 4128 4119 4015 4022 4206 4301 3724 4214 3746 4179 3915 3851 4106 4111 3889 3769 3815 3644 3866 3751 4145 3902 3397 4117 3974 3976 3973 3744 3932 3978 4187 3785 3781 4118 4052 3789 3640 4167 4219 4519 4280 4103 3968 4057 4299 3871 3819 3856 4123 4290 3691 3988 3999 3912 3805 4085 3998 4090 4141 3725 4075 4038 3508 4151 4049 4463 4293 3990 3873 4142 4230 3739 4278 3785 4103 3813 3576 3966 3974 4177 3633 4059 4063 3878 4384 4088 3743 4293 4059 4309 3708 4469 3683 4463 3662 4147 3995 3933 3802 3847 3421 4137 4278 4052 3731 3801 4238 3998 4477 4245 4213 3599 3944 4198 4230 4160 3732 3808 3739 4149 3743 3845 4174 3660 3949 4133 3896 4209 4051 3867 4026 3807 4156 4101 4075 3595 4159 3725 3863 4019 4098 3867 4136 3820 4172 4184 4088 3787 4095 4105 3701 3927 3897 3863 3476 4048 3693 4126 3914 4034 3660 4078 4017 4060 4216 3631 3880 3434 3953 4342 3690 4251 3997 4360 3670 3950 4103 3780 4063 4115 4206 4046 4083 4079 4023 4352 
4664 3927 4269 4030 4199 3820 4108 4168 4004 4307 4019 4564 3794 4236 4298 4374 4367 4573 4469 4375 4040 4275 3908 4378 4190 4126 4386 4253 4261 3894 4266 3724 4225 4000 4365 4008 3893 4010 4408 3834 4415 3754 3901 4236 4409 4155 4042 4298 4166 3853 3884 4388 4170 4699 4326 4308 4150 4473 4397 4141 4218 4057 4089 4689 4248 3999 4156 3959 3871 4150 4315 4179 4113 4032 4470 4216 3803 4333 4330 4395 4406 4130 4126 4411 4435 4179 4356 3953 4529 3995 4014 4308 4347 4398 4281 4268 4266 3986 4532 4094 3715 4004 4391 4325 4224 4730 3743 4596 3851 4094 4021 4056 4055 4188 3642 4342 4426 4273 4103 4099 4495 4286 4763 4537 4392 3939 4050 4451 4011 4271 4164 3925 4194 4467 3881 3959 3844 3902 4154 4354 4261 4495 4658 4045 4242 4141 4467 4287 4252 3996 4314 4089 3820 4320 4251 4216 4467 3859 4255 4347 4217 4063 4161 4284 3814 4149 4029 3932 3569 4221 3965 4424 4204 4266 3853 4054 4285 4192 4421 3905 4009 3757 4276 4532 3908 4140 4119 4386 3698 4285 4127 4196 4178 4394 4026 4162 4241 4378 4162 4357 
4429 3896 4435 4192 4076 4146 4237 4261 4133 4584 3955 4602 4008 4398 4209 4311 4315 4313 4163 4381 3915 4430 3818 4132 3833 4036 4396 4154 4428 4067 4298 3907 4108 3993 4442 4007 3633 4165 4113 4038 4231 4054 3958 4087 4431 4130 4078 4219 4336 3975 3913 4231 4462 4473 4573 4437 4350 4253 4398 4168 4010 4057 3986 4321 4054 4144 4127 4253 4259 4435 4125 4321 4113 3947 4515 4086 3793 4059 4357 4480 4464 4217 4076 4404 4633 4064 4229 3861 4132 4085 4015 4147 4191 4185 4050 4004 4440 4243 4507 4230 3581 4404 4115 4225 3820 4403 3984 4283 3957 4120 4059 4090 4154 4230 3783 4050 4201 4279 3897 4048 4702 4288 4716 4301 4430 4043 4208 4079 4521 4247 4089 4007 4288 4526 3889 4085 3907 4266 4119 4252 4227 4373 4304 4171 4155 3799 4265 4136 4184 3690 4538 4119 3892 4256 4091 4022 4382 3904 4205 4399 3970 4219 4156 4440 4034 4116 4004 4097 3753 4383 3887 4326 4135 4369 3847 4161 4099 3875 4348 3981 4073 3623 4226 4457 3984 3906 4050 4296 3833 4062 4061 4198 4159 4369 4103 3949 3955 4297 4133 4430 
4132 3756 4184 4201 3683 3816 4172 3694 4054 4183 3593 4466 3693 4154 4070 4291 4031 3930 3924 4372 3838 4222 3729 4058 3873 4004 4039 3890 4258 3909 4105 3897 3791 4014 4128 3706 3419 3950 4158 3726 4036 3741 3702 3930 3999 4136 3644 3949 4101 3955 3869 4161 4040 4238 4539 4005 3904 3992 4166 3993 3934 3752 4040 4168 3919 4039 3891 3978 3972 4162 4022 4074 3899 3948 4012 4139 3653 3998 4139 4314 4315 4126 3903 4199 4476 3871 4279 3746 4250 3706 3873 4074 4171 4081 3892 4251 4127 3813 4295 4114 3639 4173 3965 4073 3701 4413 3863 4262 3758 3986 3879 4013 3806 4038 3261 4254 4064 4085 3755 3936 4479 4257 4431 4232 4102 3872 3771 4240 4208 4088 3881 3727 4041 4024 3787 3940 3902 3810 4129 4020 3927 4016 3978 4078 3981 3632 4091 3894 4042 3705 4231 4061 3720 3915 4108 4097 4263 3743 4172 4224 3823 4095 3977 4041 3759 4114 3813 4102 3303 4103 3730 4075 4100 3984 3891 3886 3893 3930 4156 3816 3879 3362 4069 4200 3848 3996 3872 4315 3726 4058 4068 3792 3887 4007 4032 3740 3795 3983 3985 4092 
4357 3979 4239 4462 4092 4249 4289 4335 4478 4749 3857 4759 3612 4437 4267 4433 4202 4452 4354 4441 4169 4273 3765 4546 3917 4011 4550 4338 4300 4026 4084 3954 4026 3967 4598 3999 3718 4185 4330 4281 4295 3994 4079 4180 4370 4145 4072 4424 4273 4180 3916 4312 4341 4706 4371 4228 4155 4289 4492 4069 3979 4054 4164 4549 3995 4045 4144 4101 4434 4409 4032 4406 4383 3923 4326 4060 3723 4566 4372 4640 4472 4450 4096 4583 4476 4061 4264 3986 4431 3939 4094 4163 4285 4319 4261 4341 4387 4424 4432 4234 3860 4410 4255 4422 3748 4686 4042 4553 3993 4321 4166 4063 4066 4122 3553 4534 4293 4316 4062 4051 4481 4186 4595 4395 4420 3860 4126 4174 4447 4380 4190 3746 4374 4429 4071 3937 4124 4176 4077 4452 4192 4534 4199 4109 4174 3949 4651 4336 4381 3930 4612 4078 3817 4154 4437 4404 4454 3912 4091 4242 4242 3986 4142 4214 4029 4179 3907 4314 3741 4206 4087 4140 4194 4345 4100 3983 4168 4214 4366 3920 4130 3873 4222 4454 4033 4070 4157 4502 3760 4289 4298 4137 4106 4442 4261 4102 4100 4256 4209 4545 
4261 3778 4494 4133 4019 4027 3963 4258 4109 4541 3705 4240 3942 4389 4156 4467 4112 4299 4414 4251 4031 4301 3856 4491 4135 4129 4310 3982 4304 3940 4118 3839 4020 4025 4180 3736 3706 4096 4219 4013 4257 3941 3933 4037 4438 4046 3742 4275 4249 3848 3826 4379 4258 4204 4311 4121 4108 4385 4182 4335 3825 3985 4147 4607 4090 4055 4098 4041 4058 4213 4249 4373 4314 3963 4154 4130 3644 4126 4110 4607 4125 4242 4108 4625 4392 3913 4358 4018 4267 3819 3957 4245 4151 4006 4039 4179 4216 3961 4475 4087 3787 4184 4060 4365 3838 4658 3706 4509 3865 4190 4000 4173 4060 3922 3630 4271 4250 4374 3723 4117 4427 4140 4797 4190 4072 4168 3998 4287 4305 4240 3828 3904 4132 4301 3955 3905 4219 3842 4051 4003 4240 4195 4271 4045 4059 3950 4352 4224 4075 3838 4374 3842 3862 4261 4292 4234 4107 3999 4186 4145 4044 3993 3936 4195 3905 4199 3658 4138 3738 4262 3853 4230 4038 4158 4124 3991 4148 4012 4363 3959 3864 3491 4100 4313 3815 4101 4144 4413 3547 4125 4328 4013 4186 4318 4030 3784 3918 4344 4116 4290 
4062 3340 3971 3876 3712 3697 3663 3955 3908 4186 3620 4136 3402 3800 3590 4111 3740 4163 4033 3881 3726 3978 3547 3963 4086 3716 3864 3815 3849 3376 3766 3456 3533 3567 3876 3655 3468 3795 3680 3517 4141 3372 3480 3636 4000 3676 3534 3662 3949 3519 3444 3840 3435 3955 3846 3794 3868 3904 3959 3684 3792 3637 3576 3952 3843 3519 3920 3703 3734 3905 3705 3820 3713 3853 3618 3827 3437 3884 3762 3863 3977 3653 3576 3991 3826 3795 3610 3472 4083 3645 3591 4032 3931 3800 3717 3818 3540 3438 4016 4043 3443 3920 3742 3772 3598 4161 3447 4253 3566 3899 3682 3438 3514 3557 3274 3772 4136 3782 3382 3504 4058 3654 4221 3816 3608 3683 3788 3876 3694 3905 3596 3396 3855 3923 3799 3540 3626 3499 3705 3638 3549 3748 4040 3799 3879 3412 4206 3957 3643 3530 3981 3574 3412 3638 3966 3709 3584 3611 3695 3783 3629 3820 3840 3619 3511 3551 3552 3601 3239 3723 3684 3760 3858 3904 3579 3585 3696 3603 4055 3718 3642 3464 3778 3980 3554 3775 3951 3935 3638 3926 3835 3427 3536 4004 3672 3528 3536 3903 3718 3923 
4582 3674 4191 4014 3812 3736 3891 3917 4109 4056 3657 4203 3613 4122 4065 4126 3901 4065 4214 4239 3976 4254 3890 4408 4005 3810 3884 4069 4038 3803 4098 3734 3887 3916 4147 4005 3549 3909 4002 3848 4245 3702 3587 3895 4384 3950 3750 4020 4237 3809 3735 4180 3909 3975 4265 4038 3971 4244 4182 3994 3833 3814 4038 4186 4037 3801 3925 3693 3773 4046 3879 4145 4227 3844 4046 3784 3735 4416 3990 4498 4083 4019 3638 4208 4270 3768 4272 3841 4080 3835 3978 4090 4029 4095 4027 4219 4329 3763 4547 4040 3447 3969 3802 3773 3808 4541 3706 4382 3727 4179 3749 4109 3811 4093 3657 4006 4042 4173 4004 3781 4209 4047 4391 4134 4001 3841 3824 4141 3979 4105 3844 3532 4103 4318 4058 3914 3873 3918 3859 4115 4012 4136 3939 3787 3934 3640 4082 3956 3896 3829 4275 3942 3452 3973 4293 3893 4094 3643 3918 4102 3971 3883 3887 4035 3743 3916 3871 3997 3582 4096 4019 4072 4015 4007 3665 3570 3990 3853 3931 3964 3953 3797 3935 4175 3736 3976 4052 4158 3678 3928 3721 3847 3801 4077 3966 3805 4021 4112 3792 4229 
4240 3890 4273 3971 4002 3885 4101 3784 3894 4361 3729 4373 3755 4364 4016 4077 4263 4161 4324 4129 4153 4296 3700 4184 3862 3762 4094 4168 4085 3747 3884 3738 4040 3858 4195 3650 3588 4280 3828 3922 4071 3752 3735 4232 4354 4087 3901 4233 3951 3783 4001 4169 4220 4222 4399 4126 4082 4097 4228 4259 3931 3793 3971 4301 3975 3980 3865 3797 4019 4062 3804 3997 4332 3722 4048 3877 3482 3894 4134 4414 4287 3978 3909 4467 4403 3921 4195 3806 4094 3765 3870 3867 4102 4143 3950 4230 4067 4244 4344 3999 3659 4454 3971 4124 3566 4556 3638 4228 3864 3976 3868 4195 3998 4067 3495 3984 4033 4049 3813 3984 4290 4236 4324 4323 4019 3973 3904 4176 4308 4011 3969 3649 4146 4212 4007 3999 3832 3830 4254 4097 4022 4394 4091 4014 4001 3783 4239 4142 4202 3704 4099 3918 3611 4111 4277 4209 4093 3885 4101 4195 4068 3908 4183 4042 3653 3979 3938 4104 3602 4158 3856 4014 4107 4104 3823 3794 4043 3868 4352 3806 4000 3704 3921 4147 3792 4080 3831 4253 3477 3986 3893 3810 4175 4469 3996 3903 4035 4295 4009 4401 
4853 4257 4538 4319 4248 4153 4444 4127 4459 4683 3907 4680 3785 4411 4299 4402 4473 4529 4789 4638 4257 4542 4242 4516 4519 4377 4384 4085 4472 3964 4303 3938 4159 4048 4382 4107 3665 4387 4339 4171 4609 4034 4229 4230 4602 4370 4164 4485 4530 3990 3798 4352 4563 4460 4651 4425 4317 4403 4499 4378 4336 4223 4168 4623 4140 4211 4131 4119 4253 4597 4024 4525 4269 4230 4256 4282 3968 4279 4442 4566 4500 4565 4099 4505 4662 4115 4354 4164 4476 4098 4365 4460 4345 4278 4085 4529 4309 4118 4672 4322 4126 4472 4246 4280 3985 4903 3971 4577 4093 4303 4257 4205 4216 4176 3828 4581 4411 4395 4027 4013 4581 4224 4797 4385 4429 4109 4164 4454 4636 4314 4162 3965 4496 4651 4224 4283 4222 4060 4417 4220 4175 4604 4488 3975 4344 4158 4369 4435 4307 3973 4582 4013 4027 4257 4447 4549 4291 4100 4377 4390 4222 4239 4191 4378 4018 4291 4233 4478 3868 4301 4342 4501 4402 4348 4207 4009 4379 4211 4431 4181 4216 3750 4254 4596 4050 4449 4261 4369 3660 4269 4199 4030 4188 4473 4373 4202 4009 4639 4144 4623 
4058 3587 3987 3662 3649 3619 3765 3775 3806 4064 3605 4162 3758 4063 3925 3905 3912 3998 4064 4019 3968 3993 3612 3865 3807 3853 3902 4036 3807 3841 3957 3699 3436 3793 3931 3599 3488 3880 3902 3698 3925 3539 3628 3704 4087 3866 3762 3725 3848 3819 3600 4118 4077 4058 3856 3983 3972 4031 4281 3870 3741 3524 3629 4083 3761 3605 3675 3931 3414 3987 3698 3800 3778 3691 3953 3807 3489 4072 4390 4054 4215 3975 3798 4179 4195 3785 3919 3615 3923 3742 3677 3834 4051 4083 3740 3899 3814 3732 3980 3852 3373 4045 3989 3798 3516 4301 3527 4297 3457 3962 3744 3868 3866 3795 3410 3780 3884 3976 3622 3848 3923 3841 4190 4057 3948 3727 3956 3798 4071 3807 3716 3471 3659 4193 3843 3829 3576 3656 3710 4023 3918 4061 3918 3751 3633 3842 4022 3914 3951 3343 4092 3719 3462 3889 3947 3964 4007 3550 3902 4009 3880 3675 3613 3822 3496 3791 3863 3612 3479 4029 3540 3819 3723 4037 3675 3650 3923 3570 4147 3508 3777 3514 3743 4032 3587 3845 3806 4054 3595 3986 3626 3735 3780 3936 3968 3700 3790 4050 3924 4038 
4067 3484 3917 3818 3571 3663 3790 3725 3971 4045 3425 4074 3445 3998 3845 4029 3733 3929 3801 3908 3693 3983 3570 3893 3863 3660 3787 3877 3795 3559 3930 3518 3700 3665 3868 3705 3415 3613 3568 3586 3897 3639 3569 3780 3943 3624 3461 3778 3933 3364 3525 3871 3903 3904 3972 3864 3806 3861 3949 3591 3799 3640 3682 4132 3559 3523 3864 3562 3571 3908 3915 3721 3669 3634 3534 3588 3235 3970 3662 4065 3870 3716 3725 4061 3858 3753 4046 3521 3855 3634 3476 3721 3716 3807 3579 3984 3986 3553 4100 3644 3403 3885 3701 3658 3660 4208 3505 4121 3490 3636 3754 3667 3625 3572 3081 3960 3987 3847 3433 3496 4003 3848 4104 4068 3774 3607 3706 3833 3804 3652 3674 3431 3830 3890 3879 3553 3662 3793 3811 3842 3765 3990 3902 3792 3802 3390 4024 3813 3598 3467 4107 3622 3589 3816 3931 3990 3692 3517 3719 3809 3837 3582 3572 3749 3519 3644 3700 3663 3250 3795 3458 3870 3878 3862 3571 3611 3660 3680 4099 3711 3681 3172 3903 3768 3611 3920 3769 3830 3564 3634 3797 3486 3742 3999 3852 3753 3589 3816 3704 4046 
4277 3668 4278 3979 3887 3838 4029 3949 4011 4365 3847 4566 3695 4266 3986 4128 3947 4194 4204 4366 3768 4277 3833 4334 3982 3895 4181 4038 4324 3749 4126 3728 3991 3883 4328 3635 3538 3941 3964 4022 4048 3577 3877 4028 4333 3951 3868 4163 4078 3783 3542 4026 4082 4254 4271 4156 3977 4265 4215 3816 3821 3969 3932 4368 3969 4039 4055 3972 3848 4059 4106 3973 4221 3854 3928 4122 3741 4211 4065 4231 4312 3886 3764 4137 4226 3764 4136 3849 4094 3995 3970 4261 3915 4186 3893 4086 4184 3863 4284 3897 3660 4041 4099 4239 3899 4293 3849 4060 3768 3961 3787 3923 3973 4016 3464 4260 4034 4107 3741 3842 4423 3852 4452 4064 4034 3853 4029 4175 3993 4153 3782 3764 4049 4100 3744 3795 3844 3783 3885 4213 4168 4137 4135 3863 3782 3932 4049 4295 4055 3753 4199 3774 3879 4046 4179 4245 4187 3793 4003 4087 3915 4024 4122 3957 3642 4139 3869 4011 3359 4320 3724 3984 4179 4175 3907 4142 4221 3919 4267 3708 3749 3545 3937 4269 3905 4199 4153 4269 3432 4056 3912 3750 4054 4218 4213 3820 3963 4118 4104 4263 
4535 4091 4386 4471 4078 4096 4411 4161 4415 4571 3796 4583 3800 4450 4359 4369 4172 4666 4350 4607 4118 4264 4013 4427 4261 4052 4238 4031 4293 4128 4269 3861 4215 4066 4501 4037 3788 4186 4092 4024 4438 4062 4148 4375 4480 4309 3952 4366 4268 3943 4256 4297 4500 4321 4278 4071 4198 4248 4594 4474 4269 4107 4081 4384 4095 4038 3996 4050 4245 4107 4217 4260 4247 4159 4198 4152 3720 4050 4261 4646 4499 4294 4027 4350 4522 4162 4404 3967 4508 3872 4284 4431 4477 4304 3963 4415 4400 4274 4529 4514 4117 4665 4299 4254 3947 4734 3896 4672 4189 4189 4102 4224 4287 4169 3905 4475 4362 4109 3905 4141 4631 4421 4562 4487 4348 4081 3928 4290 4172 4314 4234 3955 4216 4451 4136 4287 4175 3931 4308 4312 4218 4359 4288 4335 4169 3965 4415 4253 4217 3769 4474 4065 3752 4337 4342 4535 4368 3990 4105 4347 4188 3992 4287 4384 3764 4211 4254 4239 4004 4441 4135 4343 4172 4474 4229 3996 3988 4226 4431 4130 4066 3733 4072 4498 4114 4194 4099 4501 3785 4260 4143 4115 4233 4570 4173 3922 3986 4387 4217 4430 
4590 3822 4193 4200 4047 3843 4140 3994 3820 4308 3942 4501 3788 4311 3925 4361 4022 4217 4161 4438 4030 4152 3766 4345 4011 3943 4297 4096 4304 3756 4110 3701 3918 3804 4293 4000 3670 4035 4132 3993 4352 3753 3958 4131 4460 4171 4020 4230 3961 3784 3973 4162 4061 4343 4282 4334 4420 4190 4286 4013 4034 3861 4139 4296 3931 3802 4091 4236 4103 4255 4017 4332 4057 3914 4030 3934 3648 4112 4198 4195 4497 4383 4163 4627 4401 3945 4172 3802 4323 3778 4036 4314 4178 4015 4107 4126 4252 3972 4347 4177 3665 4184 4270 4212 3828 4218 3943 4335 3723 4149 3934 3903 3842 3965 3443 4383 4153 4128 3951 3980 4456 4267 4427 4374 4109 3891 3999 4025 4354 4173 3940 3553 4350 4206 4074 3878 3907 3890 4015 4023 3960 4279 4216 4043 4010 3921 4347 4100 4110 3807 4389 3969 3818 3927 4111 4285 4056 3765 4318 4184 4054 4218 4154 4152 3851 4060 3738 3895 3473 4091 3880 3878 4173 4212 3763 4015 4106 3974 4172 3678 3864 3800 4141 4296 3859 4140 4002 4298 3938 3952 4043 3935 3934 4329 4166 3918 3919 4100 3908 4179 
4624 4227 4537 4244 4261 4134 4103 4136 4343 4596 4235 4608 3967 4577 4348 4447 4330 4538 4562 4623 4110 4535 3890 4496 4443 4246 4486 4371 4419 4193 4306 4004 4287 4144 4523 4276 3727 4143 4234 4056 4443 3868 4174 4239 4453 4088 3952 4465 4320 4006 4047 4463 4478 4466 4531 4288 4343 4406 4554 4022 4207 4146 4043 4574 4194 4196 4381 4084 4144 4344 4417 4357 4417 4134 4111 4282 3848 4330 4161 4710 4420 4276 4056 4481 4528 4159 4406 4089 4507 4168 4157 4550 4266 4423 4175 4229 4446 4124 4543 4433 3989 4337 4210 4410 4255 4757 4009 4610 3975 4464 4159 4025 4168 4317 3730 4514 4335 4358 4123 4103 4717 4190 4800 4478 4501 4039 4129 4502 4484 4479 4117 3954 4217 4394 4124 4157 4263 4064 4279 4372 4098 4453 4373 4071 4022 4257 4582 4500 4218 3937 4490 3982 3845 4259 4352 4294 4478 3926 4279 4320 4262 4260 4341 4285 3867 4005 4141 4192 3733 4365 4270 4316 4396 4439 4185 4058 4423 4131 4502 4022 4094 3846 4288 4600 3992 4417 4353 4514 3859 4189 4241 3772 4162 4265 4398 4322 4095 4349 4280 4483 
4696 3828 4425 4205 4109 3996 4187 4045 4202 4466 3819 4662 3807 4092 4087 4239 4305 4510 4356 4464 4286 4407 3864 4221 4119 4017 4352 4297 4141 3976 4143 3674 3834 4021 4344 3997 3356 4098 3894 3910 4249 4037 3851 4113 4472 4178 3964 4065 4079 4039 3961 4300 4302 4290 4465 4228 4316 4067 4361 4285 4057 3839 4054 4282 4028 4048 4049 4292 4049 4303 3858 4318 4171 3903 4147 4198 3749 4408 4366 4777 4514 4338 3986 4407 4527 4369 4165 3951 4280 3893 3985 4338 4319 4220 3990 4024 4306 4011 4567 4331 3866 4607 4024 4217 4138 4569 3712 4600 3961 4191 3945 4040 4011 4166 3662 4030 4452 4234 3875 4259 4527 4377 4497 4264 4179 3897 3964 4061 4529 4058 3989 3793 4104 4353 3981 3907 4046 3727 4153 4156 3944 4141 3997 4205 4143 4020 4301 4066 3869 3854 4475 3997 3678 4247 4338 4223 4349 3814 4121 4276 4104 4161 4357 4179 3960 4027 4095 4255 3846 4257 4051 3903 4054 4315 4264 4043 3960 4192 4315 3956 4082 3803 4161 4565 3975 4085 4118 4333 3868 4044 4112 4069 4050 4381 4190 4019 3785 4184 4010 4567 
4562 3911 4535 4369 4291 4105 4279 4361 4318 4431 4165 4539 4164 4594 4335 4357 4311 4255 4631 4476 4295 4615 4179 4454 4212 4162 4264 4294 4481 4142 4288 4157 4184 4034 4490 4268 3659 4347 4309 4134 4787 4150 4306 4395 4428 4317 3990 4354 4363 4086 4018 4686 4237 4526 4602 4428 4278 4611 4538 4345 4122 4250 4236 4591 4294 4151 4196 4320 4053 4436 4391 4373 4153 4080 4471 4324 3801 4641 4244 4767 4398 4325 4513 4663 4697 4135 4635 4009 4325 4069 4105 4481 4348 4724 4002 4545 4496 4252 4645 4430 3949 4632 4266 4415 3895 4641 3873 4768 4109 4584 4171 4447 4203 4322 3839 4539 4310 4481 4102 4075 4820 4547 4646 4613 4536 4111 4218 4457 4496 4313 4042 4032 4262 4398 4272 4296 4193 4319 4237 4171 4240 4537 4403 4270 4306 4068 4592 4394 4368 4146 4581 4360 4012 4455 4515 4294 4356 4077 4376 4589 4186 4255 4239 4477 4166 4375 4291 4230 3777 4594 3995 4289 4318 4356 4057 4028 4405 4204 4463 4089 4110 3808 4251 4544 4027 4382 4304 4454 4030 4414 4338 4096 4248 4459 4431 4142 4149 4520 4406 4593 
4661 3877 4621 4270 4089 4097 4231 4223 4326 4631 4081 4743 3850 4522 4235 4262 4229 4636 4763 4294 3983 4400 3979 4373 4122 4193 4331 4343 4534 4049 4346 4153 4252 4125 4193 4130 3715 4090 4189 3917 4440 3948 3878 4303 4524 4114 4143 4444 4422 4171 3930 4381 4260 4116 4292 4206 4213 4324 4386 4358 3989 3770 4321 4394 4165 4019 4388 3989 4116 3982 4174 4350 4469 4063 4184 4308 3740 4411 4198 4610 4368 4436 3928 4414 4528 3785 4325 4109 4339 4140 4274 4433 4342 4112 4150 4165 4547 4167 4618 4435 3697 4155 4146 4469 4028 4926 3721 4701 3906 4389 4094 4076 4126 4363 3749 4496 4364 4349 3882 4363 4819 3966 4678 4256 4452 3784 3990 4394 4447 4236 4173 3916 4067 4501 3987 4051 4178 3951 4238 4432 4278 4348 4362 4148 4129 4234 4369 4564 3947 3809 4459 4019 3816 4159 4499 4229 4244 3987 4103 4013 4325 3947 4273 4419 3874 3782 3957 4249 3749 4277 4109 4185 4183 4574 4114 4164 4215 4292 4339 3793 3968 3973 4353 4472 3953 4089 4005 4522 3647 4336 4204 4098 4221 4494 4361 4228 4190 4520 3988 4424 
4414 4025 4387 4070 3962 3871 4311 3894 3945 4334 3789 4507 3821 4143 4163 4122 3795 4194 4151 4328 3908 4087 3671 4097 3947 3880 4087 4206 4226 3707 3919 3652 3909 3775 4078 4030 3645 3980 3999 4018 4153 3822 3859 4229 4457 4101 4008 4070 4265 3651 3678 3830 3998 4074 4461 3925 4305 4141 4513 3892 3876 3762 4060 4285 3904 3848 4076 3959 3964 4321 3949 4440 4100 3891 4104 4037 3475 4072 4168 4018 4183 3949 3819 4191 4310 3795 3983 3646 4161 3856 4175 4115 4109 4019 4024 4032 4303 3943 4333 4015 3742 4111 4074 4131 3627 4196 3866 4181 3842 4087 4112 4067 4043 3895 3487 4173 4028 4066 3643 4016 4476 4060 4428 4086 4099 3955 4137 4055 4111 4106 3813 3781 4055 4351 3908 3979 4012 3804 3975 4076 3786 4018 4130 3962 3913 3748 4212 4083 4012 3673 4452 3645 3869 3956 3947 4093 4224 3911 4144 4031 3842 3979 4017 4407 3557 3767 3705 4054 3814 4262 3841 4030 3831 4143 3747 3960 3964 4023 4023 3914 4131 3674 3964 4312 3988 3930 3949 4366 3578 3895 4051 4020 3893 4270 3968 3830 3734 4271 4045 4362 
4263 3729 4016 3826 3940 3871 4013 3929 4005 4309 3433 4335 3504 4135 4259 3939 3945 4252 4262 4233 3885 4193 3760 4156 3980 3804 4035 3978 3923 3784 3803 3587 3600 3686 4012 3760 3457 3769 4049 3970 3956 3727 3708 4046 4042 3904 3831 4189 4197 3897 3742 4200 4047 4369 4129 4098 3967 4063 4110 4027 3881 3885 3915 4159 3728 3962 3780 3858 3922 4162 3867 4098 4092 3749 4110 3856 3466 3917 4184 4222 4214 4143 3973 4190 4140 3657 4184 3697 4019 3573 3758 3989 4151 3995 3754 4146 4221 3792 4489 3916 3767 4120 3944 4187 3659 4313 3571 4231 3697 4081 3967 4067 3863 3690 3542 4085 3918 3875 3671 3872 4168 3887 4356 4135 4205 3738 3984 4128 4194 3993 3745 3699 4088 4259 3863 3973 3908 3791 3996 4070 3945 4039 4086 3933 4188 3769 4088 3915 3867 3545 4227 4038 3689 3896 3977 4025 4150 3819 3938 4056 4006 3785 3941 4256 3787 4055 3829 3999 3518 4031 3714 4057 3930 4099 3835 3855 3941 3901 4078 3955 3940 3688 3885 4211 3830 3974 3783 4218 3597 3812 4060 3761 3848 4132 4109 3911 3888 4172 3886 4269 
3948 3658 3841 3688 3664 3459 3810 3763 3652 3914 3481 4065 3430 3991 3868 4144 3637 3972 3910 4116 3511 3897 3672 3865 3863 3611 4081 3567 3767 3516 3656 3520 3691 3553 3629 3590 3221 3708 3624 3567 3737 3377 3613 3835 4061 3537 3663 3640 3916 3350 3527 3784 3840 4018 3816 3731 3925 3959 3985 3832 3653 3604 3953 3791 3782 3483 3758 3669 3733 3889 3683 3875 3866 3730 3652 3877 3641 3801 3830 3944 4071 3887 3486 3931 4318 3516 3926 3579 4074 3631 3565 3912 3778 3718 3711 3976 3847 3589 3998 3797 3461 3864 3782 4087 3537 4491 3553 3792 3571 3833 3538 3702 3747 3792 3410 4037 3607 3859 3509 3889 4103 3574 4264 4006 3740 3486 3483 3746 3866 3711 3476 3444 3745 3980 3455 3677 3659 3691 3626 3818 3712 3834 3932 3760 3705 3739 3817 3790 3639 3606 3880 3649 3433 3610 3688 3939 3738 3724 3794 3773 3650 3679 4042 3618 3438 3632 3595 3695 3409 3938 3617 3823 3741 3695 3594 3435 3871 3464 3830 3663 3636 3367 3724 4208 3541 3728 3717 3828 3508 3991 3782 3677 3657 3914 3688 3619 3592 3850 3660 3757 
4279 3863 4088 4189 4027 3976 4028 4201 3893 4264 3709 4480 3787 4405 4086 4122 4072 4328 4232 4445 4021 4395 3854 4097 3994 3826 4135 4153 4199 3971 4228 3789 3983 3646 4061 3880 3632 3950 4073 3728 4025 3721 3668 4222 4055 4045 3869 3979 4079 3721 3670 4263 3954 4258 4477 3769 4168 4287 4452 4196 4102 3787 3945 4316 4052 3791 3993 4161 3962 4051 4056 4191 4084 3690 3969 3934 3582 4121 4163 4256 4179 3842 3896 4226 4136 3785 3873 3862 4240 3682 3753 4242 4350 4095 3933 4165 4332 3834 4485 3890 3526 4352 4130 4159 3824 4420 3830 4338 3467 3830 3819 3985 3846 4032 3530 4043 4170 4212 3487 4044 4391 4140 4344 4135 4111 4081 4100 4226 4160 3780 3898 3621 4215 4245 4056 3894 3856 3716 4028 3922 3932 4137 4276 4186 3838 3911 4042 4199 3838 3637 4196 3728 3571 4231 4002 3846 4175 3858 3976 4291 4013 4132 4089 4015 3579 4011 4009 3888 3544 4132 3979 3888 3970 4029 3824 3897 3999 3918 4470 3847 4220 3614 4238 4429 3779 4034 3806 4103 4008 3826 3993 3839 3686 4208 4080 4007 3786 4057 4006 4197 
3850 3610 4046 3826 3819 3722 3711 3503 3931 3958 3654 4078 3504 4063 3897 4031 3781 3864 3939 4161 3593 3914 3631 4013 3776 3704 3821 3899 3935 3720 3902 3771 3575 3664 4049 3803 3263 3867 3838 3623 4001 3424 3705 3716 4162 3978 3656 3784 4038 3572 3561 4168 3738 3869 4170 3688 3975 4024 3854 3794 3799 3410 3867 4091 3795 3754 3853 3674 3619 3986 3550 3788 4059 3776 3769 3875 3409 4030 4159 4169 3833 3620 3554 4249 4165 3598 4015 3607 4098 3647 3589 3919 3955 4083 3719 3993 4319 3754 4313 4011 3512 4131 3702 4009 3646 4205 3259 4134 3745 3938 3504 4011 3939 3691 3539 4003 3952 4004 3596 3760 4019 3927 4299 3866 3783 3598 3726 4009 3822 3698 3651 3681 3640 3820 3796 3605 3795 3644 3974 3839 3679 3848 3896 4173 3708 3771 3916 4073 3694 3498 4013 3623 3460 3791 3882 3969 3851 3667 3912 3843 3781 3828 3879 3858 3666 3672 3725 3820 3394 3882 3476 3852 3863 3902 3723 3717 3874 3826 4001 3464 3824 3402 3657 4155 3562 3818 3631 4186 3473 3891 3719 3555 3625 3836 3939 3588 3744 3968 3667 4268 
4346 3657 4044 4144 4044 3817 3937 3934 4025 4421 3618 4193 3746 4078 3802 4203 3947 3968 4220 4008 3854 4162 3848 4281 3993 3631 3987 3906 4039 3745 4058 3521 3772 3754 4180 3797 3481 3865 3797 3754 4061 3695 3721 3898 4238 3997 3819 4001 4002 3643 3633 4087 4090 4024 4139 3915 3771 3904 4079 4173 3960 3700 3875 4267 3897 4009 4007 3899 3913 4194 3906 4190 4257 3753 3838 3843 3507 3854 4106 4203 4241 3973 3881 4311 4156 3878 3878 3581 4246 3781 3678 3989 3950 4003 3819 4028 3937 3775 4208 4032 3584 4048 3980 4021 3785 4319 3627 4370 3660 3855 3948 3750 3737 3803 3676 3769 4081 3850 3552 3849 4379 3991 4490 4058 3791 3930 3893 4268 4305 3982 3670 3518 4140 4255 3911 3661 3997 3640 3969 4079 3934 4064 4359 3803 3947 3729 4231 4181 4038 3715 3979 3682 3505 3898 4089 3892 3955 3896 3934 3884 3784 4188 3935 3857 3710 4016 3764 3900 3448 3945 3925 4033 4021 4091 3692 3779 4068 3745 4038 3724 3992 3606 3799 4151 3704 3896 3790 4139 3649 4023 3927 3616 3895 3909 3934 3765 3731 4092 4071 4107 
4063 3484 4269 4207 4093 3752 4007 3786 3877 4391 3715 4255 3690 4297 4283 4119 3744 3995 4354 4294 3923 4393 3773 4227 4139 4162 4028 3780 4219 3796 4137 3781 3819 4039 4059 3900 3548 3937 3884 3603 4331 3707 3787 4128 4068 3968 3769 4064 4101 3619 3877 4288 4018 3839 4098 3899 4354 4225 4036 3807 3878 3680 3908 4338 3917 3975 3978 3707 3917 3868 3997 4021 4061 4140 4128 3776 3496 4176 3835 4447 4105 4058 4054 4268 4445 3826 4238 4027 4163 3905 3884 4049 3999 4091 3421 4212 4211 3941 4372 4133 3606 4071 3900 3840 3576 4327 3573 4165 3888 4158 3736 3963 4011 4152 3420 4192 4003 4062 3658 3911 4654 4197 4317 4483 4160 3840 3883 4058 4071 4028 3747 3624 4234 3901 3758 3872 3806 3800 3910 4035 3891 4135 3872 3907 4121 3644 3980 4002 3975 3506 4135 3984 3823 4079 4155 4012 4198 3671 4224 4063 3779 3869 3936 4178 3878 3927 3618 3922 3259 3975 3789 4109 4065 3903 3770 3977 4256 4051 4105 3641 3734 3396 4014 4271 3687 4124 3942 4285 3622 3890 4002 3864 3896 4205 3874 3883 3780 4217 3883 4270 
4752 4126 4602 4396 4175 4315 4457 4182 4247 4728 4158 4600 4035 4693 4572 4577 4314 4506 4427 4562 4210 4695 4034 4474 4420 4181 4529 4427 4429 3905 4205 3975 4160 3970 4288 4187 3932 4261 4150 4263 4616 4057 4259 4270 4516 4189 4263 4371 4774 4050 3975 4282 4480 4286 4500 4229 4586 4554 4555 4501 4151 4228 4276 4609 4147 4038 4233 4272 4113 4302 4135 4488 4247 4121 4339 4241 3876 4519 4143 4650 4587 4484 4141 4519 4642 4243 4346 4160 4468 4101 4305 4412 4368 4150 4128 4387 4322 4196 4624 4488 4003 4427 4310 4519 4006 4732 3817 4566 4227 4393 4095 4252 4270 4345 3734 4479 4395 4166 4077 4533 4923 4291 4616 4468 4410 4131 4283 4260 4493 4555 4104 3993 4120 4656 4397 4108 4338 4254 4296 4273 4237 4562 4341 4217 4287 3953 4492 4453 4312 3877 4725 4062 3994 4125 4347 4488 4321 4122 4456 4370 4364 4445 4409 4245 3855 4245 4056 4183 3736 4443 4265 4300 4258 4479 4252 4002 4261 4094 4351 4190 4087 3853 4309 4565 4058 4268 4111 4698 3964 4281 4011 4236 4340 4706 4262 4061 4028 4539 4256 4580 
4709 4150 4681 4522 4334 4275 4427 4195 4194 4649 3985 4697 4085 4461 4504 4637 4332 4751 4404 4492 4222 4629 4051 4708 4356 4215 4466 4415 4496 4166 4366 3923 4536 4246 4625 4296 4013 4391 4171 3975 4350 3982 4256 4434 4833 4242 4062 4443 4765 4197 4339 4568 4522 4396 4683 4259 4545 4552 4585 4562 4275 4091 4316 4756 4157 4371 4490 4311 4208 4522 4232 4464 4533 4250 4495 4369 4080 4428 4487 4930 4520 4410 4277 4628 4796 4352 4520 4072 4452 3968 4283 4493 4265 4446 4237 4460 4724 4125 4821 4423 4049 4637 4305 4368 4228 4815 4026 4666 3890 4376 4241 4222 4520 4446 3740 4639 4264 4437 4105 4282 4786 4418 4774 4689 4289 4327 4171 4458 4840 4468 4108 4073 4421 4518 4152 4197 4240 4423 4318 4413 4345 4497 4485 4424 4278 4014 4645 4599 4156 4218 4767 3984 3946 4548 4256 4383 4534 4321 4129 4338 4311 4285 4506 4450 4032 4112 4331 4457 3913 4591 4137 4289 4329 4514 4163 4285 4105 4245 4502 4249 4185 3872 4455 4630 4236 4225 4331 4573 3913 4315 4500 4235 4250 4520 4354 4190 4283 4365 4326 4572 
4328 3817 4262 4287 4012 3933 4022 4055 4074 4336 3839 4296 3932 4278 4257 4451 3875 4129 4295 4596 4033 4243 3823 4312 4074 3844 4114 4113 4118 3888 3950 3876 3963 3912 4271 3879 3598 3924 3936 4003 4060 3686 3990 4013 4006 4167 3900 4174 4169 3592 3833 4249 4136 4297 4143 3973 4192 4474 4382 4096 3911 3839 4107 4378 4037 3924 4260 4000 4091 4205 4101 4204 4057 3991 4115 3952 3625 4089 4193 4315 4233 4055 4120 4327 4295 3943 4120 3917 4119 4117 3704 3869 4077 4162 3858 4112 4176 3905 4384 4014 3794 4096 4288 4221 3604 4441 3771 4364 3735 4135 3997 3940 3916 3906 3450 4269 4174 4368 3822 4057 4361 4063 4512 4154 4049 3968 3983 4167 4062 4051 3840 3744 4052 4255 3762 3727 4183 3655 3845 4138 4020 4107 4020 4042 3940 3884 4307 4148 4059 3475 4177 3873 3587 3936 4231 4132 3889 3883 4255 4030 4002 3861 3983 4044 3773 3902 3801 3960 3804 4329 3813 4005 4140 4064 3827 4107 4129 4059 4485 3765 3910 3575 3916 4320 3672 4058 4051 4338 3745 4277 4111 3802 3913 4195 3903 3945 4053 4232 4090 4368 
4472 3953 4311 4310 4160 3975 3946 4164 4241 4548 3820 4638 3738 4045 4200 4382 4176 4140 4265 4498 4084 4195 4125 4226 4154 4098 4331 4150 4356 4195 4196 3911 3912 3869 4149 3978 3641 4002 3976 4087 4361 3708 3875 3936 4472 4083 3863 4236 4194 3885 4008 4093 4050 4490 4338 4140 4247 4244 4472 4243 4074 4000 4057 4483 4316 4017 4119 4164 4068 4490 4104 4408 4259 3939 4470 4285 3565 4186 4217 4303 4271 4104 4108 4500 4343 4129 4253 3798 4439 4060 4053 4425 4257 4163 4052 4140 4235 4144 4589 4291 3741 4252 3984 4468 3910 4364 3775 4637 4111 4113 3931 3884 4035 4056 3721 4330 4158 4356 4050 4006 4590 4271 4618 4228 4176 4006 4411 4271 4472 4408 3932 3911 4169 4417 3959 3933 4062 4004 3889 4311 4074 4239 4359 4001 4011 3895 4293 4151 4248 3947 4570 3756 3926 4283 4298 4153 4254 3813 4257 4206 4113 4248 4081 4185 3848 4249 3872 3980 3854 4121 3876 4406 4234 4217 4276 4084 4197 3989 4407 3977 4018 3620 4286 4477 3769 3941 4138 4328 3680 4207 4251 4021 4064 4268 4090 3845 4025 4413 4147 4704 
4509 3789 4536 3992 4175 4035 4063 4036 4094 4680 3982 4583 3982 4365 4297 4414 4184 4499 4444 4183 4069 4505 3920 4286 4090 4078 4224 4271 4069 3834 4309 4004 3886 4140 4323 3993 3601 4170 4076 4126 4400 3901 3990 4132 4521 4224 4063 4082 4191 4282 3901 4314 4246 4433 4419 4281 4277 4311 4668 4136 4177 3918 4079 4522 4107 3892 4239 4240 4200 4039 4231 4286 4352 4148 4270 4246 3939 4267 4258 4656 4438 4452 4122 4381 4640 4079 4349 4000 4187 4128 4302 4376 4282 4205 4099 4191 4316 4058 4606 4190 3641 4545 4130 4498 3901 4762 3989 4668 3954 4540 4219 4110 4187 4327 3598 4204 4580 4264 3893 4388 4674 4283 4528 4287 4311 4086 4085 4108 4312 4540 4159 3877 4168 4323 3955 4444 3833 4091 4046 4294 4292 4525 4252 4172 4018 3982 4342 4253 4104 3963 4452 4135 3932 4153 4341 4216 4278 3784 4115 4345 3943 3985 4284 4336 3848 3894 4145 4145 4001 4555 3968 4210 4034 4392 4255 4006 4162 3909 4304 4055 3897 3891 4209 4396 4087 4445 4087 4463 3782 4257 3767 4283 4085 4506 4156 4304 4046 4329 4226 4514 
4128 3783 4145 3594 3861 3853 3787 3957 3647 4011 3692 4225 3625 4062 3981 4011 3801 4124 4162 4030 3765 3980 3656 4066 3862 3805 3977 3925 3799 3775 3688 3783 3788 3480 3677 3757 3246 3906 3738 3740 3980 3675 3753 3771 4150 3710 3683 4048 4242 3707 3521 3909 4006 4051 4067 4072 3992 3892 4224 3947 3703 3708 3689 4211 3803 3733 3708 3918 3809 4014 3642 4029 4035 3674 3909 4011 3482 3961 3934 3989 3910 4123 3614 4066 4138 3537 4014 3731 4064 3724 3880 4059 3932 4129 3733 3871 3895 3786 4136 3961 3465 3909 3745 4401 3738 4323 3686 4096 3862 3932 3636 3891 4010 3736 3512 4058 3913 3936 3654 3941 4283 3912 4161 4093 4023 3662 3756 3793 3980 3949 3644 3486 3712 4247 3624 3849 3553 3706 3791 3737 3866 3936 4099 3947 3601 3646 3932 4019 3706 3503 4174 3669 3439 3701 4055 4057 3990 3743 3728 3747 4025 3896 4011 3913 3436 3917 3642 3633 3356 3873 3723 3971 3854 3879 3673 3640 3836 3401 4029 3576 3779 3502 4039 4104 3453 3768 3882 4035 3457 3954 3683 3963 3924 4193 3936 3839 3693 4111 3756 4152 
4403 3905 4547 4107 4302 3883 4255 4403 3977 4460 3791 4536 3800 4164 4371 4475 4025 4288 4355 4356 3963 4197 3843 4473 4109 4054 4423 3970 3963 3967 4130 3576 4033 3946 4396 3814 3451 4023 4042 3898 4131 3807 3880 3924 4450 3986 4045 4219 4326 3811 3838 4186 4202 4211 4310 4371 4249 4208 4365 3911 4105 3784 4272 4374 4049 3998 4200 4081 4008 4167 4153 4011 4211 4061 3931 3897 3393 4232 4071 4327 3931 4133 3966 4395 4305 4159 4301 3971 4269 3992 4096 4284 4206 4295 4112 4250 4186 3944 4469 4039 3550 4241 4198 4242 3988 4351 3736 4115 3997 4072 3952 3839 3878 4070 3597 4455 4277 4142 3999 3923 4383 4150 4725 4335 4307 3953 3747 4041 4119 4191 3886 3543 4145 4306 4022 3896 3822 4048 4025 4193 3949 4190 4136 4186 3868 4028 4312 4025 4142 3754 4233 4072 3697 4186 4040 3899 4210 3831 4138 4169 3959 3902 4072 4130 3868 4220 3953 4031 3344 4395 4084 4199 4279 4303 3891 3942 4147 4130 4331 3852 4003 3625 4132 4550 3974 3854 4324 4392 3602 4000 4114 3916 3951 4217 4005 4050 3757 4263 4105 4421 
4720 4132 4724 4295 4073 3985 4096 4319 4248 4588 3911 4830 4047 4380 4133 4699 4244 4436 4563 4676 4022 4336 4139 4311 4217 4151 4312 4460 4298 4086 4328 4042 4138 4042 4454 4136 3765 4096 4154 4087 4323 4039 4218 4198 4382 4379 4070 4293 4404 4183 4099 4284 4466 4652 4626 4205 4334 4435 4785 4432 4141 4152 4476 4607 4108 4178 4264 4243 4166 4576 4164 4488 4181 4006 4199 4251 3746 4255 4534 4617 4315 4637 3969 4403 4602 4125 4328 4075 4565 4252 4363 4456 4702 4380 4219 4241 4601 4161 4547 4285 3878 4367 4259 4260 4012 4754 3865 4636 3690 4272 4086 4064 4098 4288 3481 4331 4289 4226 4147 4196 4739 4360 4830 4485 4382 4005 4331 4387 4590 4361 4159 3828 4331 4526 3993 3932 4270 4173 4213 4176 4282 4330 4444 4042 4021 3808 4560 4340 4208 3960 4511 3899 3954 4266 4471 4333 4305 3906 4360 4415 4333 4158 4436 4522 3827 4164 4093 4390 3792 4464 4114 4079 4196 4316 4232 4083 4122 4105 4345 4188 4238 3918 4168 4613 3938 4070 4391 4409 3739 4192 4098 4160 4029 4488 4155 4201 3993 4505 4379 4512 
4444 4076 4513 4500 4162 3899 4140 4353 4232 4786 3783 4808 3926 4407 4350 4525 4334 4353 4503 4718 4343 4649 4115 4479 4018 4129 4760 4173 4641 4225 4328 3846 4279 4110 4160 4246 3774 4278 4172 3961 4429 4006 3959 4227 4697 4397 4177 4436 4521 3950 3949 4308 4424 4595 4523 4341 4443 4419 4361 4204 4201 4165 4172 4852 4219 4138 4267 4428 4276 4393 4194 4366 4337 3955 4349 4442 3787 4678 4438 4589 4589 4263 4031 4616 4730 4030 4191 3961 4562 4145 4368 4394 4536 4369 4212 4422 4402 4089 4692 4315 3838 4540 4029 4431 4116 4739 4233 4577 4012 4138 3956 4179 4128 4180 3610 4380 4439 4512 4043 4124 4704 4338 4724 4462 4358 4217 4344 4391 4532 4345 4083 3987 4287 4474 4326 4084 4132 4091 4179 4280 4254 4501 4494 4130 4139 4073 4365 4280 4130 4151 4690 4023 4019 4361 4129 4384 4235 4053 4260 4387 4139 4308 4409 4411 4106 4318 3961 4294 3741 4507 4295 4499 4224 4234 3968 4280 4438 4037 4455 3938 4048 3696 4412 4702 4107 4078 4251 4686 3818 4304 4209 4241 4022 4596 4280 4153 4076 4526 4093 4316 
3992 3490 4193 3694 3586 3524 3705 3807 3565 3962 3574 3868 3463 4036 3931 4096 3786 3950 4063 3863 3533 3942 3380 3812 3692 3366 3818 3935 3886 3785 3714 3541 3796 3661 3790 3801 3453 3471 3639 3780 3880 3291 3504 3321 3835 3674 3582 3905 3938 3533 3701 4066 3905 3899 4371 3682 3858 4074 3968 3851 3729 3420 3566 4140 3534 3741 3614 3703 3785 3913 3541 4046 3963 3796 3821 3728 3299 3627 3928 4132 3747 3855 3605 4069 3900 3788 3560 3635 3910 3683 3561 3883 3932 3985 3579 3513 3914 3800 4054 3798 3270 3897 3679 4042 3593 4338 3190 4067 3577 3970 3503 3805 3719 3923 3331 3869 3828 3987 3732 3658 4185 3735 4468 4075 3836 3581 3750 3886 4051 3671 3740 3626 3760 3972 3674 3638 3711 3706 3787 3637 3600 4004 4097 3780 3590 3709 4028 3981 3693 3529 4105 3722 3515 3815 3751 3787 3644 3669 3977 3658 4096 3507 3706 3781 3434 3416 3422 3662 3359 3819 3717 3824 3778 3838 3556 3717 3836 3838 4185 3576 3439 3131 3777 3788 3450 3691 3488 3911 3329 3751 3820 3442 3685 3901 3756 3838 3759 3887 3698 4041 
4398 3838 4248 3932 3560 3575 3733 3989 4103 4319 3728 4197 3733 4290 4113 3956 3745 4120 4059 4404 3896 4164 3773 4096 4068 3726 4200 3979 4205 3988 3982 3692 3769 3914 4040 3864 3479 3775 3957 3846 4127 3674 4022 3801 4291 3923 3825 4101 4112 3625 3922 3771 4147 4155 3843 3828 4210 4254 4068 4075 3813 3834 4108 4187 3821 3874 3959 3886 3844 3879 3895 4043 4278 3855 3858 3861 3477 4071 3925 4424 3944 4029 3656 4408 4353 3799 3996 3803 4160 3907 3653 4124 4073 3892 3824 3858 4125 3948 4088 4035 3683 4287 4032 4158 3491 4492 3432 4369 3817 4141 3617 3754 3662 4084 3660 4037 4060 4187 3596 3999 4330 3884 4594 4168 3985 3992 3872 4099 4068 3754 4025 3694 3852 4235 3828 3856 3851 3893 3932 3893 3818 4145 4249 3921 3972 3626 3917 3959 4016 3535 4228 3797 3513 4135 3988 3917 3846 3715 3894 4065 4150 3954 4214 4014 3738 3699 3721 3917 3558 4135 3668 4204 3815 4043 3795 3650 3830 3706 4184 3692 3699 3361 3861 4245 3839 3895 3677 4062 3677 4089 3750 3663 3661 4054 3887 3817 3756 4202 3850 4366 
4065 3451 4065 3658 3576 3513 3643 3720 3959 3900 3444 4173 3570 3926 3657 3924 3823 3850 4091 3983 3576 3963 3794 3570 3668 3680 3783 3487 4029 3673 3657 3796 3567 3833 3797 3567 3244 3618 3744 3663 4090 3763 3694 3581 3836 3853 3573 3786 3958 3597 3478 3910 3853 3775 3950 3694 3681 3822 3757 3799 3422 3615 3588 4004 3535 3906 3679 3779 3540 3807 3649 3875 3769 3627 3777 3722 3245 3774 3789 4226 4000 3815 3340 3990 4250 3369 3741 3574 3829 3689 3924 3988 3593 3850 3488 3924 3834 3804 4082 3940 3591 4007 3726 3840 3362 4056 3288 4080 3592 3990 3664 3825 3839 3758 3334 3721 3868 3818 3404 3680 4210 3935 4347 3723 3892 3558 3869 3915 3897 3804 3556 3662 3630 3941 3470 3638 3545 3578 3799 3739 3781 3792 3741 3564 3828 3566 3696 3820 3733 3391 4022 3533 3294 3795 3970 3854 3811 3610 3694 3797 3648 3751 4032 3769 3648 3531 3742 3822 3462 3883 3322 3821 3724 4194 3627 3463 3590 3519 3913 3632 3730 3255 3554 3891 3455 3760 3775 3818 3466 3861 3686 3579 3806 3920 3599 3573 3502 4032 3638 4104 
4166 3718 4186 3914 3935 3899 3907 4007 3942 4500 3506 4546 3863 4164 4095 4334 4250 4137 4173 4100 4139 4155 3765 4218 4008 3840 4125 3980 4161 3941 4135 3613 3744 3964 4016 3677 3681 3968 4108 3988 4064 3677 3882 4020 4284 4093 3864 4196 4195 3840 3776 4105 4101 4184 4112 4022 4030 4112 4261 4290 4065 4001 4000 4390 3901 4039 4093 4038 3755 4274 3879 4179 4000 3862 4079 3982 3779 3995 4348 4347 4295 4200 3852 4449 4302 3770 4036 3910 4193 3608 3894 3862 4098 3843 3746 3904 4100 3799 4181 4012 3709 4424 4207 4231 3777 4492 3557 4173 3835 4255 3841 3994 4007 3952 3500 4148 4164 3986 3854 4087 4212 4110 4466 4105 4129 3735 4017 4149 4363 4127 3946 3448 4047 4423 3791 3875 3716 3709 3838 4037 4098 4229 4067 4073 3996 3934 4323 4130 4073 3473 4161 3657 3867 3890 4162 4170 3963 3921 3955 4084 4054 3977 3807 4012 3849 3979 3739 3969 3514 3915 3900 4183 3934 4017 3930 4025 3905 3856 4195 3781 3837 3820 3870 4186 3773 3859 3912 4246 3644 3929 3911 3791 3960 4195 3978 3604 3986 4299 4110 4129 
4489 3774 4615 4310 4058 4049 4192 4250 4214 4402 3999 4735 3917 4511 4469 4454 4105 4308 4501 4680 3875 4387 3807 4212 4269 4042 4675 4199 4261 3934 4257 4063 4181 4058 4453 4150 3721 4135 4114 4084 4372 3904 4145 4220 4255 4129 3938 4260 4293 3950 3924 4204 4358 4668 4447 4142 4283 4489 4368 4156 4179 4162 4130 4602 4182 4115 4419 4263 4026 4353 4138 4349 4378 4193 4388 4274 3686 4379 4188 4652 4496 4295 4165 4652 4569 4181 4196 4070 4472 3993 4173 4287 4353 4149 4139 4308 4325 4129 4427 4317 4049 4310 4146 4497 3894 4580 3840 4527 4145 4415 3972 4087 4105 4108 3770 4603 4315 4551 3669 4260 4615 4038 4764 4289 4513 4113 4172 4191 4356 4158 3997 3940 4261 4373 4188 4101 4166 4185 4127 4171 4228 4429 4298 4192 4065 3996 4298 4241 4195 3814 4371 4132 3825 4003 4113 4113 4107 3809 4243 4270 4179 4090 4255 4347 4075 4180 3906 4182 3903 4211 4129 4355 4169 4281 4130 4082 4264 3925 4281 3820 3967 3726 4192 4513 4152 4140 4199 4443 3937 4268 4126 4206 4438 4441 4185 4112 4077 4422 4216 4518 
4401 3752 4384 3960 3973 3964 4112 4095 4087 4302 3813 4510 3768 4409 4190 4215 4084 4288 4254 4428 3970 4443 3783 4232 4058 3973 4162 4065 4064 3961 4287 3889 3780 3850 4167 3940 3729 4185 4165 3982 3994 4004 3966 3936 4149 4071 3775 4154 4120 3864 3752 4211 4193 4259 4433 4186 4231 4261 4240 4062 3943 4061 3916 4297 3718 3952 4212 4169 4151 4248 4043 4414 4220 3813 4293 4058 3901 4100 4181 4627 4283 4416 3946 4339 4612 3917 4308 3865 4289 3863 4137 4010 4120 4073 3850 4216 4296 3721 4645 4171 3731 4321 4004 4103 3716 4431 3884 4324 3726 4263 3773 4065 4024 4190 3443 4123 4292 4182 3724 3974 4521 4037 4395 4128 4082 4028 3947 4054 4462 4061 3952 3829 4289 4311 3815 3993 3928 3998 3925 4197 4220 4174 4188 3862 4065 4006 4153 4238 3889 3657 4196 4030 3784 4079 4117 4098 4360 3957 4233 4039 4070 3925 4050 4135 3842 4001 3966 4140 3643 4243 4035 4114 4114 4270 3832 3989 4086 3775 3974 3878 3956 3672 4169 4336 3924 4137 3975 4181 3702 4109 4121 3776 4078 4205 4044 4057 3797 4408 3976 4048 
3971 3705 4134 3867 3863 4064 3777 3713 4057 4342 3519 4228 3601 4331 4015 4130 3993 4139 4229 3991 3725 4052 3708 4027 3758 3721 4025 3861 4025 3697 3843 3739 3776 3725 3899 3685 3541 3933 4105 3747 4045 3749 3507 3882 4201 3892 3957 4374 4039 3754 3710 4275 3983 4123 4149 3745 3913 4026 4057 4059 3752 3616 3802 4219 3797 3843 3889 3823 3812 4028 3907 4127 4072 3664 3821 3923 3431 3929 3906 4183 3973 3982 3817 4210 4049 3711 4194 3899 4115 3735 3947 4156 4215 4026 3714 3970 4077 3944 4303 3975 3523 4083 3943 4234 3630 4289 3739 4104 3693 4110 3940 3885 3844 3882 3357 4167 4191 3881 3494 3837 4236 3962 4516 3989 3879 3863 3901 4009 4146 4132 3819 3734 3979 4102 3865 3865 3634 3841 4098 3734 3984 4040 4091 3918 3927 3803 4062 3984 4046 3664 4191 3699 3731 3909 4182 3920 3977 3690 4148 3882 3730 3797 3846 4159 3428 3989 3458 3710 3595 4016 3869 4180 3932 4102 3655 3853 4015 3728 4253 3525 3840 3499 4038 4094 3676 3920 3890 4246 3515 4040 3874 3851 4049 4099 3748 3932 3729 4046 3804 4219 
4568 4117 4614 4462 4136 4377 4421 4193 4318 4749 3917 4698 4051 4590 4470 4111 4411 4599 4623 4629 4266 4620 4251 4340 4233 4248 4556 4189 4402 4130 4121 4049 4092 4071 4298 4227 3832 4566 4589 4204 4446 4263 4020 4436 4557 4369 4208 4494 4496 4072 3886 4418 4595 4545 4630 4307 4533 4520 4644 4405 4161 4163 4172 4440 3979 4114 3991 4157 4366 4392 4145 4626 4223 4142 4235 4078 3808 4180 4318 4566 4591 4611 4209 4742 4593 4088 4376 4128 4501 4048 4241 4654 4496 4454 4073 4291 4619 4371 4667 4522 3813 4535 4086 4581 3881 4667 3939 4783 4174 4435 4154 4503 4259 4284 3990 4267 4435 4259 3826 4192 4825 4228 4861 4362 4526 4077 4195 4223 4537 4379 4123 4072 4378 4497 4172 4133 4090 4168 4327 4406 4228 4292 4374 4095 4330 4097 4390 4502 4257 4037 4668 4111 4148 4465 4554 4660 4612 4117 4381 4391 4198 4178 4293 4341 4110 4280 4121 4178 3907 4336 4260 4374 4042 4630 4301 4108 4338 4189 4413 4104 4087 3712 4366 4327 3913 4485 4240 4649 3869 4178 4309 4204 4210 4833 4475 4145 4145 4407 4211 4707 
4295 3706 4284 4015 3898 3910 3787 4014 3870 4421 3717 4200 3769 4294 4060 4047 4165 4171 4385 4290 3677 4184 3491 4074 3973 4002 4116 3920 4168 3703 3910 3972 3892 3886 4003 3925 3536 3878 3997 3761 4135 3620 3941 3999 4255 3943 4011 4281 4074 3750 3799 4329 4151 3988 3872 3816 4152 4134 4056 4070 3742 3603 3876 4260 3662 3682 3992 3719 3789 4044 3747 4266 4139 3814 3977 4115 3397 4120 4047 3993 4070 4141 3840 4303 4163 3951 4026 3572 4001 3907 4058 4163 4187 4112 3734 4028 4131 3747 4316 4014 3592 4101 3786 4168 3572 4335 3622 4189 3647 3989 3815 4003 3982 3905 3220 4058 4172 4136 3404 3933 4395 4065 4401 4005 3972 3865 4133 4098 4298 3965 3840 3879 3945 4064 3903 3729 3759 3945 3939 3812 4058 4036 4226 3888 4073 3756 3984 4149 4121 3785 4327 3841 3696 4019 4029 4021 4111 3783 4235 3954 4042 3842 3794 4288 3580 3844 3886 3713 3635 4148 3695 4110 4026 4206 4006 3970 4149 3707 4139 3741 3652 3558 3880 4171 3639 3936 3818 4125 3586 4066 4041 3722 3856 4322 4087 3950 3709 4130 3798 4226 
4261 3907 4484 4046 4062 3805 4120 3965 4153 4305 3856 4700 3877 4365 4357 4484 4164 4361 4298 4385 4062 4323 3961 4368 4314 4102 4439 4330 4121 3865 3987 4059 4262 3988 4230 4160 3992 4111 4145 4075 4264 3673 3849 4106 4483 3993 3986 4237 4394 4124 3688 4247 4393 4219 4507 3977 4221 4397 4401 4323 4259 3931 4230 4584 4191 4177 4331 3915 4146 4484 3928 4390 4223 4063 4226 4127 3521 4356 4126 4566 4222 4151 3899 4271 4688 4031 4208 3883 4294 4254 4277 4249 4268 4345 4091 3979 4199 4005 4451 4234 3765 4131 3829 4150 3987 4699 3775 4624 4037 4161 4083 4105 3668 4224 3435 4147 4318 4272 4122 3906 4670 4083 4989 4453 4301 4012 4101 4389 4325 4297 4084 3834 4214 4558 4087 3944 4170 4046 3899 4135 4154 4258 4448 4233 4211 3994 4488 4322 4155 3916 4453 3927 3876 4278 4191 4274 3967 3946 4177 4201 4100 4204 4488 4451 3766 3704 3950 4195 3731 4230 4233 4375 4063 4353 3861 3960 4171 4108 4384 3880 4088 3634 4130 4466 3984 4036 4019 4334 3808 4138 4057 3952 4043 4308 3960 4128 3938 4372 4152 4475 
4171 3561 4027 3739 3499 3599 3683 3833 4017 4116 3767 4238 3646 3848 3944 3958 3843 4052 4044 4144 3892 3797 3542 4076 3858 3796 4070 4061 3942 3732 3755 3443 3683 3867 4005 3704 3376 3857 3940 3806 4052 3840 3442 3859 4147 4002 3839 3929 4009 3676 3576 3990 4149 4119 4046 3940 3965 3869 3980 3662 3621 3603 3764 4176 3486 3667 3786 3795 3905 3956 3794 3979 3625 3759 3850 3860 3243 3936 3906 4124 4201 3956 3682 4029 4183 3759 4022 3639 3997 3699 3651 3879 3943 3890 3849 3723 3966 3950 4078 3715 3348 4069 3872 4125 3733 4068 3536 4344 3764 3962 3667 3820 3791 3669 3233 4032 4028 3828 3747 3732 4033 4109 4353 3898 3777 3702 3897 3837 4084 4067 3750 3624 3835 3849 3904 3682 3750 3708 3875 3866 3858 3895 3833 3883 3900 3557 4232 3979 3908 3684 4290 3636 3583 4142 4007 3930 3978 3417 3897 3950 3768 3555 3684 4027 3701 3582 3645 3766 3686 3737 3613 3932 3952 4261 3801 3798 3580 3732 4014 3625 3704 3531 3995 3897 3608 3850 3640 4131 3262 3873 4092 3802 3886 4168 4018 3718 3841 4078 3609 4228 
4390 4013 4202 4379 4208 4038 3946 4173 4295 4466 3821 4638 3719 4245 4013 4380 4196 4264 4380 4415 4119 4351 3934 4187 4165 4152 4638 4126 4327 4108 4202 4082 4044 3932 4229 4020 3555 4003 3920 3903 4207 4021 3787 4125 4455 4187 3904 4170 4350 3935 3706 4080 4325 4414 4350 4140 4258 4391 4312 4084 4169 3982 4137 4492 4010 3964 4043 4266 4037 4415 4170 4345 4119 3993 4114 4329 4067 4434 4156 4471 4515 4218 3948 4488 4502 4035 3986 3567 4652 3977 3937 4494 4174 4059 3900 4200 4382 4042 4596 4205 3962 4357 3886 4222 4132 4491 4032 4710 3679 3965 4016 3903 3961 4041 3622 4271 4349 4357 3898 4090 4738 4219 4582 4185 4433 3955 3967 4109 4521 4229 3992 3890 4148 4417 4175 4094 4109 3987 4085 4348 4087 4223 4039 4146 4101 3902 4177 4492 3939 3997 4466 3764 3741 4189 4203 4054 4162 3896 3964 4266 3952 4138 4194 4106 3974 3902 4039 4123 3699 4234 4060 4038 4068 4355 4052 4239 4156 3963 4223 4095 3860 3658 4219 4283 3840 4264 4168 4348 4161 3966 4297 4003 3857 4386 4142 4002 3896 4252 4055 4401 
4553 3761 4186 3872 3675 3854 4010 3820 4191 4237 3613 4248 3986 4216 4004 4131 4085 4107 4212 4163 3919 4204 3737 4250 3971 3949 3887 4112 4126 3686 4006 3536 3712 3969 4158 3953 3642 3896 4089 3695 4206 3920 3806 3853 3930 4074 3912 4052 4027 3778 3826 4349 4109 4077 4346 3996 3823 4074 4104 4143 3741 3865 3700 4283 3972 3815 3827 3890 3713 3931 3820 4048 3998 3863 4046 4020 3505 4243 4016 4264 4160 4046 3964 4206 4060 4018 4168 3634 4359 3971 3704 3748 4059 3924 3698 4068 4058 3861 4388 4253 3725 4309 4049 3931 3747 4545 3642 4308 3716 4166 3915 3991 4064 4039 3363 3993 4079 3894 3709 4058 4375 4273 4482 4062 4023 3964 4042 3966 4130 3972 3713 3880 3951 4086 4144 3743 3999 3787 4260 4180 3807 4096 4063 3928 4121 3890 4043 4030 3966 3695 4357 3858 3600 4018 4109 4126 4218 3800 3922 4267 3980 3790 4009 3996 3644 4067 3747 4012 3573 4145 3904 3926 3912 4317 4061 3756 3977 3994 4138 3903 3924 3445 4028 4218 3787 4040 3769 4326 3635 4133 3923 3543 3927 4203 4059 3959 3911 4375 4069 4168 
3577 3387 3745 3486 3496 3653 3330 3447 3699 4052 3409 4057 3150 3723 3540 3860 3713 3621 3787 3639 3580 3733 3399 3656 3541 3338 3784 3655 3704 3497 3467 3343 3406 3740 3784 3561 3018 3557 3535 3546 3644 3343 3388 3403 3608 3525 3387 3762 3888 3379 3463 3694 3771 3753 3662 3643 3695 3583 3796 3704 3598 3346 3441 3910 3547 3597 3687 3443 3615 3652 3723 3579 3680 3413 3576 3705 3279 3651 3711 3947 3902 3706 3419 3872 3933 3489 3625 3347 3707 3638 3286 3624 3469 3677 3619 3352 3719 3608 3963 3507 3378 3900 3623 3665 3590 3971 3469 3939 3305 3596 3472 3308 3528 3587 2957 3613 3791 3747 3298 3649 3923 3690 4020 3680 3837 3393 3365 3691 3875 3585 3672 3246 3631 3864 3536 3597 3363 3308 3620 3517 3678 3848 3624 3582 3461 3352 3902 3868 3706 3202 4065 3359 3308 3454 3721 3630 3509 3450 3498 3512 3416 3376 3599 3630 3440 3250 3270 3516 2997 3672 3528 3520 3379 3676 3547 3466 3514 3490 3759 3471 3251 3295 3535 3705 3398 3601 3428 3988 3268 3610 3400 3486 3465 3733 3591 3627 3591 3657 3702 3847 
4030 3557 4261 3968 4138 3662 3882 3938 3896 4290 3828 4274 3614 4211 4169 3992 3907 4138 4238 4414 3672 4040 3721 4114 3960 3698 4095 3882 4139 3770 4080 3805 3971 3566 3990 3957 3566 3936 3786 3736 3964 3475 3831 3841 4187 3696 3800 4141 4163 3650 3755 4159 4024 4124 4056 3619 4001 4085 4031 3973 3944 3773 3953 4189 3788 3656 4191 3798 3941 3965 3734 4034 3934 3648 4057 3970 3314 4102 3925 4211 3991 3920 3612 4111 4122 3761 3897 3891 3955 3658 4137 4016 3954 4060 3894 4132 4159 3838 4244 3823 3606 4079 3982 4108 3762 4269 3600 4402 3805 4057 3862 4029 4011 4136 3521 4249 3855 3974 3655 3958 4248 3990 4419 4079 3968 3784 4126 4134 4197 3695 3723 3524 4197 4030 3557 3654 3749 3772 3966 3813 3890 3966 4050 3836 3995 3542 3837 4077 3954 3771 4136 3763 3557 3944 4113 3974 4066 3752 4071 3957 3903 3926 3900 3989 3717 3768 3736 3935 3429 3878 3547 3969 3946 4106 3991 3672 4001 3882 4014 3501 3914 3627 3944 4340 3822 3779 3876 3833 3518 4175 3842 3828 3731 4038 3996 3850 3931 3872 3687 4242 
4173 3630 4257 4042 4279 4146 4068 3970 3909 4331 3801 4215 3915 4279 4073 4317 3969 4299 4138 4385 3952 4222 3919 4233 3921 3947 4204 4126 4233 3955 4341 3832 3825 3726 4240 3863 3524 3982 4099 3976 4374 3955 4002 3825 4136 3884 3729 4270 4160 3917 3943 4464 4275 4296 4376 4032 4241 4095 4333 4216 4088 4007 4033 4184 3922 3902 4068 4209 4254 4197 3971 4229 4162 3813 4163 3804 3611 4110 3965 4611 4220 4397 3954 4694 4304 4063 4349 4059 4137 3756 4015 4231 3916 4105 3918 3940 4225 4013 4611 4168 3575 4264 4144 4127 4037 4374 3542 4466 3817 4097 3873 4036 4051 4218 3690 4298 4343 4020 3874 4257 4477 4262 4594 4090 4256 4003 4061 4114 4283 4078 4023 3674 4397 4130 3774 3923 4067 3814 4064 4114 4317 4410 4088 3785 4168 3922 4303 4203 4114 3610 4264 3879 3754 4173 4260 3960 3967 3869 3993 3981 3852 3910 4057 4152 3932 4024 3784 4010 3640 3973 3942 4299 4114 4471 4059 3718 4015 3869 4073 3858 3853 3581 4318 4441 3666 3905 3977 4267 3769 4004 4056 3926 4199 4367 4127 3780 3869 4178 4179 4226 
3626 3440 3623 3537 3407 3170 3413 3164 3401 3612 3166 3640 3154 3615 3567 3363 3443 3435 3596 3712 3432 3501 3338 3488 3468 3360 3671 3544 3571 3308 3470 3378 3487 3378 3408 3280 3125 3403 3323 3407 3516 3238 3402 3385 3791 3338 3415 3628 3601 3242 3290 3558 3539 3233 3723 3468 3590 3559 3734 3485 3327 3526 3540 3824 3410 3354 3298 3213 3296 3537 3490 3578 3575 3232 3209 3377 3035 3780 3408 3691 3555 3497 3462 3645 3769 3207 3831 3183 3595 3440 3291 3667 3440 3647 3406 3544 3899 3342 3975 3485 3031 3508 3513 3488 3288 3859 3094 3706 3343 3468 3294 3317 3465 3452 3038 3644 3510 3463 3276 3305 3626 3529 3966 3471 3729 3351 3512 3573 3540 3516 3463 3400 3542 3519 3514 3368 3464 3476 3657 3441 3197 3530 3633 3421 3489 3305 3521 3475 3448 3225 3903 3095 3219 3722 3588 3631 3476 3227 3437 3390 3424 3298 3453 3637 3020 3313 3121 3402 3094 3551 3403 3516 3462 3736 3261 3235 3526 3412 3564 3285 3442 3030 3528 3867 3091 3445 3503 3802 3236 3386 3396 3229 3453 3677 3496 3345 3284 3748 3374 3687 
4220 3970 4431 4365 4019 4262 4017 4082 4208 4479 3808 4535 3562 4351 4097 4491 4413 4508 4494 4531 4038 4310 3859 4302 4236 4322 4492 4158 4269 3894 4206 3899 3986 4093 4065 4033 3666 4381 4137 3799 4136 3880 4033 4104 4238 3972 4015 4156 3914 3829 3994 4399 4256 4339 4084 4002 4208 4363 4398 4081 4141 3917 4225 4396 4151 4109 4180 3889 3842 4336 4351 4348 4216 3983 4168 3915 3724 4168 4197 4375 4094 4326 4045 4096 4458 4079 4277 3734 4296 3829 4082 4257 4300 4253 3921 4216 4381 4060 4468 4027 3783 4198 4156 4107 3819 4676 3778 4638 3813 4179 3979 4173 3927 4280 3385 4248 4523 4289 3703 4145 4678 4237 4655 4309 4073 3940 3958 4126 4314 4129 3926 3859 4175 4388 3875 3972 4090 4058 4324 3960 4093 4144 4224 4056 4345 4060 4618 4193 4186 3942 4406 4023 3776 4050 4247 4124 4343 3669 4130 4298 4189 4115 3998 4294 3908 3920 3920 3959 3627 4222 3999 4281 4007 4321 4104 4079 4408 4028 4233 3962 3955 3737 4047 4512 3835 4056 4099 4124 3943 4088 4182 3906 3853 4324 4037 4123 3805 4124 4070 4313 
4090 3667 4132 4099 3799 3839 4141 3897 3827 4270 3753 4090 3660 3942 3851 3946 4080 4221 4155 4129 3800 4062 3609 4216 3966 4005 3903 3967 4203 3589 3724 3625 3871 3617 3889 3780 3511 3802 3905 3539 3993 3760 3845 3910 4163 3956 3634 4084 3927 3561 3664 4169 3821 4153 4082 3900 3984 3903 4294 3734 3971 3498 3735 4178 3796 3833 4108 3796 3961 4161 3843 4340 3942 3715 3838 3995 3443 3968 3927 4313 3985 3905 3807 4180 4175 3805 3916 3722 3907 3778 3905 3936 3814 3926 3515 3965 4018 3942 4356 3990 3780 4256 3801 3952 3741 4334 3619 4043 3607 3939 3893 3745 3982 3871 3475 4035 4104 3931 3492 4010 4397 4019 4086 3856 4130 3735 3981 4077 4034 4028 3829 3621 4307 3946 3625 3820 3761 3785 3960 3802 3664 3870 3757 3767 4037 3526 4156 4121 3864 3519 4207 3681 3797 4029 4107 3958 3938 3844 3902 4078 4009 3886 4003 4053 3564 3756 3786 3926 3543 3720 3662 3896 3900 4147 3679 3694 3956 3875 3934 3741 3768 3425 3834 4165 3779 3916 3934 4082 3566 3943 3967 3720 3852 4216 4026 3861 3679 4067 3958 4249 
4280 3676 4247 4038 3957 3898 3959 4186 4030 4324 3839 4272 3718 4110 4139 4193 4098 4090 4317 4347 3895 4109 3743 4336 4237 4080 4183 3943 4099 3899 3892 3759 3882 3634 4250 3880 3444 3899 4049 3650 4225 4007 3752 4124 4163 3879 3773 4143 4228 3615 3761 4168 4003 4439 4235 4108 4154 4366 4266 4228 3922 3882 4000 4238 3944 3937 3961 3877 3943 4184 4126 4095 4042 4065 3888 4192 3612 3990 4130 4523 4076 4240 3814 4240 4445 3901 4311 3828 4278 3937 3888 4057 4236 4057 4015 4145 4033 3995 4370 3994 3754 4229 3930 4193 3807 4441 3595 4240 3888 3970 3772 3999 3708 3974 3497 4250 4024 4086 3690 3977 4324 3970 4745 4080 4057 3901 3853 4034 4161 4156 3761 3629 4119 4332 3893 3877 4020 3838 3902 3996 3829 4339 3919 3702 4067 3860 4203 4014 3925 3675 4149 3666 3832 4050 4248 4098 4111 3901 3955 4182 4011 3841 4018 4071 3893 3948 3682 4141 3591 4173 3955 4157 4140 4142 3895 3888 3928 3927 3937 4079 3730 3592 4083 4274 3713 3995 4111 4291 3631 3911 4179 3956 3972 3998 4319 3873 3875 4151 3949 4275 
4105 3783 4308 4071 4143 3647 3859 4061 3890 4120 3630 4365 3424 4029 3953 4557 3890 4104 4115 4243 3667 4253 3821 4128 4000 3888 4080 3886 4019 3929 3957 3795 3753 3642 3954 3986 3533 3855 3849 3765 4115 3750 3878 3678 4262 4019 3739 4079 4164 3726 3762 3992 3999 4269 4155 3974 4262 4175 4186 3930 3970 3883 4012 4310 3699 3876 4078 3975 3589 4271 3912 4071 4165 4080 3900 3992 3736 3947 3997 4245 4153 4031 3680 4075 4249 3947 4017 3625 4077 3710 3928 4071 3922 3943 3900 3839 4065 3959 4262 3969 3555 4131 3891 4218 3805 4352 3444 4441 3793 4013 4029 3886 4024 3863 3475 4107 3996 4045 3758 3747 4344 3852 4598 4050 3939 3713 3879 3838 4053 4128 3736 3746 3939 4201 3819 3917 4023 3738 4025 3865 3758 4235 4254 4041 4020 3819 4224 4014 3816 3793 4248 3583 3683 4043 3980 4036 4129 3786 4154 4088 3811 3867 4009 4227 3507 3742 3778 3776 3547 4040 3739 4449 4021 4164 3932 3947 4132 3778 4282 3640 3852 3463 3812 4258 3505 3862 3836 4216 3567 3860 3959 4126 3923 3951 4097 3866 3759 4310 3803 4260 
4610 3922 4541 4226 4120 4075 4335 4111 4213 4541 3944 4673 4193 4346 4193 4693 4428 4540 4436 4505 4271 4459 3974 4520 4278 4039 4430 4326 4196 4069 4280 3739 4084 4103 4492 4163 3790 4314 4024 4164 4416 3888 4121 4284 4600 4110 3838 4334 4192 3934 4069 4432 4514 4506 4621 4370 4280 4426 4548 4233 4197 3772 4157 4593 4158 4327 4375 4231 4254 4510 4220 4421 4430 3959 4194 4454 3846 4499 4423 4539 4622 4218 4015 4589 4513 4075 4500 3821 4339 4005 4202 4340 4372 4476 4162 4109 4471 4207 4747 4318 3885 4357 4208 4366 4146 4541 3993 4751 4041 4540 4159 4280 4048 4176 3542 4357 4385 4407 4023 4144 4630 4333 4713 4501 4194 4008 4194 4246 4600 4434 4058 3768 4397 4323 4087 4149 4157 4018 4119 4322 4198 4301 4273 4214 4185 4019 4742 4428 4149 4133 4463 4238 4045 4383 4499 4316 4229 4168 4476 4527 4338 4221 4241 4182 4021 4277 4134 4132 3691 4377 4145 4389 4328 4310 3997 4131 4260 4252 4494 3883 4356 3694 4230 4670 4200 4331 4231 4474 3934 4108 4252 4031 4337 4569 4339 4291 4103 4170 4346 4438 
3903 3288 4021 3718 3642 3542 3863 3623 3831 3963 3367 4050 3329 3726 3840 3966 3586 3643 4009 4025 3686 3885 3470 3695 3493 3615 3727 3657 3825 3609 3776 3424 3393 3576 4001 3256 3107 3792 3671 3744 3847 3583 3612 3706 3824 3749 3553 3837 3824 3488 3575 3943 3817 3997 3822 3558 3786 3710 3819 3768 3673 3516 3741 4181 3470 3536 3660 3586 3676 3971 3686 3940 3949 3655 3664 3641 3488 3954 3835 3987 3753 3648 3490 3988 4106 3580 3777 3306 3690 3554 3547 3702 3803 3585 3392 3860 3860 3566 3964 3959 3386 3965 3584 3893 3357 4064 3526 3949 3543 3923 3694 3793 3841 3764 3211 3738 3867 3945 3365 3532 3914 3671 4198 3841 3712 3451 3607 3820 3739 3626 3670 3762 3710 3844 3786 3517 3570 3737 3687 3760 3664 3990 3715 3940 3810 3617 4042 3742 3751 3443 3869 3671 3621 3636 3777 3974 3626 3542 3584 3916 3684 3531 3607 3657 3442 3606 3530 3647 3393 3894 3515 3970 3912 3723 3583 3549 3855 3647 3916 3351 3656 3156 3559 3933 3246 3865 3578 4060 3400 3852 3727 3409 3609 4088 3780 3358 3613 3893 3720 3922 
4041 3648 3827 3893 3739 3815 3847 3648 3876 4090 3430 4078 3728 4165 3888 3914 3878 3833 4169 3967 3756 4066 3774 3992 3952 3659 3946 3699 3774 3609 3776 3760 3738 3631 3875 3577 3361 3922 3788 3750 3992 3555 3603 3860 3961 3643 3598 3747 3902 3770 3482 4000 3886 3912 4355 3776 3840 4184 4052 4158 3834 3550 3553 4063 3800 3766 3640 3969 3808 3891 3929 3784 3863 3845 4089 3689 3414 3573 3848 4196 4007 4069 3904 4004 4207 3589 4034 3611 3927 3532 3683 3838 3960 3824 3769 3862 3994 3901 4304 3862 3490 3969 3823 3790 3393 4239 3643 4205 3646 3900 3998 3950 3814 3704 3366 3849 4052 4160 3361 3804 4066 3980 4073 3942 4086 3745 3714 3794 4148 3846 3362 3669 4109 4264 3631 3905 3838 3738 4043 4022 3728 4050 4021 3709 3768 3576 3894 3954 3765 3702 4233 3769 3523 3731 4079 3999 3841 3621 3966 4094 3815 3845 3865 3854 3740 3751 3680 3842 3500 3962 3624 3933 3759 3709 3593 3792 3928 3798 4025 3674 3753 3469 3820 4166 3721 3899 3777 4051 3552 3708 3807 3765 3906 4073 3738 3688 3834 3763 4071 4297 
4378 3935 4386 4249 3979 3864 3912 4035 4316 4453 3800 4438 3711 4360 4157 4100 3927 4287 4374 4465 3970 4190 3869 4384 4194 4007 4299 4111 4307 3939 4077 4020 3767 3770 4187 4003 3562 3990 4185 4092 4331 3813 4024 3949 4276 4303 3963 4171 4426 4063 3774 4088 4125 4313 4079 3919 4209 4267 4279 4141 4009 4083 4084 4605 4058 4020 3888 4204 3988 4355 3847 4162 4007 3894 4204 3942 3593 4131 4146 4306 4374 4086 3867 4117 4327 3992 4066 3718 4276 4157 3897 4492 4279 4166 3985 4171 4508 4090 4483 4026 3885 4334 4135 4272 3748 4321 3560 4406 4051 4378 3844 4121 4050 4018 3655 4046 4194 4040 3830 3959 4492 3989 4666 4378 4031 3959 4332 4127 4182 4325 3894 3856 4203 4276 4073 4027 4053 3914 4285 4277 3888 4117 4279 4051 4331 4060 3989 4093 4210 3852 4355 3660 3971 4312 4436 4374 4128 4004 4208 4098 4057 4105 4008 4262 3829 4101 3880 3973 3508 4252 3985 4143 4029 4403 4344 3947 4276 4000 4180 3845 3900 3628 3903 4214 3913 4038 3948 4446 3645 4092 4121 3863 3868 4307 4214 3962 3793 4404 4044 4245 
4582 4011 4479 4255 4241 4029 4392 4108 4180 4749 4003 4794 3945 4439 4178 4489 4417 4714 4764 4467 4190 4200 3909 4300 4282 4305 4418 4167 4644 4120 4210 3969 4248 4093 4244 4110 3872 4051 4147 3990 4482 3990 3881 4278 4601 4231 4019 4341 4448 4070 3970 4311 4362 4417 4498 4247 4303 4362 4518 4195 4255 3881 4102 4654 4230 4138 4231 4349 4384 4515 4331 4385 4334 4219 4238 4467 3815 4196 4271 4545 4606 4439 3980 4429 4641 4286 4171 3919 4326 4133 4273 4492 4416 4100 4220 4338 4310 4257 4502 4211 4008 4347 4114 4489 4047 4771 3985 4613 4120 4248 4318 4152 4034 4295 3535 4315 4236 4662 4094 4214 4686 4254 4797 4544 4307 4041 4103 4347 4587 4273 4206 3984 4426 4479 4010 4225 4066 4131 4201 4360 4138 4632 4343 4031 4259 4236 4422 4578 4226 4030 4569 3995 4057 4181 4357 4399 4416 4059 4177 4267 4180 4059 4312 4208 4037 3933 4148 4253 3730 4268 4169 4256 4129 4448 4086 4195 4383 4093 4440 4138 3939 3758 4263 4318 4100 4320 4245 4566 3894 4462 4345 4105 4158 4509 4191 4190 4198 4667 4213 4392 
4328 3917 4422 4126 3924 3810 4064 4204 3869 4263 3576 4319 3727 4350 4286 4122 4108 4261 4343 4460 4031 4151 3638 4176 3905 4007 4225 4212 4320 3749 4122 3898 3920 3923 3965 3842 3738 4037 4160 3997 4343 3720 3909 4080 4377 4084 3842 4063 3991 3894 3774 4256 3888 4303 4408 4057 4324 4470 4359 4190 4073 4040 4053 4593 3959 3778 3989 4088 4010 4177 3834 4451 4176 3874 4165 4068 3721 4018 4016 4531 4019 4283 3695 4139 4253 3845 4065 3978 4303 3636 3920 4230 4294 3882 3809 4088 4379 3956 4427 4154 3727 4299 3994 4063 3476 4749 3545 4311 3732 4187 3786 4094 3850 4071 3362 4239 4231 4255 3659 4043 4303 4217 4592 4238 4162 4000 4021 4237 4218 4273 3977 3786 4190 4352 3901 3818 4100 3823 4072 3924 4125 4342 4226 4059 4054 3866 4130 4170 3923 3674 4479 3960 3883 4178 4331 4068 3995 3858 4164 4103 4299 3826 3972 4157 3861 4065 3813 4110 3738 4282 3941 4161 4011 4079 3918 3769 3968 4071 4329 3685 3804 3388 4132 4248 3883 3958 3878 4223 3620 4072 4135 3871 3923 4299 3868 3965 3798 4300 3957 4324 
3977 3528 4311 4017 3872 3645 3770 3876 3847 4122 3360 4307 3657 4037 3988 4052 3919 3847 4129 4111 3905 4017 3724 4142 3824 3595 3876 3921 3983 3859 3946 3589 3998 3843 4221 3636 3629 3892 3943 3606 4011 3658 3692 3710 4261 3830 3596 4164 4038 3581 3938 3891 3974 3988 3927 3945 4224 4213 4046 3761 3661 3752 3933 4146 3611 4054 3867 3711 3606 3952 4013 3776 4142 3694 3945 3939 3343 4027 3949 4260 4010 3868 3665 4250 4164 3582 4032 3763 4173 3766 3862 3862 4021 3803 3745 3928 4006 3826 4329 3887 3493 4154 3813 3959 3629 4063 3585 4111 3893 3728 3863 3699 3740 3816 3378 3966 3850 4051 3621 3806 4088 4105 4209 4143 3998 3726 3766 4116 4045 4005 3839 3486 4090 3968 3668 3796 3832 3883 3747 3952 3877 4075 3932 3762 3705 3546 3927 3919 4010 3655 4163 3841 3690 3988 3966 3984 4069 3678 3976 3795 3886 3933 3798 3822 3567 3944 3720 3769 3445 4052 3646 4023 3906 3959 3595 4010 3802 4047 4187 3461 3830 3354 3972 4155 3765 3752 3600 4289 3571 3797 3905 3811 3801 4055 4010 3665 3697 4074 3947 4149 
4023 3901 4152 4284 3812 3731 3765 4081 3897 4452 3852 4125 3744 4253 3964 4129 3748 4143 3987 4327 3813 3932 3536 4147 4142 3746 4390 4082 4242 3601 4093 3724 4000 3672 4098 3976 3414 3875 3686 3688 3963 3597 3913 3888 4143 3923 3781 4020 3966 3830 3725 3951 4172 3973 4212 3799 4096 4102 4276 3863 3878 3842 4103 4146 3847 3864 3883 3973 3990 3756 4079 4034 4229 3755 4005 3974 3663 3914 4013 4183 4281 3995 3862 4425 4335 3702 4019 3649 4144 3600 3709 3930 4130 4020 3865 3953 4078 3911 4366 3875 3578 4003 4098 4165 3602 4405 3629 4298 3659 3966 3917 3847 3757 3757 3488 4093 3906 4185 3657 3920 4506 3919 4581 4131 4020 3758 3827 3957 4192 4087 3599 3727 3928 4099 3962 4031 4088 3805 3934 3907 3828 4201 4180 3841 3947 3846 4300 4015 3938 3503 4419 3591 3498 4138 3895 4141 3913 3492 3960 3891 3954 3952 4007 4134 3733 3771 3550 3862 3585 3937 3669 4035 3939 4227 3867 3699 3970 3834 4151 3817 3864 3721 3876 4309 3924 4004 3767 4134 3616 3702 3745 3632 3853 4326 4072 3757 3970 4072 4138 4175 
4496 3917 4237 4276 4180 4387 4192 4142 4187 4548 3829 4529 3963 4296 4171 4445 4205 4321 4577 4360 3924 4635 3831 4222 4148 4080 4536 4301 4354 4010 4148 3994 4022 4263 4275 4201 3649 3882 4117 3980 4336 3962 3982 3964 4473 4198 4043 4185 4468 4166 3972 4537 4381 4569 4568 4147 4388 4243 4109 4179 4129 4044 3951 4465 4119 4140 4039 4162 4029 4417 3914 4156 4477 4295 4173 4119 3942 4440 4292 4573 4519 4338 3926 4488 4361 4068 4155 3949 4610 4083 4030 4187 4246 4281 4213 4350 4217 3883 4606 4431 3939 4372 4150 4347 3976 4561 4046 4455 3814 4409 4049 4207 4054 4057 3696 4280 4264 4230 3781 4102 4681 4231 4560 4511 4173 3897 4086 4248 4489 4226 3848 3743 4163 4451 4174 4095 4160 4012 4163 4283 4098 4437 4358 4119 4148 3886 4477 4221 4160 3951 4453 3986 3676 3995 4145 4270 4287 3783 4101 4168 4063 4258 4040 4397 3947 4290 3878 4209 3641 4170 4110 4227 4112 4203 4086 4082 3989 3987 4317 3899 4086 3731 4112 4486 4048 4238 4011 4619 3946 4167 4022 4049 4216 4311 4157 4038 3947 4442 4101 4452 
4530 3963 4460 4205 4148 4232 4244 4249 4054 4513 3951 4510 3959 4469 4288 4189 4156 4288 4497 4583 4184 4341 3924 4233 3999 4224 4344 4287 4427 3876 4460 3824 3918 3969 4221 3858 3763 4200 3927 4165 4340 3915 4047 4147 4509 4126 3991 4212 4455 3874 4018 4617 4180 4374 4463 4445 4620 4442 4568 4115 4068 3896 4171 4517 4015 3995 4059 4064 4082 4333 4162 4120 4435 4030 4111 4285 3873 4292 4150 4730 4510 4214 4000 4723 4603 4307 4497 3939 4428 4014 4053 4356 4220 4179 4097 4189 4324 4238 4817 4472 3718 4432 4216 4188 4013 4647 3637 4297 3803 4250 3913 4320 4076 4202 3743 4243 4302 4155 3867 4175 4588 4284 4532 4155 4164 3967 4310 4174 4502 4320 4097 3949 4326 4404 4180 4295 4050 4120 4248 4263 4237 4337 4349 3997 4111 4154 4518 4289 4091 3803 4453 4039 4094 4318 4493 4279 4307 3933 4417 4384 4188 4043 4206 4245 3969 4180 4008 4110 3679 4451 3813 4229 4312 4414 4132 3993 4400 4028 4388 4130 4182 3576 4215 4408 4073 4141 4059 4496 3929 4175 4120 3897 4318 4367 4231 4116 4110 4433 4312 4571 
4242 3646 3990 4167 3863 3611 3814 3824 3761 4161 3568 4342 3748 4038 4049 4132 4004 4271 3976 4229 3809 4206 3613 4051 3859 3888 4148 3858 4115 3589 4014 3632 3811 3845 4190 3597 3397 3999 4027 3785 4061 3858 3798 3837 4138 3858 3545 3940 4079 3712 3931 4112 3980 4249 4311 4076 4308 4135 4162 4100 3905 3708 4102 4126 3932 3818 3886 3768 3871 4124 3874 4011 4049 3883 4057 4139 3718 4010 4022 4308 4243 4200 3662 4280 4173 3692 4180 4006 4145 3815 3894 4131 4060 4017 3691 3787 4162 3618 4510 3824 3541 4093 3922 4147 3692 4522 3660 4274 3429 3922 3732 3645 3661 4132 3260 4235 3991 4055 3658 3933 4237 4237 4573 3982 4266 3681 3705 4060 4227 4028 3805 3551 4180 4048 3782 3783 3954 3744 3775 3889 4158 4115 4006 3873 4113 3676 4281 4090 3763 3808 4257 3779 3851 3839 3976 3672 3991 3730 4200 3942 4034 3751 4007 4077 3801 3921 3773 3813 3442 3931 3818 4128 3924 4139 3745 3791 4056 3855 4028 3726 3673 3463 3887 4192 3573 3988 3799 3997 3548 3916 4003 3824 3960 4130 4052 3806 3983 4079 4084 4244 
4459 3748 4131 4035 3703 3751 4194 3770 3993 4317 3844 4493 3848 4074 4244 4171 3931 4389 4170 4168 3897 4240 3868 4175 3958 3850 3987 4037 4341 3845 4026 3766 3931 3741 4051 3853 3659 4125 3983 3913 4224 3889 4007 3947 4299 3868 3841 4231 4109 3879 3745 4084 4172 4078 4179 4049 4011 4166 4305 4139 3748 3737 3777 4169 3756 4137 4049 4013 3806 4254 3835 4227 3895 3886 4207 4137 3623 4145 4094 4531 4108 4089 3979 4059 4305 3794 4260 3826 4142 3822 4133 4224 4128 4182 3962 3958 4192 3902 4509 4119 3690 4143 3944 4050 3846 4414 3548 4412 3739 4255 4156 3911 4143 4126 3287 4075 4001 4061 3802 4008 4424 4132 4613 4165 3953 4099 3879 4001 4309 4193 3953 3863 3894 4256 3734 3992 3851 3985 4137 4238 4156 4188 4146 3991 3958 3895 4286 4186 3974 3747 4331 3952 3869 3962 4199 4137 4152 3880 3979 4063 4073 3920 4289 4162 3691 3869 4148 3913 3739 4380 3738 4058 3921 4254 3811 3948 3973 3885 4289 3894 3995 3581 3976 4343 3755 3973 3910 4251 3530 3960 4118 4028 4053 4359 4206 3846 3779 4113 4080 4301 
4440 3828 4471 4008 4131 3890 4065 4043 4108 4505 3754 4490 3694 4214 4017 4237 3866 4388 4243 4445 4175 4316 3897 4224 3927 4124 4278 4250 4309 3945 3903 3908 3899 3878 4303 4185 3569 3840 3951 4041 4257 3822 3681 4207 4364 4185 3772 3988 4356 4117 3669 4279 4372 4412 4331 4171 4147 4391 4516 4295 4288 3965 4248 4471 3959 3876 3894 4111 4117 4131 4132 4161 4021 3811 4210 4048 3472 4002 4350 4535 4239 4211 4016 4358 4696 3648 4204 3918 4270 3980 3945 4317 4418 4202 4189 4120 4215 4148 4493 3879 3784 4100 4142 4083 3880 4301 3897 4541 3708 4194 4044 4137 3872 4039 3199 4368 4246 4216 3819 4047 4549 4071 4556 4312 4265 4025 4292 4271 4295 4212 3870 3781 4199 4138 4072 3918 4120 3882 4002 4157 4083 4239 3995 4123 4134 3900 4283 4130 3991 3878 4393 4001 3691 4132 4440 4352 4090 3791 4045 4360 3917 4013 4057 4156 3955 3893 3753 4184 3766 4334 3927 4141 3904 4239 4181 3913 4053 4189 4306 3908 3916 3498 4283 4422 3816 3980 4040 4230 3378 3935 4156 4119 3914 4300 3869 3898 3779 4094 3927 4339 
3896 3525 3937 3609 3819 3781 3922 3652 3658 4148 3610 3983 3570 4155 3733 4003 3799 4227 3715 3866 3614 4069 3569 3864 3843 3690 4027 3743 3733 3574 3704 3687 3636 3597 3753 3770 3435 3810 3752 3642 3899 3706 3529 3697 3992 3709 3601 4006 4121 3656 3461 3916 3995 3901 4129 3785 3937 3930 4165 3877 3645 3711 3747 4004 3746 3833 3738 3824 3905 4051 3778 3964 3875 3745 3797 3807 3351 3839 3889 4145 4167 3917 3484 3854 4154 3781 3691 3563 3928 3684 3853 4048 3870 4061 3599 3903 3774 3794 4118 3943 3440 4051 3845 3937 3576 4246 3448 4010 3630 3770 3562 3801 3691 3798 3353 3759 3896 3718 3565 3693 4519 3905 4312 4058 3889 3812 3608 3978 3911 3893 3672 3432 3709 4136 3615 3678 3701 3535 3784 3650 3991 3824 3977 3729 3823 3620 3793 3921 3731 3378 4037 3561 3425 3661 3929 4019 3777 3648 3832 3878 3683 3827 3912 3925 3543 3764 3559 3674 3203 3993 3822 3832 3733 4082 3568 3728 3843 3440 3768 3547 3536 3439 3621 4011 3622 3564 3659 4072 3460 3673 3785 3676 3646 3978 3828 3697 3543 4032 3562 3813 
4526 4074 4403 4267 4300 4209 4279 4079 4155 4638 3788 4751 3734 4356 4385 4360 4252 4458 4456 4768 4178 4391 4070 4348 4336 4028 4554 4292 4284 4251 4296 3963 4257 4240 4394 4080 4073 4175 4188 4184 4506 3853 4128 4153 4626 4324 4061 4381 4398 4007 4121 4164 4403 4689 4457 4252 4575 4302 4658 4264 4258 4113 4330 4562 4060 4175 4287 4335 4195 4424 4268 4349 4600 4385 4169 4292 3679 4216 4406 4395 4382 4461 4021 4656 4572 4233 4400 4068 4588 3927 4070 4341 4324 4200 4239 4038 4487 4417 4550 4428 4041 4627 4366 4470 3934 4758 3926 4527 3976 4229 4082 4072 4174 4183 3834 4297 4512 4241 4018 4105 4697 4556 4619 4377 4540 4001 4162 4244 4321 4217 4227 3994 4424 4361 4162 4322 4391 4082 4351 4472 4214 4418 4411 4259 4151 4041 4448 4230 4234 3943 4778 4160 4008 4394 4355 4409 4510 3996 4508 4330 4270 4124 4223 4243 3848 4242 3835 4091 3873 4105 3899 4355 4293 4465 4235 4315 4114 4120 4587 3961 4270 3627 4191 4557 4131 4248 4032 4708 3826 4283 4365 4156 4410 4452 4268 4023 4234 4576 4336 4666 
4553 3834 4478 4265 4163 4021 4273 3999 4089 4435 3945 4701 3865 4414 4243 4205 3950 4344 4240 4412 4049 4497 3743 4268 4049 4140 4406 4019 4331 3962 4180 3857 4150 3868 4230 3956 3744 4410 3967 4251 4208 3924 4107 4124 4572 4126 4053 4286 4491 3907 3965 4221 4364 4356 4438 4197 4508 4574 4315 4221 4195 4177 4249 4255 4044 4042 4223 4127 4053 4269 3830 4441 4366 3961 4298 4025 3584 4292 4110 4374 4420 4366 4082 4367 4435 3900 4405 4319 4318 3923 4040 4450 4137 4355 4168 4033 4448 4133 4589 4227 3788 4518 4206 4488 3909 4728 3629 4292 3865 4445 3927 4110 4144 4394 3565 4374 4295 4154 3839 4072 4707 4070 4929 4258 4346 4112 4161 4185 4332 4120 4087 3865 4236 4372 3970 4024 4164 4131 4147 4047 4480 4356 4438 4144 4192 3970 4298 4218 4235 3972 4384 3898 3885 4457 4224 4019 4132 3832 4205 4080 4047 4051 4126 4345 3791 4041 3711 4127 3678 4374 3972 4141 3989 4323 4168 3941 4089 4200 4339 4062 3980 3555 4171 4578 3865 4174 4040 4379 3951 4021 4380 4355 4213 4352 4141 3932 4121 4409 3942 4642 
4415 3817 4315 4050 4327 3974 4008 3868 4000 4418 3649 4470 3775 4284 3838 4391 4076 4034 4307 4302 3964 4527 3849 4507 4099 3900 4318 3979 4324 3874 4095 3928 3996 3938 4294 3946 3656 4136 3902 3894 4220 3819 4040 4132 4577 4293 3957 4120 4170 3773 3895 4313 4014 4312 4392 4205 4237 4134 4211 4193 4118 4037 4150 4551 4285 4076 4288 3997 3876 4227 4075 4295 4405 4034 3894 4041 3741 4344 4177 4539 4376 4100 3916 4551 4584 3897 4229 3772 4321 3952 4142 4215 4028 4058 3974 4245 4227 3944 4407 4302 3969 4327 4098 4262 3941 4575 3811 4511 3731 4039 3889 4077 3925 4114 3557 4143 4179 4226 3810 3982 4411 4183 4672 4168 4159 3912 4176 4452 4182 4068 3886 4000 4324 4290 4143 3997 4157 3984 4103 4099 4001 4239 4134 4200 3964 3850 4161 4121 4011 4030 4295 3865 3687 4115 4110 4145 4145 3784 4043 4222 3982 4215 4268 4172 3839 4220 3879 4117 3551 4173 3970 4361 4093 4208 3771 3917 4372 3949 4316 3822 4033 3602 3905 4682 3981 3909 4154 4338 3773 4266 4024 4044 3904 4281 3945 3888 3921 4413 3961 4541 
4630 3840 4547 4366 4034 3926 4102 3979 4476 4533 3808 4493 3939 4244 4271 4586 4257 4360 4307 4506 4176 4253 3914 4300 4032 4021 4176 4174 4268 4040 4219 3954 3892 4223 4493 3902 3587 4288 4500 4109 4405 3933 3795 4102 4351 4370 3918 4197 4442 3973 4146 4464 4308 4433 4396 4094 4222 4331 4377 4244 4027 3851 4037 4620 3998 4047 4338 4165 4125 4341 4055 4233 4214 3907 4373 4271 3743 4404 4335 4461 4292 4426 4100 4354 4521 4110 4552 4031 4237 3978 4315 4262 4169 4357 3883 4203 4373 3999 4481 4128 3851 4564 4139 4245 3915 4738 4115 4446 3930 4483 3896 4323 4185 4205 3576 4328 4433 4495 4021 4114 4609 4421 4645 4411 4364 4033 3987 4072 4272 4428 4116 3962 4136 4252 4088 4085 3847 4065 4023 4177 4111 4382 3943 4147 4260 4054 4355 4108 4072 3634 4536 4092 3963 4078 4223 4326 3992 4023 4348 4394 4202 4132 4167 4208 4010 3963 4042 3932 3701 4511 4104 4269 4186 4197 3942 3848 4230 4155 4629 3809 3795 3682 4105 4409 3747 4284 4184 4403 3707 4240 3967 4010 4248 4385 4109 4202 4160 4182 4135 4322 
4215 3566 4033 3880 3798 3573 3913 4060 3758 3954 3562 4113 3402 4056 4128 3977 3719 4258 4040 4169 3644 3881 3534 4061 3857 3880 3833 3863 3666 3709 3605 3369 3782 3502 3907 3761 3572 3527 3725 3529 3927 3717 3579 3820 4024 3642 3716 3859 3933 3657 3653 4063 3888 3846 3937 3753 3935 3887 4036 3726 3827 3650 3683 3851 3658 3675 3649 3532 3837 4053 3638 3876 4011 3696 3728 3863 3298 3885 3918 4340 3910 4026 3689 3878 3964 3656 3892 3739 4029 3632 3821 3907 4072 3780 3619 3933 4033 3628 3961 3741 3580 3836 3602 4038 3510 4329 3570 4199 3478 4126 3631 3607 3560 3697 3448 4038 3911 3907 3650 3640 4061 3862 4128 3890 4143 3558 3759 4064 3972 3881 3819 3525 3997 4158 3890 3657 3785 3706 3563 3693 3791 3950 4142 3616 3704 3500 4017 3897 3668 3686 4015 3662 3348 3721 3968 3612 3791 3513 3825 3852 3824 3603 3742 4040 3426 3706 3723 3848 3429 3772 3677 3686 3793 3811 3817 3495 3507 3779 3842 3555 3887 3318 3944 3807 3623 3990 3685 3830 3603 3772 3948 3836 3680 3939 3766 3753 3721 3932 3627 4068 
4554 3529 4176 3843 3783 3957 3909 3863 4165 4305 3744 4469 3671 4125 4022 4206 3959 4279 4203 4353 3974 4417 3898 4273 4004 3901 4166 4047 4296 4051 4048 3770 3933 3882 4218 3925 3824 4016 4041 4088 4289 3793 3663 4146 4248 4094 3912 4196 4092 3995 3917 4283 4213 4151 4303 4141 4107 4264 4141 4320 4046 3931 4114 4213 4008 4087 4012 3997 3934 4197 4053 4394 4131 3808 4206 4016 3612 4048 4108 4514 4149 4065 3842 4227 4502 3767 4239 3901 4078 3910 4080 4359 4246 4246 3985 4059 4139 3826 4710 4239 3599 3958 3928 4079 3753 4605 3723 4535 3721 3960 3899 4013 3680 4303 3468 4171 4329 4104 3947 3782 4688 4022 4638 4191 4030 3822 3839 4312 4119 4103 3743 3836 3906 4217 4192 3988 3963 4010 3940 4164 4212 4366 3979 3887 4252 3898 4321 4080 4079 3780 4479 3789 3704 4028 4202 4254 4213 3481 3930 4388 4135 3956 4267 4189 3621 3951 3847 3901 3665 4276 3850 4353 3973 4148 3650 3878 4130 4023 4383 3798 3791 3624 4197 4251 3734 4095 3835 4192 3612 4042 4024 3972 3826 4222 3960 3926 3990 4372 4046 4358 
4304 3645 4196 3925 3839 3568 4008 3711 3778 3987 3579 4252 3709 3758 3931 3962 3618 3999 4032 3995 3738 4036 3671 3986 3920 3693 3777 3628 3927 3442 3829 3495 3959 3602 3872 3610 3423 4030 3786 3611 4039 3537 3432 3917 3942 3965 3458 3951 4180 3563 3538 4085 3922 3897 4226 3745 3840 3949 4220 3940 3817 3862 3713 4056 3797 3601 3986 3640 3946 3957 3743 3730 3955 3703 3850 3744 3508 4009 3729 4047 3963 3860 3675 3850 3892 3868 4074 3650 4084 3450 3920 3938 3929 3909 3636 4051 4094 3873 4235 4171 3417 3919 3746 3718 3592 4285 3573 4015 3665 3962 3805 3779 3984 3806 3502 3998 3721 3957 3684 3603 4217 3825 4143 3923 4137 3684 3605 4030 3916 3971 3681 3550 3982 3973 3612 3665 3498 3682 3709 3883 3724 4101 4054 3575 3748 3608 4156 3998 3695 3523 4113 3705 3367 3767 4103 3809 3992 3640 3818 3731 3758 3852 3834 3744 3619 3665 3517 3708 3510 3839 3783 3816 3945 4063 3623 3612 3807 3831 3936 3647 3696 3455 3748 4081 3711 3800 4018 4083 3431 3742 3820 3544 3998 4272 3701 3573 3743 4037 3868 4152 
4713 4101 4550 4368 4078 4103 4368 4095 4302 4661 3832 4582 3836 4535 4585 4506 4382 4538 4833 4769 4109 4402 4155 4401 4226 4224 4533 4450 4337 4073 4245 3879 4208 4047 4429 4212 3883 4141 4351 4133 4488 3916 4238 4333 4518 4152 4132 4596 4500 3958 3900 4359 4349 4579 4439 3966 4289 4582 4627 4453 4091 4191 4212 4615 4113 4180 4176 3950 4236 4456 4268 4304 4225 4313 4260 4235 3665 4419 4326 4548 4396 4339 4326 4672 4460 4091 4558 4052 4541 4149 4129 4251 4456 4468 4329 4399 4557 4216 4722 4440 3879 4203 4385 4452 4015 4709 3944 4554 4136 4466 4171 4235 4350 4276 3767 4622 4447 4197 4028 4184 4681 4350 4722 4503 4233 4082 4245 4418 4394 4438 4189 3986 4295 4466 4309 3948 4157 4260 4415 4463 4149 4405 4325 4223 4337 4104 4527 4362 4340 3874 4614 3967 4044 4482 4452 4487 4369 4017 4483 4589 4231 4176 4069 4634 4032 4153 4104 4213 3809 4277 4226 4519 4408 4397 4199 4148 4095 4235 4381 4190 4322 3925 4288 4505 4168 4202 4150 4888 3875 4365 4459 4074 4327 4607 4239 4113 3999 4550 4319 4540 
4364 4062 4593 4377 4075 4042 4528 4308 4176 4574 3864 4444 3664 4333 4203 4370 4271 4426 4776 4527 4294 4465 4042 4577 4105 4060 4200 4241 4172 4105 4057 3924 4144 4073 4154 4001 3699 4144 4366 4116 4353 3948 4049 4444 4587 4057 4088 4302 4129 4186 3906 4190 4415 4432 4622 4323 4269 4309 4581 4145 4031 4070 4205 4392 4160 4057 4302 4267 4158 4538 4180 4549 4550 3972 4059 4274 3544 4222 4258 4531 4288 4128 4157 4208 4551 4246 4317 3909 4474 4025 4161 4338 4383 4285 4091 4243 4423 4240 4441 4153 3852 4389 3877 4411 3837 4752 3846 4559 4227 4393 4324 4317 4121 4258 3686 4103 4217 4294 3922 3949 4623 4195 4476 4583 4396 3673 3946 4345 4265 4313 3899 4019 4380 4433 4009 4113 4403 4020 4055 4291 3877 4384 4312 4154 4183 3908 4409 4244 4212 3853 4437 4123 3729 4221 4222 4375 4321 3895 4295 4393 4550 3992 4439 4283 3799 4140 4134 4287 3628 4537 4111 4038 4115 4058 4113 4088 4160 4145 4489 3935 4108 3765 4109 4684 3949 4200 4344 4455 3767 4145 4371 4152 4121 4621 4319 4079 4133 4240 4330 4646 
4416 3698 4297 4154 4162 4052 4153 4239 3923 4279 4013 4333 3908 4416 4085 4289 4239 4389 4507 4332 3932 4191 3890 4310 4033 4019 4150 4348 4126 3987 4100 3717 4031 4016 4402 3966 3779 4198 4339 3833 4244 3886 3865 4003 4351 4229 4091 4070 4062 3943 3900 4484 4253 4352 4398 4114 4175 4399 4432 4204 4001 4005 3912 4260 4016 4133 3956 4036 4040 4220 4285 4118 4392 4149 4168 4109 3574 4195 4276 4571 4190 4276 4048 4265 4513 3957 4483 3950 4499 3848 3962 4291 4265 4428 3992 4217 4018 4210 4554 4314 3588 4502 4054 4119 3784 4660 3827 4425 3891 4164 3993 4047 4196 4177 3780 4351 4131 4435 3847 4151 4443 4378 4674 4071 4226 4091 4141 4311 4228 4222 3910 3787 4180 4194 3912 4128 3975 3886 3929 4197 4232 4513 4321 3879 3984 3976 4263 4411 4031 3673 4456 3754 3771 4267 4211 3998 4240 3807 3992 4486 4168 4119 4146 4405 3932 4134 4006 3908 3805 4499 3942 4177 4090 4334 3778 3946 4395 4059 4266 3915 3858 3611 3976 4501 3693 4158 4084 4466 3761 4442 4058 3943 4259 4251 4340 3979 4058 4489 4175 4404 
4323 4039 4392 4315 4227 4210 4330 4155 4456 4743 3898 4638 3889 4527 4189 4416 4138 4405 4429 4432 4134 4554 3953 4317 4335 4128 4446 4416 4498 4197 4217 4110 4126 4065 4070 4140 3690 3967 4243 4024 4634 4010 4038 4027 4501 4296 4020 4402 4542 4024 3962 4338 4153 4241 4333 4252 4136 4076 4595 4184 4229 3976 4093 4557 4183 4145 4301 4050 4249 4338 4244 4508 4397 3987 4305 4235 3871 4413 4172 4519 4434 4236 3954 4266 4586 4054 4225 3988 4248 3932 4256 4397 4302 4274 3976 4271 4543 4128 4692 4441 4091 4504 4537 4415 3847 4545 3884 4484 3954 4582 4093 4138 4198 4190 3851 4324 4261 4228 3872 4387 4968 4354 4440 4134 4354 4077 4374 4402 4310 4514 4193 4033 4132 4524 4056 4175 4027 3985 4233 4281 4240 4165 4179 4427 4379 4021 4299 4284 4380 3748 4608 3970 3929 4141 4388 4371 4238 4100 4255 4260 4244 4314 4470 4307 3968 4071 3864 4318 3720 4237 4052 4401 4180 4299 4109 4167 4308 4150 4652 3910 4006 3928 4164 4605 3969 4078 4130 4649 3978 4276 4244 4282 4147 4477 4132 4068 4041 4468 4263 4547 
4461 3895 4243 3963 3962 3680 3968 4011 3867 4131 3387 4203 3596 4266 3879 4201 4136 3929 4309 4259 3903 4105 3813 3942 3934 3747 4321 3898 3881 3805 3996 3813 3741 3823 4029 3711 3361 4084 3995 3883 3991 3493 3800 3887 4336 3940 3758 3907 4128 3812 3839 3943 3919 3987 4206 3811 4194 4097 4327 3915 3653 3715 3990 4250 3736 3872 4092 3641 3701 4086 3995 3948 4200 3869 3965 4008 3537 3835 4091 4302 4018 4013 3778 4133 4396 3968 3992 3643 4229 3662 4162 4230 4122 4057 4014 4091 4111 3771 4409 3879 3496 4117 3969 4428 3669 4436 3406 4287 3741 4152 3822 3869 3988 3764 3550 3929 3907 4190 3460 3903 4341 4051 4438 3947 4061 3841 4073 3948 4242 4116 3565 3801 3832 4163 3728 3791 3843 3934 3906 3959 3659 4125 3979 3900 3790 3849 3812 3820 3901 3790 4255 3523 3549 4064 3775 4156 4139 3719 4007 4253 4083 3949 3776 4068 3722 3993 3887 3850 3567 4055 3819 4288 3977 4150 3928 3808 3899 3657 4107 3556 3933 3426 3850 4193 3602 3766 3766 4115 3634 3951 3848 3806 3854 4169 3868 3728 3770 4037 3957 4264 
4438 3672 4517 4180 3889 3819 4087 4034 4156 4605 3938 4334 3856 4301 4227 4464 3969 4341 4353 4285 3945 4349 4052 4197 4127 4158 4330 4192 4209 3932 4155 4000 4076 3921 4245 3879 3553 3811 4014 3868 4342 3847 4204 3845 4560 4158 3976 4098 4314 4047 3788 4468 4150 4078 4507 3865 4267 4337 4501 4100 4140 3633 4173 4210 3760 4095 4010 4069 3913 4223 3834 4258 4262 3967 4078 3965 3650 4255 4491 4596 4334 4204 4068 4447 4283 3924 3930 3885 4305 4003 4177 4162 4135 4556 3633 4032 4108 3901 4480 4137 3575 4268 3965 4224 3944 4627 3766 4390 3762 4236 3785 3926 4136 4376 3578 4062 4291 4155 3936 3919 4386 4141 4694 4378 4147 3786 4249 4160 4310 4067 4155 3673 4299 4242 3995 3893 3936 4124 4029 4191 4003 4196 4135 3754 4112 3966 4335 4100 3873 3662 4517 3927 3783 4114 4307 4163 3969 3963 4101 4020 4038 4150 3977 4298 3942 3833 3984 4197 3556 4183 3742 4090 3991 4228 4013 4035 3992 4071 4231 3932 4047 3575 4016 4448 3871 4163 4001 4221 3616 3904 3813 3878 3869 4504 4117 4199 3955 4335 3990 4462 
4453 3799 4541 4373 4281 4041 4288 4333 4273 4865 4074 4664 4015 4298 4306 4478 4156 4398 4527 4378 4256 4570 4139 4414 4265 4012 4289 4139 4282 4209 4312 4033 4154 4086 4328 4213 3598 4230 4213 4072 4393 3977 4154 4282 4374 4158 4064 4278 4512 4099 4107 4392 4264 4380 4653 4382 4349 4518 4433 4484 4133 4134 4129 4529 4077 4298 4175 4135 4319 4212 4204 4314 4455 4496 4369 4350 3800 4053 4275 4768 4449 4537 4145 4539 4745 4208 4246 4051 4546 4088 4191 4414 4338 4429 4313 4182 4384 4077 4692 4255 3815 4583 4390 4605 4041 4824 3950 4416 4103 4399 4166 4184 4275 4301 3822 4294 4245 4218 4038 4148 4784 4463 4761 4355 4514 4185 4087 4469 4420 4158 4171 3956 4306 4527 3878 4173 3973 4120 4365 4278 4291 4448 4627 4306 4258 4000 4376 4431 4016 3896 4630 4256 3779 4420 4283 4513 4353 3868 4267 4471 4206 4332 4444 4361 4063 4311 4161 4252 3741 4473 4159 4326 4382 4287 4155 4103 4385 4183 4480 4096 4279 3873 4169 4478 4226 4144 3934 4488 3849 4153 4228 4109 4201 4459 4413 4053 4088 4548 4300 4672 
4558 3662 4247 4052 4205 3697 4119 3919 4128 4517 3644 4430 3706 3979 4054 4283 4072 4255 4570 4428 3842 4465 4166 4285 4146 4071 4021 4022 4236 3799 4156 3887 3984 3849 4133 4093 3763 4037 3964 3917 4126 3671 3981 3977 4432 4220 3917 4337 4242 3902 3770 4143 4337 4243 4170 4017 4252 4313 4110 4244 4021 3991 4084 4385 3936 4178 3985 4210 3628 4072 4078 4171 4186 4011 4285 4078 3427 4192 4073 4581 4174 4305 4099 4009 4325 3967 4325 3949 4283 3942 4218 4190 4213 4147 3853 4118 4280 3769 4517 4066 3782 4297 3889 4062 4105 4574 3683 4377 4015 4255 4044 4016 3787 3953 3612 4306 4217 4118 4004 3977 4593 4082 4591 4435 4249 3967 3976 4264 4276 4112 3791 3701 4115 4486 3728 4089 3886 3827 4035 4038 4232 4152 4306 4116 3971 3892 4196 3830 4108 3831 4545 3884 3615 3995 4329 4105 4150 3703 4028 4024 4029 4204 4001 4342 3690 3888 4163 3925 3568 4185 3809 4129 4079 4049 3991 4037 4148 4199 4304 3724 4082 3705 3988 4565 3775 4117 4027 4394 3756 4154 3931 4058 4199 4294 4179 3945 3859 4377 4248 4468 
4351 3671 4249 3885 3753 3793 3928 3819 4066 4275 3655 4492 3722 3974 3915 4230 3879 4137 4339 4132 4055 4133 3609 4170 3860 3826 4199 3854 4115 3692 3742 3557 3671 3883 4062 3759 3432 3798 3795 3840 4247 3687 3657 4166 4145 4087 3790 3826 4334 3746 3892 4168 3985 4246 4226 3831 4123 4271 4212 3821 3897 3681 4177 4318 4028 3988 4099 4007 3816 4127 3879 4251 4057 3981 4000 3985 3463 4051 4108 4169 4383 3967 3789 4220 4292 3771 4076 3647 4190 3994 4191 4031 4049 4034 3893 3999 4223 3823 4222 3923 3767 4174 3688 4379 3735 4278 3594 4352 3787 3893 3632 3735 3964 3996 3408 4053 3879 3992 3678 3964 4400 3902 4507 4329 4121 3815 3816 4133 3985 4022 3948 3541 4068 4267 3808 3896 3927 3723 3820 3954 4038 3999 4050 3930 3885 3710 4267 4077 3872 3481 4331 3986 3548 3979 4009 3898 3980 3799 4002 3936 3906 3752 3853 4242 3880 3883 3502 4207 3509 4058 3746 4152 4011 4108 3752 3863 3732 3959 3954 3856 3938 3413 3991 4123 3633 3904 3809 4224 3568 3921 4105 4059 4070 4217 3979 4045 4111 4196 3872 4291 
4144 3625 4062 3825 3781 3748 3841 3651 3971 3975 3503 4276 3522 3888 3785 3843 3591 3995 3936 3963 3641 3856 3438 4189 3895 3627 4061 3802 3845 3597 3992 3532 3571 3680 3969 3786 3280 3789 3646 3663 3981 3522 3602 3788 4026 3754 3699 3885 3986 3709 3514 3849 3878 3848 4110 3905 3904 3947 3904 3691 3844 3682 3775 4153 3865 3732 3867 3732 3742 3867 3833 3788 3823 3721 3956 3719 3275 4017 3767 4075 3865 3882 3662 3969 4050 3661 3872 3559 3963 3695 3882 3874 3954 3846 3828 3886 4056 3722 4203 4009 3651 3984 3848 3803 3634 3938 3470 3988 3783 3739 3683 3643 3924 3696 3283 4004 3814 4051 3537 3934 4202 3872 4030 3853 4006 3633 3724 4035 3911 4045 3624 3463 3925 3949 3486 3542 3636 3626 3855 3942 3829 3833 3890 3827 3810 3578 3722 3903 3823 3493 4092 3878 3425 3850 3853 3972 3916 3754 3869 3783 3897 3887 3900 3806 3692 3753 3700 3897 3319 3875 3740 3783 3812 3921 3557 3858 3893 3937 3771 3576 3535 3588 3818 4249 3858 3715 3753 4148 3409 3760 3917 3555 3726 4073 3999 3752 3828 3986 3719 4149 
4122 3707 4330 4006 4014 4049 4047 4319 4172 4427 3766 4463 3663 4468 4035 4274 4178 4410 4331 4428 3945 4218 3907 4302 3958 3909 4308 4078 4216 4065 4135 4097 3943 4072 4153 3833 3573 4082 4326 3809 4148 3730 3829 4053 4305 4050 3895 4183 4248 4220 3886 4225 4344 4194 4186 4053 4158 4286 4335 4217 3921 3768 4041 4583 3922 3996 3984 4015 4041 4144 4226 4092 4173 3736 4198 4157 3569 4133 4189 4491 4311 4299 3914 4060 4620 3931 4169 3815 4243 3917 4096 4352 4282 4272 3955 4043 4316 4033 4331 4173 3671 4230 4072 4323 3785 4576 3679 4327 3891 3920 3894 4064 3917 4176 3433 4242 4150 4358 3820 4109 4387 4108 4603 4353 4357 3679 3834 4210 4272 4106 4059 3753 4009 4271 3831 3906 3753 3830 3850 3967 4239 4382 4268 4081 3953 3916 4198 4224 4032 3589 4495 3877 3774 4206 4088 4237 4132 3835 4017 4039 4014 3969 4073 4231 3938 3838 4075 4067 3490 4191 3874 4063 3988 4266 4106 3834 4146 4049 4339 3511 3958 3513 4197 4320 3802 4138 3945 4281 3830 4113 4063 4121 4086 4354 4238 4077 4002 4300 4080 4247 
4219 3557 4100 3963 3918 3767 3888 4001 3867 3894 3538 4311 3459 4159 3974 3877 3830 4060 4000 4289 3692 3995 3583 3924 3860 3988 3924 3925 3794 3812 3751 3478 3752 3712 3863 3734 3584 3906 3910 3699 3918 3671 3558 3977 4072 3791 3823 3908 4085 3662 3754 3890 3980 4041 4179 3902 3963 4085 4219 3717 3865 3930 4018 4150 3808 3503 3916 3795 3894 4036 3876 4073 4067 3761 3861 3910 3447 3906 3733 4236 4095 4035 3679 3963 4193 3772 3962 3476 4136 3644 3771 4126 4123 3957 3714 3804 4079 3870 4149 3897 3569 4104 3601 3951 3620 4343 3594 4193 3871 4182 3597 3700 3772 3979 3441 4194 3898 3866 3598 3754 4536 4012 4280 4025 3917 3701 3950 3980 4109 4070 3753 3412 3868 4143 3680 3720 3731 3695 3915 3753 3864 3784 3941 3846 3847 3730 3900 3940 3701 3376 4092 3847 3576 4029 3923 3907 3986 3579 3813 3991 4011 3876 3825 3905 3629 3840 3857 3850 3387 4162 3808 3870 3890 3987 3654 3703 3930 3925 4173 3731 3728 3331 3721 4054 3692 4053 3852 3938 3631 4098 3939 3794 3794 3959 3863 4030 3701 4192 3723 4339 
4582 4033 4526 4434 4124 4097 4129 4190 4278 4641 4037 4722 3895 4391 4293 4403 4315 4410 4537 4593 4213 4618 4142 4408 4226 4047 4311 4463 4310 4276 4281 4223 4007 4071 4039 3908 3761 4246 4296 4139 4559 3873 4003 4166 4254 4120 4297 4261 4324 4200 3948 4605 4222 4552 4483 4313 4093 4299 4739 4449 4047 4210 4173 4678 4252 4252 3984 4272 4045 4538 4220 4485 4546 4141 4290 4233 3861 4436 4422 4652 4259 4510 4125 4689 4560 4249 4476 4061 4368 4155 4142 4341 4448 4370 4076 4303 4348 4219 4725 4484 4056 4470 4213 4502 3786 4726 3761 4658 3951 4320 4153 4174 4110 4285 3828 4190 4360 4235 4027 4239 4664 4325 4665 4273 4339 3985 4103 4328 4436 4405 4005 3895 4302 4537 4388 4139 4258 4038 4223 4428 4081 4456 4315 3929 4230 4092 4304 4308 4406 3784 4563 4274 3742 4130 4490 4343 4500 4023 4226 4318 4194 4195 4232 4186 4078 4372 4148 4116 3941 4486 4318 4250 4170 4380 4224 3952 4163 4058 4443 4158 4123 3947 4344 4643 3904 4208 4210 4490 4075 4533 4135 4004 4194 4620 4392 4100 4121 4430 4303 4550 
4416 3922 4286 4124 4042 4015 4294 4085 4103 4641 3993 4472 3775 4188 4211 4328 4097 4421 4375 4487 4020 4229 3929 4469 3991 4099 4307 4157 4178 3844 4145 3938 3965 3912 4119 4019 3643 4021 3951 4065 4159 3713 3768 4181 4633 4256 4337 4042 4310 4029 3811 4323 4274 4201 4364 4201 4183 4355 4435 4049 3962 3918 4292 4345 4079 3956 4226 4199 3909 4323 4222 4498 4238 4142 4116 4040 3645 4019 4250 4500 4287 4138 4116 4204 4573 3808 4228 3843 4384 3917 4116 4228 4336 4152 4086 4116 4345 4168 4640 3988 3689 4174 4057 4378 3670 4580 3699 4605 3864 4121 3991 3905 4003 4008 3596 4238 4453 4178 3869 3924 4468 4316 4534 4103 4236 3934 4044 4139 4023 4280 3948 3929 4114 4374 4002 3884 4071 3718 4175 4200 3919 4522 4154 4136 4046 3797 4472 4346 4065 3803 4478 3762 3539 4278 4222 4153 4101 3828 4323 4341 4023 4036 4150 4106 3743 3835 4044 4036 3768 4258 3853 4216 4099 4242 3852 4040 4245 3913 4358 3798 4169 3670 3977 4257 3880 4187 4044 4148 3719 4208 4034 4194 4001 4452 4121 4012 3786 4374 4130 4376 
4525 3935 4352 4171 3866 3698 4326 4099 4303 4529 3985 4590 4044 4279 4242 4278 4076 4199 4274 4664 4213 4513 4054 4369 4293 3877 4454 4201 4223 3964 4355 4050 3963 3895 4159 3941 3628 3839 4195 4193 4262 3875 3915 4039 4293 4188 3867 4132 4270 3979 3897 4136 4499 4746 4421 4102 4149 4307 4563 4142 3894 4098 4088 4363 3698 4162 4030 4240 4175 4348 4081 4524 4348 3998 4245 4215 3872 4212 4191 4631 4362 4247 3907 4671 4665 3882 4268 3880 4485 4127 3963 4117 4226 4132 3965 4306 4292 4157 4413 4282 3784 4314 4225 4301 3723 4510 3695 4435 3952 4394 4108 4009 3973 4104 3861 4170 4325 4029 3752 4021 4562 4213 4585 4516 4259 4130 3983 4181 4267 4253 4036 3820 4197 4292 4136 4141 4233 4096 3939 4173 4205 4366 4164 3981 4049 3784 4319 4334 4292 3781 4382 4041 3878 4042 4215 4382 4015 3949 4253 4194 4222 4013 4314 4091 3815 4257 4131 4345 3582 4229 4027 4249 4251 4434 3962 3901 3952 3739 4204 4080 4134 3438 4187 4265 4019 4356 3976 4234 3810 4312 4097 3973 4149 4425 4162 4013 3920 4276 4175 4392 
4133 3582 3923 4109 3965 3822 3922 3854 3932 3970 3444 4172 3460 3947 3808 4067 3790 4074 3839 4168 3748 4022 3639 3851 3936 3786 4095 3465 3887 3612 3800 3746 3796 3473 4021 3631 3329 3876 3822 3656 4114 3761 3803 3806 4051 3814 3647 3904 3807 3572 3691 3813 3760 4029 4245 3793 4179 4049 4242 3869 3868 3618 3905 4287 3651 3807 3633 3632 3542 3984 3848 4025 3877 3724 3855 3933 3539 3738 3984 4128 4030 3867 3603 3975 4318 3581 3744 3494 4230 3537 3796 4012 4220 3983 3715 4048 3945 3839 4224 3902 3624 3938 3944 4042 3508 4308 3587 4240 3589 3813 3699 3559 3795 3785 3449 4081 3897 3798 3428 3701 4328 3972 4279 3851 3911 3683 3840 3853 4073 4119 3636 3347 3725 4021 3818 3861 3690 3736 3975 3571 3810 3910 3984 3570 3737 3505 3977 3703 3701 3605 4145 3549 3477 3945 4003 3919 3804 3648 3670 3947 3602 4035 3956 3918 3772 3885 3887 3861 3365 3850 3619 3909 3720 4050 3711 3637 3978 3726 3740 3515 3773 3342 3684 3999 3631 3975 3843 3861 3388 3805 3745 3575 3640 4064 3777 3659 3458 3886 3789 3980 
4553 3956 4266 4181 3995 3891 4107 3929 4503 4454 4004 4793 3782 4297 4373 4151 4284 4383 4240 4502 3992 4347 3962 4508 4359 3985 4424 4161 4181 4098 3954 3775 4028 4092 4286 4007 3760 4098 4166 4101 4292 3801 3856 4176 4468 3938 4021 4334 4348 4106 3818 4234 4336 4267 4353 4178 4104 4326 4296 4163 3983 4143 4123 4391 4164 4084 4116 4115 3967 4393 4060 4293 4167 4242 4386 4172 3620 4295 4186 4478 4348 4332 3993 4434 4606 4257 4586 4010 4482 3874 4201 4375 4367 4357 4251 4294 4547 4002 4632 4373 4038 4218 3983 4399 3837 4507 3706 4534 4163 4204 3978 3950 4048 4178 3607 4400 4248 4237 3964 4247 4606 4165 4654 4382 4448 3832 3743 4489 4245 4359 3902 3893 4143 4566 4261 4055 3947 4091 4189 4361 4352 4327 4141 3977 4233 3882 4325 4409 4171 3927 4719 4105 3716 4246 4277 4247 4478 3673 4198 4263 4163 4036 4182 4142 4025 4209 4100 4167 3623 4257 4249 4239 4131 4412 3919 3862 4099 4020 4148 3910 4012 3818 4142 4439 4065 4175 4126 4525 3997 4256 4157 4341 4118 4241 4206 4010 4166 4287 4284 4741 
4032 3705 4279 4087 3899 3878 3870 4033 3910 4200 3639 4348 3770 4175 3883 4158 3777 4063 4191 4107 3798 3858 3925 4158 3782 3717 4213 4027 3904 3746 3992 3969 3730 3883 4007 3864 3436 3999 3887 4108 4216 3307 3657 3907 4101 3957 3654 3997 3996 3847 3718 4039 4087 4109 3979 3847 4078 4040 4342 3718 3587 3666 3991 4151 3990 3951 4039 3915 3793 3892 3862 4002 3964 3754 3989 3818 3255 3999 3932 4053 4058 4044 3882 4160 4361 3732 4045 3924 4151 3909 3844 4149 3954 4292 3838 3943 4137 4271 4487 3832 3422 3942 3963 3997 3701 4366 3488 4209 3990 3900 3723 3986 3891 3872 3377 4029 4262 4218 3652 3862 4445 4160 4294 4002 4119 3732 3892 3975 3930 4176 3900 3699 3906 4059 3800 3850 3809 3712 4081 4187 3967 4184 3945 3852 3637 3643 4132 3997 3909 3541 4136 3804 3659 3958 4225 3945 3950 3701 4175 4008 4041 4037 4017 3979 3714 3931 3748 3590 3401 4014 3749 4048 4004 4077 3744 3897 4070 3813 4145 3760 3733 3532 3904 3862 3824 3976 3858 4260 3702 3889 3808 3833 4053 4199 3924 3687 3868 4341 3892 4252 
4418 3800 4501 4110 4250 3998 4234 3918 4116 4504 4128 4595 4003 4228 4159 4435 4066 4387 4406 4409 4132 4600 4005 4377 4267 4031 4225 4134 4282 3924 4366 4134 4043 4179 4407 3896 4156 4123 3931 4201 4368 4064 3980 4146 4270 4434 3949 4305 4468 4009 4024 4424 4130 4270 4325 4161 4548 4223 4368 4209 4006 3834 4121 4682 3891 4161 4238 4195 4271 4391 4101 4491 4452 4131 4100 4097 3673 4256 4216 4595 4367 4261 3920 4529 4734 4205 4151 4004 4180 4148 4291 4490 3864 4149 4030 4367 4441 3925 4605 4157 3750 4325 4218 4360 3643 4646 3715 4532 3901 4264 4326 4155 3935 4047 3592 4071 4599 4146 3943 4065 4720 4187 4421 4050 4176 4211 4247 4423 4217 4214 4253 3805 4320 4332 4257 3967 4202 3968 4006 4192 4327 4393 4176 4282 4210 3829 4352 4509 4455 3982 4554 3989 3878 3978 4329 4212 4036 3932 4425 4272 3959 4166 4513 4241 3712 3928 3948 4124 3708 4412 4109 4213 4020 4249 3891 4142 4295 4058 4205 3685 3917 3798 4116 4415 3972 4288 4122 4309 3978 4097 4271 3967 3787 4461 4109 3891 3989 4302 3996 4499 
4408 3784 4141 4119 3953 3840 3758 3993 4181 4204 3485 4314 3627 4285 3898 4193 4012 4077 4308 4113 3911 4073 3748 4017 3771 3845 4112 3916 4170 3835 3974 3718 3699 3722 4248 3973 3618 3912 3882 3727 4323 3753 3969 4049 4138 3900 3865 4287 4092 3942 3994 4211 3945 4256 4080 4014 4244 3924 4123 4177 3585 3865 4002 4133 4011 3678 4110 4008 3881 4192 3994 4125 4077 3817 3911 4253 3400 3987 3838 4356 3938 4035 3936 4187 4206 4113 4120 3610 4322 3773 3830 4303 4080 3710 3866 4051 4327 3754 4444 4125 3774 4239 3970 4006 3829 4387 3548 4330 3494 4293 3941 3911 3768 4012 3488 4205 4029 4020 3564 3801 4491 4098 4598 4038 4026 3780 3977 4154 4238 4226 3947 3882 4000 4134 3961 3680 3920 3786 4042 4096 4030 4290 4150 4036 3968 3663 4243 3840 4096 3806 4136 3666 3824 4057 3976 3977 3958 3733 4036 4252 3854 3851 3895 3895 3867 3891 3657 3781 3493 4070 3682 4059 3972 3976 3906 3848 3926 3977 4273 3661 3813 3528 3980 4187 3495 4009 4076 4278 3687 3850 3935 3731 4060 4145 3946 3966 3760 4068 3969 4210 
4489 4067 4455 4179 4047 4028 4150 4367 4355 4333 3800 4338 3919 4256 4394 4272 4189 4545 4406 4401 4012 4284 4097 4362 4089 3990 4187 4423 4396 4066 4090 3700 4101 4043 4391 3984 3987 3959 4404 4135 4422 3884 4104 3909 4300 4134 3881 4148 4273 4028 3820 4410 4227 4334 4432 4079 4234 4476 4478 4252 3995 3748 4091 4586 4054 4087 4242 4304 4004 4517 4225 4430 4261 4042 4305 4198 3756 4250 4185 4449 4329 3957 3987 4421 4539 4097 4305 4040 4217 3851 4203 4354 4357 4116 3979 4074 4306 4026 4545 4247 3820 4245 4144 4220 3696 4551 3828 4518 3924 4340 4048 4251 4122 4035 3643 4062 4237 4305 3898 4065 4522 4259 4662 4234 4189 4091 4052 4209 4218 4338 3969 3937 4358 4419 4128 3917 4048 4043 3921 4417 4172 4177 4221 4069 4056 4007 4551 4321 4131 3954 4493 4087 3974 4318 4371 4219 4357 4010 4323 4254 4318 4044 4317 4349 3955 4158 3875 4131 3707 4310 3937 4320 4076 4399 3985 3987 4089 4173 4248 3780 4054 3601 4099 4407 3861 3859 3892 4361 3666 4453 4276 3931 4024 4164 4065 3888 4139 4220 4200 4413 
4179 3737 4072 4033 4003 3887 3903 3728 3822 4183 3638 4258 3634 4078 3937 3834 4126 3982 4272 4314 3597 3971 3755 3884 3700 3936 3893 3898 4255 3883 3785 3705 3813 3701 4008 3910 3513 3812 3997 3590 4072 3649 3766 3734 4391 3724 3700 4129 4135 3707 3851 3952 3868 4141 4353 3945 4129 3908 4218 3992 4026 3853 3983 4298 3780 3756 3951 4073 3733 3777 3875 4226 4135 3786 3798 4056 3324 3978 3834 4160 3903 3965 3553 4368 4032 3682 3987 3639 4139 3679 3875 4041 4058 3919 3844 3964 4028 3825 4240 4210 3759 4051 3729 4193 3688 4358 3596 4285 3743 4178 3778 3982 3683 4074 3202 4280 3871 3907 3519 3896 4143 3814 4554 4037 4087 3575 3992 3960 4220 3844 3740 3485 3991 4204 3795 3789 3820 3789 4105 3993 3599 4108 4055 3784 3679 3691 3965 3951 3847 3688 4262 3717 3613 4004 4072 3996 4013 3735 3876 3996 3936 3937 3996 4122 3585 3763 3677 3881 3459 3888 3796 3802 3760 3928 3859 3698 3729 3962 4200 3658 3667 3529 4042 4340 3826 3878 3879 3997 3566 4073 3856 3747 3828 4034 3846 3811 3749 3913 3709 4210 
4455 3762 4369 4025 4137 4020 4028 4282 4148 4406 3854 4363 3775 4446 4214 4318 4051 4294 4285 4386 4053 4354 4040 4523 4084 4066 4351 3849 4167 4080 4049 3991 4011 4011 4324 4110 3588 4317 4241 3903 4370 3858 4028 4235 4394 4019 4092 4232 4281 4027 3995 4089 4485 4399 4273 4171 4356 4244 4409 4184 4081 3927 4223 4497 3983 3931 4201 4047 4049 4091 4061 4382 4307 3915 4139 4075 3686 4040 4284 4527 4331 4273 3858 4396 4573 3923 4256 3846 4633 3976 3989 4434 4400 4321 3888 4206 4336 4115 4552 4351 3908 4262 4105 4373 3772 4670 3818 4489 3988 4149 3829 4130 4091 4198 3539 4191 4387 4173 3717 4125 4633 4200 4563 4167 4263 3815 4009 4323 4401 4379 3938 3779 4020 4244 4239 4178 3929 4135 4022 4046 4354 4394 4186 3986 4152 3952 4384 4089 4094 3806 4369 3976 3754 4275 4283 4237 4175 3699 4249 4294 4089 3956 4253 4216 4034 4202 3962 4025 3856 4272 4057 4263 4085 4388 4135 3893 4194 3902 4144 4065 4029 3681 4268 4442 3800 4298 4057 4460 3891 4112 4131 4137 4184 4411 4012 4050 4160 4172 4082 4289 
4098 3903 4142 4098 3672 3819 3898 3992 3794 4240 3675 4268 3817 4197 4111 4047 3866 4396 4068 4080 3863 4073 3780 4234 3853 3659 4158 4287 3941 3675 4043 3858 3612 3981 4009 3934 3584 4125 4110 3807 4326 3604 3902 3778 4072 4071 3916 4159 4043 4039 3597 4267 4040 4253 4192 4039 4053 4098 4306 3957 3722 3713 3846 4367 3918 3971 3747 4039 4089 4204 3707 4047 3885 3573 4064 3849 3466 4047 4137 4195 4151 4130 3909 4224 4218 3970 4175 3858 4216 3764 4115 4247 4108 4198 3886 4034 4253 3977 4441 4144 3454 4004 4147 4153 3499 4342 3511 4281 3734 4089 3797 3971 3874 3905 3255 4003 4283 3985 3707 4019 4423 4150 4333 4222 4129 3830 3873 4030 4119 4223 3949 3842 3809 4177 3730 3702 3988 3712 4020 4077 4149 4100 4127 3920 3796 3649 4371 4009 3890 3695 4286 3916 3785 4034 4137 4017 4017 3881 4242 4118 4096 3799 4072 4211 3831 4070 3705 3827 3536 4143 3818 3957 4011 4130 3812 3675 3915 3718 4033 3827 3846 3562 3971 4243 3713 3781 4027 4357 3511 3938 3945 3960 4040 4054 4064 4013 3581 4004 4049 4242 
4106 3462 4075 3963 3824 3770 3793 3717 3773 4122 3695 4280 3723 4023 3968 4206 3940 3896 4143 4088 3868 3886 3555 3923 3753 3767 3951 3900 3937 3765 3999 3549 3792 3763 4133 3706 3537 3862 3839 3720 4043 3953 3431 3764 4097 4013 3627 3862 4022 3740 3677 3900 3909 3914 3813 3876 3983 4001 4028 3767 3763 3637 3924 4124 3793 3872 3944 3816 3535 3979 3722 4147 4060 3843 3899 3759 3492 3859 3952 4261 3986 4144 3762 4128 4312 3660 3900 3393 4062 3887 3795 4040 3903 3846 3639 3892 3997 3849 3978 3816 3436 3944 3580 4189 3637 4155 3695 4120 3656 3995 3754 3880 3826 3939 3326 3772 3949 3806 3667 3587 4289 3767 4352 4070 3970 3795 3902 3854 3879 4019 3807 3428 3793 4216 3761 3729 3800 3919 3925 3944 3784 4104 3994 3899 3546 3821 3871 4103 3793 3633 3922 3670 3459 4025 3867 3839 3916 3523 3757 4070 3869 3878 3895 3946 3539 3810 3742 3706 3611 3970 3769 4094 3852 3911 3530 3660 4111 3747 4133 3555 3707 3348 3706 4051 3544 3864 3883 3910 3582 3864 3952 3652 3914 3877 3900 3741 3524 3979 3774 3999 
3965 3832 4024 3762 3670 3334 3707 3992 3832 4167 3449 4126 3507 4112 3930 3829 3856 3859 3939 4070 3721 3747 3556 3961 3729 3697 4005 3716 3881 3620 3738 3605 3671 3583 3764 3610 3479 3484 3821 3697 3819 3593 3702 3896 4155 3760 3492 4001 4004 3713 3709 3617 3810 4046 4027 3876 3853 3946 3990 3770 3732 3900 3925 4010 3618 3723 3622 3686 3584 3765 3841 3883 3839 3671 3753 3834 3259 3782 3804 4156 3973 3874 3535 4085 4036 3469 3890 3695 4176 3491 3754 3821 4056 3756 3581 3824 4021 3787 4199 3781 3659 4098 3922 4077 3364 4243 3167 3861 3646 3772 3574 3840 3575 3747 3388 4002 3747 3749 3411 3768 4110 3862 4172 3933 4061 3405 3714 4014 3909 4049 3658 3443 3910 3995 3655 3853 3908 3645 3927 3990 3541 3909 3588 3654 3713 3588 3894 3658 3832 3612 3979 3766 3530 3906 3898 4028 4083 3674 3813 3895 3624 3573 3850 3866 3447 3739 3676 3854 3338 3858 3668 3831 3704 3938 3849 3724 3772 4000 3938 3801 3883 3424 3709 4103 3681 3665 3759 4188 3529 3643 3839 3731 3657 4068 4095 3563 3662 3988 4002 4070 
4741 4255 4722 4576 4223 4306 4200 4237 4541 4874 4034 4794 4008 4579 4416 4573 4248 4541 4651 4697 4282 4558 4250 4753 4286 4391 4589 4348 4700 3949 4383 4066 4127 4406 4604 4505 3800 4517 4417 4060 4621 4079 4177 4308 4687 4289 4206 4375 4493 4155 4053 4473 4289 4538 4645 4566 4600 4625 4550 4515 4197 4085 4318 4487 4518 4379 4562 4326 4199 4330 4354 4384 4631 4198 4154 4284 3710 4411 4300 4690 4362 4383 4286 4690 4612 4070 4457 4239 4469 4178 4131 4514 4551 4354 4270 4400 4477 4339 4867 4294 3843 4432 4434 4314 4001 4810 3982 4724 4002 4564 4163 4281 4096 4249 3800 4496 4705 4661 4111 4332 4876 4490 4842 4526 4449 4322 4337 4318 4436 4522 4088 3920 4406 4617 4362 4079 4334 4200 4325 4406 4383 4682 4545 4237 4383 4059 4504 4479 4409 4204 4673 4120 3791 4410 4419 4365 4614 4132 4370 4544 4254 4323 4610 4616 4145 4213 3938 4343 3847 4617 4174 4618 4299 4683 4180 4171 4360 4156 4551 4181 4052 3999 4352 4719 4194 4248 4443 4526 3712 4148 4085 4415 4308 4582 4240 4300 4127 4448 4260 4655 
3964 3256 3976 3528 3514 3344 3779 3416 3537 3839 3345 3889 3331 3707 3661 3652 3660 3665 3874 3771 3481 3641 3404 3823 3699 3466 3780 3465 3677 3380 3765 3359 3442 3485 3600 3470 3093 3551 3359 3399 3747 3169 3566 3330 3921 3513 3433 3875 3783 3286 3375 3836 3742 3778 3801 3691 3754 3577 3772 3576 3447 3556 3441 3929 3365 3671 3603 3371 3688 3709 3621 3773 3816 3427 3666 3523 3375 3702 3624 3979 3654 3581 3393 3961 3969 3533 3864 3290 3812 3484 3568 3700 3488 3647 3515 3631 3570 3431 4200 3762 3348 3695 3480 3625 3265 3856 3197 3760 3379 3505 3418 3448 3580 3380 3280 3596 3521 3747 3247 3593 3841 3621 4028 3626 3681 3470 3402 3748 3763 3693 3543 3499 3515 4041 3355 3461 3558 3398 3435 3512 3840 3810 3626 3373 3448 3404 3696 3601 3633 3098 3870 3273 3332 3599 3679 3805 3412 3242 3623 3494 3469 3414 3523 3371 3369 3382 3388 3796 3185 3715 3534 3683 3609 3732 3345 3582 3464 3310 3722 3478 3329 3235 3492 3934 3398 3683 3559 3955 3194 3697 3371 3381 3499 3878 3817 3360 3451 3540 3624 3990 
4742 4147 4654 4445 4428 4298 4404 4517 4518 4802 4177 4640 3941 4443 4395 4602 4460 4649 4607 4612 4357 4459 4154 4759 4459 4233 4578 4375 4495 4410 4447 3989 4281 4126 4546 4353 3963 4245 4403 4283 4463 4204 4054 4074 4519 4536 4207 4405 4645 4219 4012 4499 4404 4611 4709 4397 4166 4696 4591 4400 4535 4139 4170 4714 4194 4247 4243 4425 4423 4570 4385 4635 4380 4273 4428 4115 3876 4272 4610 4817 4603 4383 4121 4586 4732 4118 4128 4048 4776 4237 4231 4509 4649 4550 4304 4404 4430 4352 4846 4477 3918 4718 4472 4399 4124 4823 4034 4863 4094 4390 4234 4278 4255 4201 3981 4378 4650 4463 4285 4262 4846 4406 4947 4191 4501 4216 4350 4595 4524 4407 4161 4073 4293 4729 4381 4112 4351 4294 4447 4363 4362 4444 4491 4236 4374 4290 4695 4645 4410 4162 4492 4171 3929 4456 4372 4343 4534 4016 4360 4311 4219 4377 4356 4440 4095 4319 4144 4334 3980 4427 4379 4380 4328 4714 3982 4486 4429 4263 4339 4222 4042 3976 4297 4764 4074 4278 4246 4682 3870 4350 4446 3969 3949 4625 4342 4189 4213 4540 4449 4608 
4940 4037 4713 4496 4399 4371 4574 4453 4518 4733 4293 4857 4292 4479 4651 4862 4501 4512 4940 4827 4431 4762 4067 4658 4489 4401 4759 4606 4645 4110 4418 4298 4559 4442 4647 4445 3954 4540 4436 4376 4783 4294 4431 4339 4763 4491 4218 4523 4789 4287 4304 4612 4616 4638 4792 4574 4822 4786 4699 4486 4168 4235 4442 5007 4292 4490 4383 4497 4437 4614 4611 4799 4780 4620 4742 4471 4035 4447 4430 5195 4596 4791 4394 4693 4933 4418 4369 4162 4683 4513 4461 4818 4581 4686 4224 4508 4503 4306 5225 4544 4204 4744 4367 4650 4103 5019 4085 4874 4287 4587 4421 4491 4210 4535 3670 4470 4601 4773 4285 4474 5040 4499 4971 4728 4571 4569 4326 4450 4725 4665 4169 4134 4620 4633 4310 4414 4562 4301 4550 4549 4598 4740 4537 4299 4440 4375 4729 4619 4482 4224 4790 4383 4127 4532 4437 4506 4608 4352 4566 4649 4472 4331 4590 4621 4250 4458 4393 4530 4155 4717 4582 4693 4435 4447 4094 4352 4497 4393 4579 4409 4330 3790 4372 4751 4400 4499 4359 4646 4204 4485 4682 4403 4371 4737 4556 4498 4225 4810 4518 4816 
4338 3670 4037 4255 3875 3958 4015 4020 4071 4257 3516 4300 3660 4063 3886 4148 3913 4194 4324 4101 3864 4374 3775 4082 3990 3796 4199 3802 4079 3573 4017 3935 3771 4080 3953 3796 3306 3871 3894 3733 4171 3719 3977 4011 4103 4058 3688 4091 4089 4075 3665 4220 4007 4131 4301 3823 4122 4186 4144 4006 3744 3878 3903 4417 3930 3991 3739 3901 3799 4233 3992 4096 4043 4045 3996 3943 3626 4151 4052 4529 4035 4236 3939 4222 4233 3923 4019 3584 4102 3694 4095 4126 4149 4067 3658 4233 4321 3780 4558 4290 3787 4270 3807 4203 3485 4528 3496 4312 3835 4191 3899 3984 3884 3964 3458 4132 4121 4176 3672 3886 4439 4146 4390 4195 4024 3691 3885 4046 4231 4137 3641 3682 3865 4063 3757 3894 3873 3843 3946 4157 3748 4167 3979 4148 4080 3667 4071 4144 3933 3924 4364 3809 3586 3842 4093 4109 4011 3777 3931 4174 3968 3770 4079 4059 3954 3853 4214 3913 3712 3978 3721 3996 3864 4031 3803 3786 4041 3860 4192 3887 3966 3600 3731 4223 3875 4027 4093 4223 3898 4035 4085 3716 4001 4211 3858 3954 3731 4326 4275 4374 
4354 3818 4362 4269 3977 3872 3979 4073 3973 4591 4051 4511 3824 4416 4304 4443 3832 4349 4376 4322 4007 4406 3877 4368 4291 3792 4281 4248 4129 3812 4146 4094 4199 3749 4091 3919 3724 4047 4112 3756 4264 3838 4065 4212 4195 4117 3933 4258 4255 3845 3770 4062 4343 4354 4103 4025 4102 4274 4379 4264 3944 4065 3970 4494 3915 4059 4041 4031 4044 4003 4155 4085 4324 3845 4267 4063 3644 4056 4361 4499 4310 4248 4001 4330 4406 3892 4052 3852 4384 3911 3879 3967 4282 4276 3856 4326 4166 4057 4215 4179 3732 4208 4270 4246 3798 4782 3824 4402 3908 4069 4000 4117 4011 4003 3787 4362 4320 4027 3797 4017 4430 4067 4465 4411 4093 3908 4100 4249 4214 4160 3963 3780 3935 4229 3989 4009 3859 3765 4018 4200 4007 4198 4245 3960 4186 3924 4251 4240 4051 3607 4319 3777 3717 4085 4171 4442 4070 3906 3913 4140 4159 4042 4082 4204 3801 3908 3811 3970 3595 4266 3950 4040 3936 4200 3933 3921 4006 4015 4293 4013 4100 3726 4178 4249 4016 4205 4216 4412 3809 4252 3866 3901 3962 4406 4136 3967 3953 4072 4080 4197 
4385 3616 4091 3996 3804 3765 3818 3908 4065 4308 3419 4049 3502 4020 3972 3984 3611 4188 4064 4151 3899 3897 3774 4179 3884 3916 4223 3575 4020 3650 3907 3780 3653 3661 4030 3589 3128 3937 3915 3801 4145 3697 3960 4166 3910 3920 3569 3876 4312 3745 3568 3953 4096 3993 4270 3603 3967 4072 4172 4065 3778 3656 3922 4097 3701 3883 3652 3874 3980 3887 3557 4026 3908 3709 3739 3615 3296 3924 3955 4410 3970 4029 3828 4049 4113 3619 3990 3675 4047 3629 3817 4164 3918 4106 3697 3858 4271 3768 4355 3938 3559 4135 3697 4061 3552 4442 3585 4091 3745 3927 3670 3958 3970 3829 3370 4006 4215 3916 3759 3866 4275 3897 4541 3865 4034 3629 3763 3851 4085 4114 3640 3634 3900 3735 3694 3762 3997 3704 3854 3975 3824 3835 3788 3767 3966 3790 3906 3842 3629 3584 4381 3697 3500 3698 4062 3873 3992 3638 3964 4156 3671 3819 3673 4036 3662 3932 3616 3970 3601 4056 3738 3932 3871 4148 3893 3665 3888 3936 3698 3726 3762 3391 3899 3970 3719 3861 3883 4101 3369 3727 3908 3626 3727 4169 3921 3941 3680 3971 3691 4026 
4354 3840 4227 4044 4034 3570 3920 3822 3885 4345 3539 4130 3601 4116 4481 4020 3740 4210 4192 4448 4015 4239 3963 4181 4061 3748 3827 3969 4102 3576 4146 3719 3919 3862 4040 3658 3641 4144 3968 3994 4234 3535 3885 4032 4147 3981 3593 4147 4129 3787 3732 4093 4047 3920 4191 3805 4148 4263 4512 4104 3967 3815 4106 4447 3967 3792 3914 3850 3958 4013 3861 4010 4092 3925 4005 4110 3420 3949 3980 4240 4030 3765 3718 3949 4294 3936 4136 3985 4010 3756 3831 4119 4166 3938 3582 4300 4157 3963 4384 3993 3762 4126 3937 3962 3732 4412 3523 4448 3873 4122 3898 4070 3789 3990 3614 4056 4049 4113 3537 3800 4436 4052 4357 4219 4066 4071 3959 4109 3893 4201 4027 3791 4059 4102 3918 4046 4013 3874 3844 3987 3817 4105 4022 3853 3859 3675 4064 4090 3988 3646 4067 3872 3829 4101 4254 4021 4169 3903 4133 4187 4025 3852 4031 3954 3571 3919 3786 3826 3448 4180 3852 4128 4000 4015 4067 3791 4000 4043 4295 3630 4014 3296 3858 4025 3919 3978 3957 4288 3348 4122 3997 3534 3731 4095 3755 3630 3804 4220 3960 4233 
4288 3658 4360 4056 3984 3934 3934 4062 4016 4296 3835 4312 3623 4036 4007 4305 4021 4231 4286 4267 3904 4298 3939 4247 3901 4129 4190 4129 4203 3820 4212 3839 3873 3980 4222 3893 3736 4110 4118 4170 4251 3755 3734 4026 4187 4146 3937 4303 4276 4060 3655 4198 4147 4200 4402 4152 4314 4345 4212 3978 3996 3957 4001 4279 3774 4016 4013 4257 4245 4106 3988 4296 4335 3939 4295 4179 3501 4181 4308 4308 4076 4094 3913 4476 4415 3948 4302 3881 4171 3916 3962 4495 4045 4080 4293 4131 4217 4032 4556 3987 3770 4118 3987 4170 3815 4491 3651 4348 3863 4299 3975 4177 3829 3998 3496 4305 4277 4441 3998 4120 4493 3951 4554 4096 4389 3902 4144 4127 4410 4231 3976 3922 4415 4065 3960 4102 4056 3942 3808 4210 3978 4355 4262 3928 4136 3878 4234 4158 4091 3801 4443 4057 3831 4017 4264 4019 4197 3927 4203 4057 4172 4073 4147 4168 3865 3911 3903 3858 3776 4121 3933 4051 4133 4077 3944 3911 4230 3868 4249 3892 3752 3664 4073 4441 3772 4060 3960 4256 3767 4069 4182 3925 3992 4499 4117 3967 4132 4286 4028 4422 
4330 3705 4552 4120 4047 4177 4028 4191 4104 4441 3870 4673 3929 4338 4162 4296 4174 4537 4471 4356 4241 4821 3958 4279 4122 4120 4221 4163 4142 3863 4094 4053 4007 4298 4250 4091 3609 4402 4199 4041 4645 4123 3894 4263 4306 4261 3932 4149 4347 3930 3861 4454 4263 4356 4539 4184 4241 4084 4310 4119 4177 4011 3975 4592 4022 4143 4138 4047 4058 4439 4250 4210 4298 4039 4265 4101 3727 4262 4318 4448 4368 4226 4093 4467 4708 4257 4251 3851 4211 3965 4229 4386 4219 4386 3976 4476 4349 4118 4259 4249 3881 4598 4205 4419 3869 4642 3766 4582 4262 4253 4035 4184 4148 4133 3565 4307 4472 4338 3853 4061 4520 4389 4607 4404 4365 3928 4183 4234 4205 4198 4016 3798 4237 4385 4007 3963 4046 4103 3949 4193 4025 4228 4161 4376 4177 4056 4498 4282 4140 3777 4525 4175 3998 4212 4343 4360 4287 3901 4086 4342 4306 4280 4338 4600 4346 4150 3938 4090 3718 4261 4170 4245 4226 4401 4287 4041 4394 3868 4503 3870 3924 3861 4150 4523 3870 3868 4172 4253 3812 4205 4186 4017 4070 4242 4192 4018 4077 4346 3980 4486 
4156 3858 4002 3828 3839 3918 4136 3917 3915 4287 3699 4124 3635 4132 3943 4288 3933 4268 4208 4055 3903 4012 3826 4268 3899 3773 4076 3817 4061 3916 3609 3464 3863 3908 4050 3831 3375 3856 4140 3911 4212 3674 3720 4066 4233 3957 3758 3913 4127 3642 3695 4100 4128 4095 4114 3889 3779 4114 4153 3982 3870 3543 3859 4256 3895 3920 3913 4007 3866 3989 4024 4010 3940 3647 3902 3844 3352 3889 4136 4188 4407 4116 3855 4132 4130 3923 3777 3753 4246 3425 3792 4159 3918 4092 3741 3994 4213 3952 4139 3721 3555 4071 4116 4252 3759 4572 3769 4378 3872 4151 3629 3883 4053 3823 3439 4325 4102 4031 3680 3709 4307 3953 4266 4193 3978 3871 3774 4097 4220 3838 3424 3671 3843 4031 3797 3723 3708 3861 3831 3861 3902 4160 4032 3786 3807 3623 4292 4106 3748 3797 4383 3786 3428 3804 3932 3895 4036 3988 3915 4010 3925 3933 3841 3969 3888 3844 3821 3955 3546 4035 3824 3968 3979 4017 3657 3807 3784 3803 3956 3718 3710 3380 3970 4155 3734 3904 3844 4344 3516 4101 3984 3604 4086 3997 3938 3725 3788 4093 4030 4085 
4131 3793 4163 4147 3871 3810 4271 3767 3839 4277 3562 4302 3707 4068 3947 4130 3809 4174 4161 4027 3868 4246 3628 4192 3980 4033 3982 3993 4081 3779 4001 3623 3935 3923 3976 3771 3488 3934 4030 3683 4163 3752 3892 3939 4103 3979 3650 3923 4062 3842 3714 3950 3928 4201 4271 3885 4004 4022 4271 3913 4052 3596 3938 4333 3960 3937 3818 3666 3951 4106 3902 4084 3996 3791 4151 3891 3670 4047 4085 4217 4207 4136 3727 4029 4214 3823 3938 3583 3958 3601 3829 3771 3975 3931 3653 4147 4175 3859 4245 4159 3539 4079 3815 4029 3654 4523 3816 4261 3738 4017 3969 3850 3865 3961 3589 3947 4036 3898 3656 3865 4522 4125 4388 4251 3948 3655 3850 4146 4250 4208 3795 3585 4227 4191 3891 3988 3873 3722 3930 3955 3917 4051 3927 3941 4266 3608 4043 3879 4025 3770 4322 3818 3792 4045 4112 3917 4076 3926 4094 4301 4064 3954 3905 4164 3657 4103 4004 3937 3511 4000 3762 3976 3936 4024 3758 3880 4147 3944 3981 3744 3760 3586 3998 4259 3686 3998 3734 4285 3611 4032 3916 3581 3961 4127 3974 3855 3802 4211 3900 3979 
3809 3320 3936 3531 3727 3562 3687 3603 3488 3692 3307 3866 3442 3827 3660 3889 3632 3813 3734 3819 3545 3726 3267 3647 3523 3279 3933 3668 3607 3280 3633 3277 3773 3403 3728 3393 3351 3408 3511 3466 3536 3357 3430 3519 3799 3615 3606 3868 3705 3455 3418 3890 3716 3910 3561 3604 3767 3773 3794 3690 3622 3562 3536 3878 3577 3469 3543 3465 3506 3729 3533 3866 3684 3451 3420 3591 3341 3720 3688 3988 3856 3889 3421 4027 3787 3712 3735 3428 3892 3240 3841 3553 3610 3686 3534 3554 3754 3395 3995 3527 3419 3828 3505 4013 3244 4066 3163 3716 3473 3352 3447 3534 3347 3467 3258 3785 3613 3607 3439 3538 3939 3699 4093 3713 3691 3352 3319 3726 3828 3573 3586 3126 3669 3787 3678 3262 3427 3272 3628 3549 3887 3489 3719 3580 3498 3527 3871 3558 3595 3483 3794 3510 3325 3552 3819 3810 3553 3204 3665 3663 3473 3380 3480 3531 3427 3533 3504 3611 3038 3465 3377 3641 3727 3698 3512 3581 3486 3558 3697 3424 3521 3466 3614 3705 3497 3552 3671 3698 3445 3545 3402 3439 3542 3729 3668 3460 3455 3682 3405 3900 
4400 3839 4423 4006 4133 3721 3867 4033 3852 4231 3733 4283 3922 4337 4272 4246 4136 4266 4257 4260 3897 4172 3797 4122 3945 3784 4178 4200 4363 3802 3998 3698 4186 3714 4256 3859 3839 4070 4135 4068 4176 3833 4006 4045 4427 4068 4023 4274 4398 3685 3690 4286 4265 4242 4131 4039 4303 4161 4251 4094 4044 3801 4157 4389 3796 3974 3916 4190 4087 4172 3897 4199 4104 3929 3922 4200 3684 4062 4295 4395 4347 4096 3864 4656 4592 3962 4189 3804 4072 4090 3826 4375 4115 4082 4108 4156 4168 3990 4593 3951 3799 4383 3988 4460 3784 4620 3859 4383 3939 4343 4129 4043 4080 4099 3637 4205 4151 4272 3893 4165 4380 4095 4723 4340 4325 4146 4040 4077 4259 4009 3945 3690 4219 4240 4064 4115 3986 3986 4232 3888 3863 4136 4450 4140 4144 3964 4276 4184 4272 3794 4503 3794 3877 3977 4210 4104 4125 3960 4005 4251 3925 3941 4023 3971 3812 3879 3881 3952 3605 4240 3793 4244 3976 4188 3905 3832 4150 3924 4210 3856 4025 3518 4052 4122 3767 4293 3910 4267 3838 4269 3962 3985 3856 4231 4078 3872 3997 4112 4173 4326 
4420 4037 4627 4410 4317 3876 3972 4259 4157 4327 3916 4712 3885 4256 4386 4160 4361 4322 4371 4507 3908 4362 4104 4406 4344 4149 4408 3984 4234 4124 4081 3836 4244 3910 4384 4060 3695 4264 4227 4011 4198 3928 3946 4278 4573 4211 3889 4309 4436 3946 3974 4343 4426 4563 4504 4223 4369 4418 4341 4266 4157 4087 4136 4389 4101 4041 4133 4031 4112 4152 4192 4275 4287 3905 4036 4267 3879 4121 4256 4645 4393 4246 3925 4483 4484 3869 4230 3995 4322 3987 3992 4358 4286 4168 4097 4322 4288 4095 4705 4214 3802 4519 4185 4164 3773 4706 4011 4509 4051 4258 4119 4033 4010 4186 3528 4253 4421 4374 4056 4044 4519 4233 4950 4360 4483 3995 3940 4223 4490 4347 3956 3821 4257 4261 4083 4057 4140 3954 4105 4048 4133 4308 4151 3828 4232 3915 4240 4292 4025 3895 4363 3819 3874 4060 4157 4309 4365 4163 4393 4207 3881 4065 4334 4238 3814 4068 4218 4268 3889 4561 3989 4158 4110 4384 3938 4151 3995 4099 4353 3982 3722 3744 4224 4468 3889 4446 4159 4334 3554 4255 3890 3989 4103 4247 4213 4099 4067 4370 4027 4595 
4070 3585 4450 4149 3951 3745 3825 4032 3966 4160 3511 4147 3766 3910 4321 4230 3717 4160 3956 4161 3849 3959 3612 4239 4068 3779 4134 3721 3919 3783 4023 3802 3999 3970 4166 3713 3531 3843 3877 4097 4024 3813 3702 3931 4077 3954 3738 4133 4246 3661 3969 4170 4347 4175 4098 3746 4206 4323 4146 4085 3889 3771 3902 4200 3770 3929 4079 3799 3979 4168 3925 4007 4051 3887 3886 3929 3586 4017 4087 4496 4223 4015 3739 4369 4372 3721 3928 3604 4074 3884 4093 3956 3906 4049 3566 3741 4190 3896 4431 3856 3643 4057 3935 4122 3570 4393 3585 4133 4090 4166 3717 4054 3863 3715 3540 4079 4225 3989 3783 3772 4402 3970 4431 4252 3982 3715 3874 3813 3993 4128 3661 3744 4026 4123 3786 3719 4021 3652 3841 3838 3894 3817 3777 3669 4062 3701 4267 3981 3718 3547 4319 3998 3658 3913 4132 4231 3842 3521 4066 3951 3887 3649 3986 3858 3825 3778 3758 4106 3694 3977 3572 4124 4168 4174 3786 3949 3859 3895 4203 3612 3906 3379 3860 4006 3764 3940 3902 3988 3466 4081 3844 3632 3961 3920 4095 3799 3817 4134 3914 4175 
3845 3636 4271 3875 3985 3737 4072 4094 3876 4057 3467 4304 3838 4206 4000 3961 4070 3878 4246 4048 3922 3817 3469 3911 3914 3674 4226 4023 4062 3681 3905 3618 3523 3683 3878 3663 3356 3731 3863 3861 4032 3488 3611 3584 4327 3846 3683 4086 4133 3523 3758 3958 3851 3935 4153 3997 4030 4015 4178 3856 3787 3777 3958 4080 4026 3724 4055 3807 3713 4048 3916 3899 3928 3952 3775 3907 3479 4040 3892 4039 3877 3728 3877 4052 4186 3695 3865 3529 4311 3870 3881 4029 4181 3994 3675 3848 4044 3991 4420 4045 3499 4074 3815 3865 3673 4291 3617 3968 3736 3853 3762 3746 3822 3826 3581 3944 3702 3893 3779 3740 4144 4083 4397 4030 4072 3860 3743 3866 3940 3884 3773 3557 3957 4286 3481 3750 3697 3799 3834 3956 3709 4037 4148 3799 3589 3766 4022 4040 3751 3516 4072 3659 3580 4066 3940 4024 3843 3902 3890 3876 3669 3816 3717 3958 3663 3867 3788 3869 3612 3954 3789 3947 4027 4242 3601 3982 3792 3623 4207 3725 3889 3298 3739 4138 3843 3840 3765 4175 3461 3978 3707 3547 3937 4105 4048 3630 3550 4327 4023 4091 
3811 3573 3926 3731 3569 3669 3621 3336 3700 4207 3168 4201 3442 3809 3810 3910 3498 3875 3871 4052 3805 3570 3324 3764 3586 3545 3993 3728 3777 3572 3636 3236 3475 3355 3776 3485 3196 3478 3613 3418 3778 3562 3501 3676 3771 3713 3524 3595 3933 3426 3398 3743 3782 3899 4080 3377 3694 3819 4245 3587 3314 3335 3667 3997 3758 3739 3554 3562 3721 3893 3598 3847 3713 3282 3643 3722 3259 3839 3816 3896 3982 3703 3408 3932 3983 3548 3627 3514 3650 3557 3705 3668 3823 3785 3393 3548 4115 3722 3929 3692 3441 3876 3570 3787 3473 3863 3531 4105 3550 3665 3341 3637 3470 3731 3355 3478 3718 3639 3383 3645 3949 3712 3995 3741 3696 3659 3641 3719 3790 3730 3637 3380 3765 3834 3456 3424 3579 3586 3624 3606 3617 3615 3439 3594 3478 3393 3661 3730 3609 3200 4072 3457 3319 3577 3700 3451 3941 3503 3894 3576 3582 3729 3723 3626 3421 3606 3354 3747 3217 3674 3623 3615 3408 3783 3548 3396 3514 3449 3744 3568 3651 3181 3645 3933 3420 3697 3628 3925 3184 3461 3715 3377 3625 3724 3516 3649 3426 3950 3513 3943 
4201 3545 4226 3833 3725 3657 3789 3795 4189 4323 3557 4264 3669 4045 4028 4022 3632 4083 4063 4173 3756 4364 4026 3992 4066 3800 3897 3950 4204 3865 3950 3845 3765 3797 3760 4033 3554 3493 3736 3634 4320 3832 4068 3687 4208 3891 3595 4174 4360 3839 3666 4003 3958 4147 4194 3970 4030 4070 4120 4149 3749 3696 3949 4230 3785 3815 3840 4101 3883 3953 3966 4093 4040 3855 3936 4173 3577 4127 3988 4469 3943 3936 3720 4237 4310 3780 3973 3644 3987 3759 3947 4122 3863 4002 3709 3848 4333 3670 4268 4092 3707 4261 3815 4041 3597 4202 3399 4393 3506 4171 3890 4016 3764 3985 3419 3797 4129 3885 3814 3784 4435 3761 4314 4152 4062 3650 3869 4013 4084 3963 3829 3775 3856 4055 3974 3932 3826 3850 3895 3931 3995 3957 3765 3871 3978 3655 4073 3983 3799 3819 4386 3805 3852 3939 4136 3996 3921 3723 3961 4030 3785 3803 4172 4000 3620 3690 3590 3941 3407 4012 3606 3785 3892 3980 3868 3886 3759 3731 4177 3855 3818 3487 3928 4130 3676 3981 3985 4328 3550 3857 3843 3789 3744 4080 3952 3714 3560 4087 4030 4173 
4283 3682 4216 4032 4351 4142 4119 3933 4156 4303 3768 4536 3836 4321 4173 4300 3970 4012 4473 4336 4145 4415 3808 4192 4014 4073 4246 4054 4157 3794 4209 3944 4048 3822 4171 3948 3752 4028 4043 3862 4230 3841 3767 4044 4124 4016 3795 4143 4302 3861 3943 4167 4155 4367 4161 4320 4367 4300 4251 4082 3841 4031 4086 4560 4058 4176 4162 4063 3913 4251 4259 4215 4363 4083 4091 4133 3474 4055 3859 4501 4449 4156 4070 4388 4618 3981 4380 3872 4265 4083 3988 4335 4098 4248 4078 4104 4172 3930 4408 4064 3652 4325 3848 4348 3741 4595 3660 4409 4048 4193 4058 4155 3861 4169 3453 4023 4219 4112 3754 3986 4267 3952 4594 4226 4254 3759 4066 4371 4197 4129 4089 3869 4164 4198 3896 4092 3941 3811 4000 4248 4213 4316 4020 3994 4039 3941 4036 4121 4100 3656 4113 3979 3968 4270 4097 4301 4061 3732 4039 4018 3966 4034 4203 4278 3752 3896 3893 3917 3415 4227 4093 4162 4195 4192 4013 3959 4490 4088 4294 4027 3969 3443 4069 4410 3675 4290 4163 4415 3731 4160 4257 4094 4078 4218 4185 4006 4115 4254 4082 4396 
4239 3952 4486 4266 4297 3984 4108 4187 4198 4671 3879 4430 3930 4492 4374 4297 4390 4463 4322 4648 4318 4272 3826 4437 4143 4005 4536 4263 4348 3955 4228 3819 3796 4117 4240 3997 3662 4134 4430 4216 4198 3810 4068 3994 4589 4054 3849 4174 4267 3776 4079 4348 4294 4428 4392 4388 4237 4393 4409 4324 4023 4106 3988 4483 4317 4066 4293 4220 4170 4491 4431 4489 4107 4050 4320 4278 3862 4038 4379 4528 4325 4458 4146 4315 4833 4015 4451 4073 4214 4089 4135 4215 4215 4307 4035 3922 4370 4211 4709 4026 3724 4362 4253 4334 3606 4604 3734 4412 4017 4443 3985 4036 3969 4171 3757 4064 4210 4295 3938 4131 4513 4251 4533 4301 4191 3982 4004 4111 4492 4051 4164 3958 4464 4419 4004 4034 4042 3964 3817 4197 4050 4334 4168 4134 4121 4095 4436 4260 4253 3819 4508 4059 4049 4433 4153 4268 4162 3870 4446 4249 3992 4063 4188 4277 4055 3966 3948 4149 3660 4326 4015 4257 4231 4429 3965 4012 4178 3975 4376 3811 4183 3665 4192 4553 4065 4115 4125 4228 3754 4112 4267 4278 4200 4210 4326 3973 3906 4270 4230 4385 
4137 3747 4055 4021 3947 3855 3838 3917 3769 3946 3396 4140 3476 4037 3907 4031 4018 4158 3885 4198 3706 3966 3514 4165 3716 3727 4012 3730 3850 3829 3882 3407 3735 3681 4020 3670 3630 3903 3932 3768 4039 3362 3788 3985 4224 3657 3939 3954 3864 3475 3639 3927 4080 4037 3957 3932 4165 4107 4020 3780 4008 3870 3912 4280 3601 3703 3689 3697 3638 3972 3868 4082 3980 3784 3825 3799 3613 4049 4006 3998 4084 3921 3643 4103 4230 3961 4101 3495 4208 3568 3770 3995 4227 3757 3646 3718 4155 3807 4228 4116 3689 4092 3866 3974 3635 4271 3490 4142 3714 3936 3597 3779 3937 3746 3571 4102 4119 4025 3436 3805 4133 3941 4396 3960 3960 3844 3804 3867 4076 4120 3796 3777 3905 4096 3595 3610 3757 3629 4003 3904 3825 4093 4095 3706 3995 3558 3940 3793 3843 3526 4186 3651 3570 4274 3901 4085 3942 3588 3928 3978 3861 3769 3713 3968 3554 3816 3822 3804 3439 3959 3731 4033 3915 4021 3729 3925 3894 3874 3845 3638 3729 3211 3727 4117 3590 3964 3789 4304 3617 3941 3870 3918 4004 4100 3914 3817 3753 3987 3750 4140 
4159 4040 4249 4024 4165 3842 3879 4098 4076 4277 3640 4233 3747 4235 4016 4286 4020 4387 4197 4332 4038 4138 3875 4013 4106 3736 4347 3996 3976 3839 3858 3832 3798 3692 4115 3751 3243 3811 4022 3642 4233 3556 3914 3913 4174 3892 3799 4120 3910 3855 3999 4062 4109 4290 4326 3892 4179 4146 4461 4075 3828 3869 4090 4175 4089 3784 3887 4211 3746 4095 4095 3974 4044 3848 4014 4070 3429 4066 4073 4040 4244 4119 3861 4163 4355 3836 4027 3655 4131 3906 4000 4287 4175 4129 3662 4144 4251 4117 4460 4031 3556 4273 4178 4076 3551 4385 3738 4263 3855 3995 3782 4140 3945 4195 3555 4357 4131 4033 3679 3786 4228 3987 4290 4367 4022 3725 3998 4311 4146 4149 3486 3678 3913 4194 3823 3855 3963 3766 4129 4002 3673 4070 4047 3872 3897 3874 4133 3853 3856 3829 4193 3951 3621 3995 4152 4045 4015 3528 4009 4088 3968 4144 4129 4234 3806 4134 3856 3949 3548 4042 3802 4080 4138 4172 4003 3933 4264 4017 4200 3843 3956 3458 4056 4464 3846 3815 4059 4278 3455 3881 3941 3830 3975 4239 3873 3959 3967 4123 3821 4385 
4400 4028 4400 4332 4015 3934 4355 4171 4119 4560 3919 4468 3999 4429 4263 4363 4124 4376 4459 4552 4270 4489 3906 4485 4277 4008 4388 4395 4221 3913 4103 3782 3955 3950 4166 4133 3695 4220 4029 4090 4193 3921 3968 4186 4397 4218 4219 4387 4437 3786 3796 4379 4315 4335 4485 4270 4253 4486 4434 4078 4125 3949 4225 4267 4059 4166 4186 3944 4129 4397 3911 4204 4344 4085 4009 4223 3784 4167 4265 4631 4434 4383 4140 4448 4359 4108 4165 3968 4304 3718 3885 4302 4388 4373 4119 3980 4287 4171 4680 4039 3905 4320 4212 4514 3933 4757 3942 4496 3824 4341 3927 4294 3852 4126 3672 4276 4134 4369 4128 4085 4590 4086 4543 4206 4256 4112 4184 4222 4400 4256 3920 3896 4319 4153 3921 4007 4197 3993 4089 4187 4169 4294 4299 4065 4286 3763 4406 4355 4033 4018 4232 3988 3848 4155 4404 4130 4153 4023 4254 4537 4128 4343 4137 4271 3933 4307 3895 4215 3791 4257 4021 4048 4230 4210 3824 4031 4115 3907 4282 3879 4106 3866 4031 4414 4036 4248 4059 4465 3876 4186 3989 4033 4012 4309 4278 3996 4243 4217 4040 4457 
4083 3786 4165 3984 4054 3747 3774 3889 3856 4217 3709 4250 3797 4171 4100 4301 3941 4106 4175 4124 3723 4109 3849 4221 3932 3664 4173 3792 3908 3785 3823 3707 3896 3653 4118 3754 3564 3808 3734 3597 3973 3907 3531 3979 4104 4005 3771 4015 4128 3846 3817 4184 4033 3871 4287 3860 4087 4142 4083 4021 3715 3872 3960 4132 3814 4164 3836 3990 3749 4165 3897 4093 4029 3868 3991 3932 3302 3798 3958 4210 3897 3934 3769 4189 4152 3730 3907 3709 4268 3769 3981 4027 3827 4040 3957 3925 4108 3834 4494 4114 3564 4035 4051 4081 3533 4399 3611 4060 3855 4090 3800 3815 3929 4104 3320 4017 4233 3956 3680 3782 4140 4042 4465 4059 4123 3804 3981 4098 4176 3887 3731 3722 3981 4072 3903 3704 3896 3673 3918 3945 3788 4203 4057 3677 3867 3503 3988 4080 3987 3680 4410 3663 3599 3954 4044 3696 3802 3847 4002 3852 3678 4230 3954 4144 3626 3801 3654 4008 3586 4168 3847 3990 4071 3979 3757 3792 3889 3795 4151 3725 3789 3548 3985 4183 3783 4082 3956 4051 3628 3899 4040 3942 4011 3962 3787 3958 3859 4130 3914 4272 
4164 3607 4025 3931 3937 3805 3855 3844 3951 4036 3477 4065 3653 4246 3754 4001 3675 4111 4185 4005 3703 4114 3988 4126 3834 3646 3896 3934 3872 3639 3810 3534 3801 3475 4112 3817 3456 3792 3706 3524 4046 3746 3772 3911 4174 3997 3413 3792 4063 3643 3695 4097 3776 4028 4144 3899 4161 4139 4252 3899 3749 3639 3845 4014 3756 3862 3978 3667 3718 3897 3874 3855 4134 3810 3797 3808 3454 3815 3935 4190 3894 3802 3624 4152 4250 3659 4008 3585 4074 3726 3748 3958 3725 4094 3799 4193 4044 3804 4400 4061 3487 4103 3782 3865 3665 4347 3546 4120 3480 3855 3722 3939 3747 3811 3539 4024 3915 3871 3677 3724 4150 3937 4362 4057 4052 3657 3954 4052 3903 3743 3682 3374 3948 4130 3788 3695 3821 3670 3729 3763 3858 3985 4075 3876 3716 3647 4136 3929 3708 3608 4112 3611 3457 3929 4053 3851 3707 3753 3617 3885 3705 3838 3739 3970 3588 3710 3777 3953 3385 3956 3615 3963 3931 3910 3684 3731 3961 3784 3848 3650 3792 3373 3842 3848 3602 4035 3754 3991 3614 3881 3805 3650 3950 3936 3757 3831 3819 3963 3769 4153 
4060 3643 4011 3924 3751 3646 3773 3690 4120 4246 3675 4414 3813 4053 4205 4011 3981 4109 4027 4360 3864 3919 3869 4095 3777 3659 4018 3875 3990 3775 3782 3756 3807 3709 4159 3690 3360 3946 3775 3709 4194 3587 3786 3692 4294 3690 3584 4022 4027 3619 3829 3883 3882 4251 4031 3913 3940 4087 4089 3945 3869 3904 3838 4287 3803 3701 4082 3801 3856 4114 3950 4025 3826 3975 4170 3949 3370 4036 3863 4200 3965 4021 3752 4119 4251 3692 4181 3853 4035 3958 3783 3908 4123 4007 3702 4045 3925 3904 4205 3942 3504 4091 3984 4016 3625 4257 3688 4129 3635 4075 3727 3623 3649 4145 3106 4157 4021 4145 3691 3954 3845 3986 4421 4070 4145 3750 3792 4021 4117 3879 3789 3589 3946 4224 3625 3790 3665 3756 3993 4034 4164 4128 3930 3588 3910 3623 4064 3931 3834 3583 4103 3835 3853 3962 4127 3941 3804 3663 3912 3888 3670 3809 3790 4106 3689 3773 3644 3807 3461 3990 3868 3941 3837 4030 3714 3935 3835 3841 4026 3619 3682 3418 3875 4047 3787 3839 3807 4197 3441 4138 3816 3764 3849 4014 3885 3697 3953 3930 3841 4197 
4128 3565 4229 3696 4036 3615 3766 3890 3922 4312 3603 4437 3336 4067 3850 4126 3987 4163 4187 4232 3932 4091 3659 4198 3782 3789 4172 3951 3893 3694 3929 3481 3558 3842 3949 3762 3272 3829 3862 3864 4050 3393 3471 3851 4315 3944 3763 3912 3994 3864 3755 4151 3765 4206 4108 3879 3929 3825 4129 3895 4027 3777 3927 4286 4058 3811 3685 3957 3733 3980 3632 4063 4144 3796 3893 3803 3442 4133 3934 4312 3891 3991 3694 4186 4289 3900 4006 3791 4026 3726 3773 4078 4012 3909 3888 3685 4088 3862 4271 3793 3517 4321 3660 4235 3687 4270 3531 4159 3960 4054 3676 3793 3588 3940 3591 4190 4205 4056 3872 3918 4133 3701 4254 4037 4002 3653 3777 3860 3936 3836 3796 3480 3938 3978 4053 3673 3556 3822 3878 3802 3780 4211 3850 4176 3855 3928 3899 4037 3849 3873 4249 3735 3543 3808 3924 4073 3810 3570 3679 4170 3693 3807 3915 3833 3647 3669 3616 4022 3371 3973 4010 3975 3792 3953 3895 3595 3868 3730 3963 3512 3839 3453 3918 4239 3716 3787 3839 4096 3486 4030 3571 3887 3638 4107 3833 3722 3704 4031 3863 4213 
4948 4303 4664 4487 4560 4317 4457 4430 4404 4805 4161 4959 4215 4785 4541 4812 4630 4978 4664 4717 4444 4830 4450 4740 4470 4256 4755 4575 4450 4307 4330 4383 4397 4422 4564 4330 4200 4713 4551 4468 4647 4249 4281 4681 4996 4455 4290 4839 4596 4491 4340 4615 4734 4779 4737 4634 4705 4588 4727 4621 4283 4396 4655 4915 4455 4538 4487 4562 4413 4841 4370 4847 4752 4368 4772 4595 4040 4562 4775 5134 4729 4728 4487 4678 4973 4430 4678 4170 4852 4268 4393 4881 4514 4629 4276 4571 4914 4359 5078 4589 4053 4831 4251 4908 4174 5191 4129 5034 4304 4817 4669 4570 4632 4384 3851 4789 4773 4861 4266 4542 5111 4589 5037 4684 4507 4274 4498 4695 4942 4775 4349 4126 4438 4821 4399 4423 4514 4286 4459 4616 4636 4846 4802 4559 4464 4423 4726 4781 4309 4346 4905 4395 4258 4450 4595 4453 4603 4457 4456 4661 4499 4346 4655 4684 4278 4448 4427 4349 4313 4713 4376 4677 4528 4712 4265 4531 4662 4466 4737 4104 4347 4005 4500 4701 4200 4685 4586 4702 4367 4512 4609 4557 4641 4806 4527 4698 4469 4571 4457 4660 
4432 4013 4445 4311 4390 4346 4298 4156 4273 4497 3768 4487 3831 4362 4146 4359 4351 4361 4497 4481 4144 4243 4147 4568 4265 4103 4399 4267 4185 3946 4265 3796 3969 4214 4722 3890 3704 4245 4095 3995 4425 3998 4073 4123 4601 4033 4087 4236 4173 4006 4043 4426 4407 4379 4335 4377 4227 4356 4420 4368 4192 4012 4103 4329 4077 4306 4222 4166 4016 4431 4253 4398 4497 4210 4074 4251 3781 4300 4201 4635 4410 4386 4025 4548 4579 4191 4448 3961 4542 4090 4203 4281 4333 4218 3866 4363 4376 4025 4795 4174 3875 4417 4165 4238 3896 4763 4042 4453 3997 4286 3959 4233 4161 4154 3850 4157 4515 4196 3675 4055 4571 4359 4613 4209 4341 4252 3999 4299 4404 4524 3914 3953 4452 4561 4259 4167 4091 4385 4270 4318 4196 4451 4254 4202 4169 3897 4423 4387 4283 4040 4541 4126 3749 4314 4290 4407 4489 3920 4156 4165 4183 4075 4147 4204 3883 4165 4045 4095 3877 4277 4275 4364 4225 4501 3950 4270 4097 3972 4362 4188 4018 3733 4174 4340 3824 4302 4245 4592 3943 4197 4212 4030 4386 4647 4163 4098 4126 4425 4251 4482 
4020 3945 4266 4271 4004 4146 4055 4251 4439 4584 3966 4236 3772 4491 4085 4363 4235 4411 4329 4148 4051 4096 3837 4391 4067 4000 4392 4173 4205 4025 3952 3820 3929 3920 4350 4189 3762 4049 4304 3834 4275 4059 3861 4041 4411 4069 4056 4146 4173 4017 3953 4292 4126 4256 4185 4038 3964 4141 4190 4207 3830 3676 4102 4432 4007 4080 4238 4095 4023 4194 4341 4234 4240 3972 4045 4283 3552 4098 4134 4486 4319 4291 4112 4543 4485 4174 4142 3767 4491 3786 4058 4242 4197 4110 4054 4249 4237 4167 4583 4189 3772 4432 4308 4325 3843 4578 3743 4511 3910 4217 4168 4194 4137 4089 3548 4153 4279 4268 3672 4063 4589 4121 4710 4101 4119 3871 3792 4270 4400 4172 3850 3761 4132 4318 4086 3844 4205 4111 4166 4232 4089 4160 4208 4197 4005 4099 4562 4204 4098 3820 4312 3904 3796 4171 4179 4350 4215 4021 4200 4214 4045 3994 4181 4171 3978 3927 3818 3990 3720 4163 4120 4253 3992 4405 3957 4070 4276 3943 4278 3986 3881 3677 3990 4304 3865 3996 3843 4521 3826 4061 4185 4093 4159 4000 4143 3955 4151 4255 4020 4329 
4302 3934 4431 4133 4195 3888 4151 3979 4184 4602 3878 4538 4026 4272 4227 4200 4290 4342 4578 4194 4093 4314 3838 4321 4175 4026 4357 4417 4158 3961 4287 3758 4258 4070 4279 4031 3735 4126 4021 3885 4253 4104 3911 4077 4340 4149 4035 4271 4533 3881 3930 4251 4363 4064 4445 4334 4102 4346 4532 4323 4319 4153 4317 4458 4007 4148 4309 4095 4218 4190 4044 4483 4278 4081 4130 4036 3639 4283 4277 4580 4341 4263 3972 4395 4542 3860 4152 3930 4306 4193 4140 4115 4166 4367 3601 4117 4352 4157 4551 4206 3790 4227 3949 4085 3890 4673 3768 4491 3778 4037 4066 4168 4085 4069 3671 4184 4183 4313 4036 4253 4541 4216 4543 4383 4416 4073 4270 4253 4501 4197 3918 3921 4325 4247 4028 4030 4116 4030 4047 4115 4078 4292 4393 4142 4109 3830 4283 4500 3846 3667 4423 3858 3815 4255 4438 4236 4303 4018 4133 4063 4069 3990 4176 4143 3663 3986 3992 4311 3830 4300 4175 4146 4183 4462 3741 4200 4203 4093 4430 3984 4203 3672 4135 4382 4043 4158 4159 4528 3634 4186 4177 3818 4052 4512 4184 4086 3964 4437 4142 4566 
4340 3818 4416 4153 3951 3618 4011 4063 4050 4304 3874 4265 3832 4047 4141 4182 3842 4218 4270 4415 4081 4323 3801 4356 4260 3774 4064 4066 4159 3870 4146 3825 4131 3790 4043 3975 3702 3911 4035 4029 4250 3826 3950 4010 4271 3897 3977 4209 4181 3790 3893 4211 4156 4161 4415 3903 4181 4052 4289 4040 4013 3838 4042 4047 3769 4017 4302 4051 3976 3988 3868 4436 4158 3792 4007 4151 3497 4128 4235 4306 4094 4214 3737 4582 4505 3667 3994 3811 4148 3827 3937 4150 4085 4037 3951 4140 4387 3938 4322 3984 3705 4224 4002 4094 3754 4733 3738 4347 3856 4172 3903 4007 3971 3989 3595 4070 4162 4259 3693 4007 4245 3951 4553 4117 4168 3968 4225 4194 4025 4048 3989 3696 4323 4208 4167 3877 4173 4032 4011 3910 3996 4096 4223 3855 3970 3807 4151 4289 3862 3405 4358 4061 3593 4041 4147 4174 3922 3655 4080 4049 4192 3971 4170 4082 3899 4144 3791 4416 3645 4042 3847 4067 4046 4217 3762 3774 4107 3962 4238 3682 4011 3619 3991 4541 3897 3838 4042 4051 3467 4045 3849 3772 3862 4096 3981 3847 4216 3938 3855 4427 
4463 4037 4367 4204 4048 3894 3908 3952 4145 4528 3707 4563 3930 4352 4223 4194 4105 4488 4449 4504 4058 4389 3829 4359 4164 4165 4362 4094 4365 3884 3977 4291 3738 4065 4316 3911 3489 4116 4102 3939 4303 3913 3933 4082 4531 4115 3749 4034 4485 4035 3901 4258 4087 4334 4332 3969 4391 4337 4430 3934 3976 3993 4130 4382 4014 4032 4112 4180 3866 4292 3870 4173 4258 4128 4258 3979 3739 4138 4223 4500 4213 4400 4094 4456 4394 3905 4225 3887 4282 3900 4143 4271 4296 4032 3965 4183 4411 4122 4434 4079 3749 4427 4106 4338 3901 4466 3738 4392 3941 4395 4000 4104 4078 3973 3596 4185 4383 4252 3823 4139 4506 4291 4524 4328 4431 3939 4407 4212 4193 4405 4067 3979 4180 4434 3939 4201 4029 3989 4095 4304 3864 4304 4130 4397 4147 3828 4101 4229 4198 4011 4622 3996 3692 4138 4392 4100 3960 3920 4272 4473 4251 4258 4118 4349 3807 4000 3820 4152 3600 4149 3802 4308 4167 4271 4140 3979 3969 3909 4547 3835 3971 3815 4072 4223 3955 4123 4166 4327 3806 3949 3975 4236 4051 4305 4072 4164 4026 4223 4009 4526 
4336 3901 4739 4273 4050 3935 4060 4221 4134 4692 3970 4819 3760 4347 4336 4348 4200 4659 4579 4535 4113 4292 4083 4330 4334 4067 4358 4166 4213 4049 4384 4014 4125 4113 4188 4062 3806 4094 4304 3929 4304 3780 3856 4034 4521 4249 4043 4245 4508 4224 3909 4165 4326 4459 4577 4041 4386 4598 4647 4210 4156 3994 4158 4723 4027 4331 4093 4387 4232 4343 4095 4218 4483 4063 4295 4141 3716 3929 4271 4390 4212 4127 3872 4392 4758 3816 4115 4048 4389 3956 4076 4414 4369 4209 4166 4260 4426 4418 4832 4308 3786 4468 4149 4268 3773 4300 3799 4338 4012 4362 4016 4033 4104 4237 3630 4115 4494 4298 3896 4129 4649 4217 4440 4442 4357 3970 4136 4268 4316 4258 4081 3817 4291 4199 3884 4246 3995 4025 4261 4169 4249 4255 4332 4108 4161 3963 4301 4407 4205 3789 4548 4008 4055 4154 4385 4356 4052 3991 4349 4173 4045 4121 4276 4164 3806 4075 3958 4210 3837 4293 3941 4036 4232 4399 4048 4143 4310 4193 4362 3802 4253 3710 4359 4389 4004 4204 4075 4344 3517 4165 4189 3995 4235 4598 4123 3920 3854 4496 4130 4454 
4339 3669 4227 4037 3909 3917 3927 3824 3997 4349 3596 4100 3538 4170 4048 4061 3893 4099 4112 4265 4022 4220 3740 4246 3953 3736 4041 3986 4057 3766 3910 3750 4062 3791 4099 3920 3427 3955 3936 3864 4201 3522 3628 4200 4235 3997 3975 3959 4317 4006 3707 4002 4218 3984 4146 3899 4160 4224 4347 4252 3989 3831 4088 4406 3946 3842 3895 3924 3816 4084 3749 4201 4204 3842 3950 3831 3476 3794 3972 4138 4121 3857 3704 3956 4423 3687 4016 3652 4095 3957 3903 4240 4118 4096 3788 4005 4224 4017 4478 3906 3755 4196 3930 4009 3889 4233 3696 4127 3629 3991 3799 4023 3860 4027 3617 3995 4046 3887 3860 3824 4345 4125 4337 4137 4140 3812 3946 4057 4185 4158 3769 3391 3956 4090 4043 4008 3909 3911 3894 3836 4020 4073 4080 4064 3984 3709 3994 4027 3941 3658 4271 3696 3606 4085 3968 4041 3947 3937 3900 4130 3828 4012 3869 4096 3495 4015 3853 3780 3458 4138 4002 4002 3889 4120 3807 3899 3937 3854 4027 3886 3771 3603 3926 4089 3710 4058 3868 4239 3436 3848 3831 3771 3952 4225 3862 3865 3802 4121 3864 4071 
4380 3772 4266 4047 4011 3735 3944 4113 3890 4241 3785 4525 3778 4004 3971 4199 4089 4076 4394 4176 3904 4034 3676 4047 3889 3965 4008 4005 4163 3932 4100 3883 3878 3821 3972 3792 3532 3925 3938 3645 4035 3789 3772 4102 4231 4096 3937 4038 4007 3687 3672 4182 4137 4322 4143 4093 4151 4148 4328 4010 3832 3579 3937 4168 3829 3803 3999 3937 3748 4151 3704 4071 4168 3956 3848 3953 3720 4181 4222 4283 4178 4012 3856 4341 4225 3956 4062 3864 4347 3768 3774 4011 4197 4118 3898 3906 4173 4052 4161 4043 3508 4211 3901 4154 3860 4453 3906 4164 3850 4064 3910 3921 4115 4031 3655 4104 4114 4038 3711 3902 4271 4172 4490 4089 4000 3767 3864 3919 4150 3981 3955 3477 4182 4243 3707 3838 3574 3932 4122 3912 3832 4012 4175 4018 3916 3908 4312 4078 3941 3680 4291 3956 3455 3948 4230 3968 4074 3688 4068 4024 3925 3790 3784 4138 3580 3947 3859 3987 3538 3995 3773 3954 4026 4235 3900 4014 4033 3923 3918 3837 3911 3670 3952 4186 3677 4094 3942 4088 3581 3987 3944 3856 4110 4183 4104 3920 3899 4183 3905 4299 
4453 3511 4212 3928 3750 3853 4061 3793 3961 4217 3764 4503 3494 4034 3974 4081 3954 4064 4250 4325 3892 4092 3756 4052 3881 3743 4031 3876 3889 3949 3913 3836 3802 3734 4183 3936 3601 3893 3843 3899 4054 3529 3744 4006 4181 3890 3749 3963 3966 3689 3734 4134 4025 4316 4217 4096 4034 4117 4240 4027 4086 3815 3956 4258 3734 3821 3763 3964 3811 3992 3773 4103 4028 3743 3882 3956 3574 4087 4136 4255 4144 4291 3767 4101 4283 3763 3827 3808 4008 3792 3691 3901 3909 4136 3764 4014 4102 3983 4060 4092 3735 4058 3956 4140 3629 4308 3635 4404 3642 4033 3586 4010 3805 4078 3503 3964 4038 4052 3678 3610 4112 3827 4134 4132 4269 3761 3945 3934 4204 3768 4056 3696 4059 4033 3976 3958 3877 3978 4147 3985 3773 4292 4134 3760 3790 3821 3959 3822 3905 3814 4275 4002 3771 4021 4235 4014 4164 3650 3942 4119 3956 3884 4019 3943 3418 3841 3910 4092 3375 3707 3684 3840 3869 3849 3956 3790 4102 3746 4271 3681 3735 3439 4085 3956 3831 4208 3982 3979 3581 3982 4003 3702 3962 4131 3963 4006 3745 4278 3808 4288 
4496 3764 4146 4029 3846 3686 4064 3980 4098 4363 3753 4334 3635 4230 3942 4169 3723 4013 4249 4339 3834 4202 3788 4022 3926 3907 4249 3711 4120 3659 4036 3741 3644 3867 3948 3643 3285 4083 3835 3846 3991 3713 3903 3791 4115 3928 3860 3906 4199 3753 3761 4019 4004 4017 4141 4010 3957 4095 4317 3737 3711 3856 4023 4387 3816 3788 3950 3813 4036 4078 4045 3947 4245 3830 3866 3829 3583 4048 3971 4311 4118 4162 3821 4088 4178 3856 3978 3707 4092 3643 3907 4168 3895 3843 3497 4155 4174 3756 4173 4174 3590 4169 3943 4186 3646 4437 3668 4187 3756 4047 3956 3754 3759 3721 3572 4095 3906 4034 3748 3765 4573 4093 4375 3998 3926 3735 3775 3934 4057 4037 3721 3663 3971 4170 3701 3824 3910 3796 3743 3882 4008 4018 4163 4012 3568 3605 3989 4026 3894 3553 4242 3768 3311 3613 4025 4099 3980 3675 3911 4019 3800 3778 4073 3830 3878 4038 3918 3875 3727 4187 3715 3999 4018 4065 3887 3643 3701 3759 4312 3429 3982 3319 3976 4215 3704 3934 3897 4054 3515 4008 3694 3762 4012 4284 3765 3838 3843 3976 3891 4271 
4403 3907 4360 4285 3915 3731 4222 3966 4012 4367 3629 4377 3873 4204 4131 4286 4035 4115 4234 4162 3857 4059 3728 4219 4113 3819 4143 4150 4368 3917 4094 3877 3881 3828 4113 4058 3649 3924 4136 3804 4170 3563 3715 3887 4063 4215 3907 4007 4230 3991 3715 3868 4329 4232 4227 3999 3995 4050 4386 4104 3881 3671 3977 4557 3856 4027 4256 4206 3956 4097 3913 4320 3960 4023 4186 4049 3782 4068 4086 4094 4181 4256 3774 4362 4545 3873 4098 3840 4172 3968 3914 3996 4077 4179 4122 4201 4146 3921 4407 4068 3926 4045 4159 4037 3525 4600 3818 4235 3873 3977 4088 4077 4015 3965 3491 4211 4082 4164 3840 4176 4723 4288 4298 4179 4325 4055 3814 4063 4180 4263 3805 3682 3910 4278 3790 3969 4035 3947 4181 4258 3858 3978 4077 4175 3956 3780 4228 4128 4017 3401 4271 3958 3660 3958 4144 4262 4186 3821 3997 4186 3954 3944 4193 4045 3752 3936 4010 3963 3438 4142 3856 4125 4030 4137 3783 3869 4066 3893 4215 4019 3842 3846 4115 4269 3891 4078 3801 4295 3862 4176 4069 3972 3942 4176 3918 3833 3978 4200 4148 3972 
4261 3712 4093 3769 3735 3630 3945 3868 3669 4225 3602 4302 3673 4059 3741 4150 3896 3983 3968 3907 3721 4200 3675 4070 3797 3628 3847 3841 3795 3591 3763 3508 3835 3654 4010 3685 3307 3905 3564 3780 3821 3480 3703 3983 4070 3782 3795 3920 3956 3662 3445 3975 4028 4070 4101 3965 3792 3782 4157 3821 3847 3633 3967 4197 3740 3985 3774 3679 3746 3946 3739 4054 3899 3746 3835 3806 3409 3745 4111 4084 4016 3844 3578 4017 4076 3789 3949 3657 3837 3837 3849 3774 3938 4061 3665 3899 4110 3511 4172 3803 3514 3796 3771 4098 3610 4291 3683 4022 3556 3758 3826 3880 3715 3665 3419 3904 3829 3950 3512 3973 4323 3843 4179 3972 3756 3657 3750 3959 4205 3895 3609 3511 3944 4115 3726 3681 3849 3617 3752 3883 3901 3838 4335 3686 3781 3550 4133 3867 3670 3485 4102 3512 3424 3974 3953 4002 4063 3750 3794 3850 3665 3746 3838 3978 3517 3705 3794 3956 3487 3969 3668 3847 3859 4043 3882 3849 3786 3567 3958 3819 3858 3601 3989 4048 3827 3799 3922 4142 3400 3701 3658 3871 3937 3994 3705 3904 3711 3915 3945 4139 
4303 4189 4562 4287 4319 4105 4148 4288 4358 4528 4231 4609 4071 4568 4223 4559 4261 4418 4433 4416 4009 4522 3960 4468 4376 4088 4488 4211 4289 3802 4160 4065 4154 4162 4407 4166 3702 4278 4236 4005 4301 4186 4199 4384 4564 4114 4129 4469 4464 3867 3926 4466 4372 4465 4495 4119 4414 4536 4524 4113 4159 4197 4368 4765 4193 4157 4224 3989 3930 4432 4264 4264 4245 4137 4154 4312 3763 4084 4385 4747 4579 4299 3938 4404 4536 4360 4245 4045 4614 4015 4217 4304 4346 4363 3836 4242 4540 4351 4465 4119 3872 4498 4318 4640 3904 4781 3735 4573 4090 4208 4086 4247 4291 4042 3792 4456 4240 4341 3906 4001 4654 4246 4904 4580 4261 3841 4101 4380 4488 4319 4096 3900 4236 4493 4094 4085 4100 3970 4120 4016 4058 4365 4491 4122 4215 3821 4549 4436 4060 3877 4637 3720 3865 4352 4457 4437 4320 4086 4305 4304 4188 4018 4386 4434 4086 3920 3965 4328 3822 4219 4044 4370 4207 4509 4177 4292 4300 4243 4574 4042 4303 3690 4090 4407 3974 4179 4413 4504 3809 3942 4025 4232 4235 4448 4238 4169 4231 4470 4213 4672 
4606 4154 4546 4597 4281 4292 4434 4543 4583 4871 3919 4789 4003 4651 4482 4572 4514 4615 4726 4798 4211 4477 4251 4506 4395 4262 4890 4466 4438 4315 4289 4143 4089 4180 4568 4442 3958 4321 4450 4353 4589 3991 4255 4569 4879 4245 4391 4378 4586 4078 4188 4387 4734 4726 4788 4542 4795 4805 4626 4521 4247 4158 4777 4434 4390 4212 4376 4139 4425 4640 4467 4725 4726 4653 4201 4563 3964 4482 4336 4602 4805 4606 4230 4886 4915 4326 4555 4243 4747 4112 4419 4638 4528 4553 4385 4237 4543 4392 4941 4571 4064 4602 4230 4693 3965 4836 3757 4773 4295 4456 4133 4560 4160 4260 3885 4800 4446 4632 4228 4431 4869 4403 5207 4379 4591 4285 4271 4380 4549 4601 4107 3981 4454 4543 4076 4270 4320 4349 4276 4452 4586 4659 4556 4384 4357 4143 4763 4464 4324 4153 4846 4153 4198 4539 4463 4399 4349 4029 4556 4518 4212 4247 4428 4537 4041 4315 4334 4447 3845 4433 4332 4676 4432 4770 4103 4147 4532 4333 4641 4312 4203 3721 4245 4545 4128 4401 4300 4701 4237 4673 4372 4398 4615 4411 4488 4295 4393 4593 4436 4871 
4172 3680 4114 4050 3848 3886 4166 4039 3953 4518 3613 4652 3678 4013 4282 4114 4047 4172 4196 4376 4067 4122 3771 4177 3858 3944 4172 3932 4050 3899 3951 3620 3770 3603 4001 3731 3701 3872 3863 3640 3898 3776 3663 4010 3996 3988 3989 3934 4075 3695 3837 4175 3916 4197 4157 4167 3941 4276 4178 4031 3942 3919 3819 4128 4078 3943 3903 4047 4125 4388 3895 3833 3950 3909 3885 3987 3498 3973 4033 4396 4112 4240 4028 4277 4349 4008 4203 3927 4194 3962 3823 4024 3937 4015 3859 4033 3989 3860 4312 4049 3692 4145 3970 4035 3767 4518 3723 4316 3962 4026 3694 3888 3695 4088 3495 4105 4148 3931 3715 4031 4368 4029 4206 4039 4194 4056 3900 3905 4081 3797 3667 3629 4073 4390 3949 3717 3903 3848 3960 4064 3958 4204 3983 3938 4011 3740 4051 4021 3921 3575 4340 3946 3575 3796 4125 3939 3877 3674 3827 4214 3932 4020 4010 3989 3801 3990 3677 4036 3358 4283 3933 3769 3877 4176 3872 3745 3907 3815 4197 3914 3771 3554 4243 4222 3776 3927 4044 4135 3805 4002 4152 3894 3736 3999 3929 3754 3839 4032 3801 4277 
4016 3556 4187 3726 3694 3553 3978 3817 3798 3962 3490 4122 3525 4166 3948 4118 3744 3998 4063 4226 3656 4075 3750 4106 3992 3664 3863 3651 3881 3728 3594 3523 3802 3538 4066 3708 3493 3843 3774 3702 4308 3470 3770 3901 3861 3717 3643 3895 3933 3501 3606 4031 3944 3823 4098 3579 3832 3831 3824 4094 3627 3724 3630 4048 3573 3860 3657 3772 3957 3864 3519 4007 4020 3916 3761 3754 3339 3880 3871 4316 4040 4198 3591 4083 4104 3651 3996 3610 4137 3615 3743 3954 4004 3965 3647 3910 4026 4006 4185 3932 3368 3976 3758 4008 3471 4303 3481 4226 3693 3746 3771 3798 3867 3960 3252 3905 3929 3649 3595 3625 4041 3846 4361 4027 4044 3836 3809 4172 4083 3818 3652 3454 4031 4019 3646 3738 3920 3599 3919 3683 3908 4109 4080 3711 3946 3633 3821 3874 3845 3506 4223 3631 3612 3837 4031 3872 4004 3713 3709 3742 3720 3670 3919 3968 3564 3818 3372 3969 3367 4097 3773 4092 3755 3933 3640 3581 3667 3615 3807 3839 3713 3373 4011 4096 3433 3875 3766 4064 3610 3940 3940 3857 3790 4118 3815 3434 3710 4079 3691 4033 
4636 3990 4692 4292 4365 4147 4165 4279 4620 5040 4051 4717 4021 4340 4474 4470 4336 4503 4846 4574 4389 4441 4401 4646 4631 4396 4505 4577 4577 4379 4363 3957 4183 4191 4479 4317 3822 4216 4392 4211 4569 4037 3987 4336 4822 4162 4248 4469 4723 4183 4137 4392 4693 4841 4619 4532 4220 4687 4552 4411 4416 4323 4468 4762 4285 4393 4431 4444 4099 4459 4507 4585 4424 4282 4327 4513 3892 4518 4369 4807 4481 4398 4293 4593 4826 4047 4546 4164 4724 4318 4067 4528 4616 4368 4212 4321 4334 4404 4766 4408 4087 4576 4265 4455 4321 4668 3925 4695 4088 4577 4346 4266 4191 4288 3818 4464 4453 4597 4124 4351 4796 4290 4990 4565 4660 4090 4323 4390 4655 4460 4177 4099 4347 4632 4329 4287 4256 4429 4378 4507 4250 4534 4474 4211 4353 4240 4562 4648 4249 4020 4630 4198 4203 4388 4566 4491 4520 4018 4387 4528 4338 4314 4380 4316 4082 4346 4038 4519 3663 4300 4127 4548 4447 4556 4194 4200 4342 4388 4734 4345 4220 3824 4431 4580 4263 4502 4375 4477 3875 4374 4306 4268 4317 4539 4344 4227 4234 4658 4457 4778 
4480 3951 4315 4002 4233 4106 4138 4194 4404 4370 3900 4718 3943 4463 4291 4432 4482 4376 4362 4566 4167 4295 3807 4314 4095 3926 4525 4216 4191 4182 4119 3949 4080 3989 4460 4051 3889 4116 4310 4353 4241 3874 3929 4180 4390 4156 4006 4312 4462 3989 3909 4327 4332 4690 4258 4275 4293 4354 4403 4282 4065 4155 4302 4653 4075 4065 4264 4137 3942 4373 4124 4425 4141 3862 4158 4205 3787 4335 4108 4697 4630 4041 4004 4394 4491 4089 4373 4083 4566 4055 4134 4403 4232 4198 4235 4119 4665 3974 4710 4275 3966 4498 4257 4504 3918 4599 3931 4666 4009 4405 4003 4222 4171 4035 3655 4197 4421 4405 3851 4127 4421 4148 4713 4123 4293 4033 4007 4281 4238 4480 4119 3928 4336 4632 4250 3997 4156 4097 4243 4149 4201 4324 4239 4300 4087 4139 4438 4281 4283 3781 4539 3834 3930 4266 4359 4265 4455 3819 4479 4249 4115 3938 4120 4256 3734 4197 4064 4192 3884 4180 4064 4361 4054 4401 3970 4123 4113 4059 4301 3870 4038 3778 4071 4459 4076 4191 4015 4531 3854 4223 4194 4197 4227 4346 4032 4166 4132 4460 4050 4503 
4325 3733 4231 3871 4035 3805 3862 3819 3990 4302 3844 4288 3548 3954 3874 4128 4025 4207 4083 4354 3970 4204 3718 4212 4105 3909 4231 4186 4181 3919 3876 3603 3709 3714 4068 3811 3654 4004 4075 3934 4293 3631 3787 3666 4188 4037 3837 4083 4131 3814 3971 4110 4041 4125 4219 4294 4179 4058 4328 4087 3934 3805 3988 4337 3925 4053 3990 4078 3807 4298 4081 4199 4062 3972 4024 4019 3573 4045 4476 4281 4056 4263 3793 4347 4371 3920 4211 3898 4182 3889 3899 3967 4172 4034 3947 4039 4207 4160 4331 3955 3596 4206 4120 4074 3619 4419 3381 4465 3817 4150 3716 4089 3873 3969 3493 4173 4139 4118 3848 4066 4426 4055 4470 4147 3956 3717 4122 4243 4254 4126 3922 3604 4212 4235 4155 3980 3810 3899 3923 3985 3879 4310 4244 4018 3898 3744 4210 4235 4094 3781 4458 3832 3705 4108 4156 4105 4077 3828 3997 4092 4025 4082 4225 4064 3718 3892 3861 3835 3257 4006 3946 4062 3940 4151 3965 3751 3898 3778 4262 3688 3741 3599 4029 4196 3906 4149 3789 4239 3633 4077 4030 3760 3769 4331 4048 3907 3918 4277 4205 4275 
4212 3762 4133 4019 3610 3631 3927 3796 3757 4204 3478 4362 3809 4171 4006 3980 3759 4155 4158 4399 3651 4042 3946 4200 3788 3837 4081 4061 4045 3731 3959 3673 3610 3988 3960 3797 3645 3892 3900 3887 3819 3619 3953 3839 4289 4204 3759 3985 4100 3839 3613 4071 4009 4351 4058 3976 4166 4183 4279 3714 3675 3820 4067 4328 3754 3851 3991 4143 4039 4026 3694 4109 4016 3778 3992 3769 3440 3984 3973 4163 4109 3959 3740 4200 4353 3524 4093 3932 4071 3801 3736 4122 3894 3915 3833 3869 4274 3757 4372 4113 3573 4052 4024 3994 3576 4300 3449 4110 3672 4110 3685 3819 3721 3708 3363 4135 4125 4151 3518 4133 4204 3872 4246 3958 4161 3833 4066 3821 3870 4006 3694 3577 3887 3999 3749 3841 4025 3584 3873 3984 3979 3986 4070 3894 3699 3618 4098 4087 3768 3552 4260 3512 3875 3815 4037 3987 3873 3855 3945 3866 3796 3767 3953 4044 3693 3714 3583 3957 3455 3982 3528 3875 3600 4142 3696 3757 3979 3869 3983 3506 3806 3347 3728 4085 3859 3949 3794 4256 3596 3981 3844 3996 3730 3996 3919 3835 3619 4261 3968 4155 
4282 3705 4525 4118 3905 3711 4159 4155 4147 4354 3990 4646 3721 4268 4044 4249 4164 4247 4252 4309 4002 4356 3691 4317 4020 3911 4181 4013 4020 3870 4370 3757 3785 3701 4409 3986 3711 4221 3994 3643 4319 3846 3925 4063 4189 4032 3960 3964 4206 3794 3773 4237 4117 4380 4402 4201 4119 4260 4361 3956 3961 4011 3904 4477 3811 3942 3910 4179 3913 4396 4208 4025 4326 3969 4032 4067 3445 3936 4075 4502 4139 4265 3812 4477 4458 4029 4206 3929 4331 3795 4034 4163 4278 4028 3798 4228 4085 4000 4543 4115 3795 4567 4003 4282 3757 4345 3484 4211 4046 4098 4022 3941 4108 4147 3644 4102 4152 4060 3609 3944 4420 4029 4431 4258 4150 3745 3961 4255 4140 4111 3835 3655 4160 4093 3808 3896 3997 3809 3973 4070 4087 4359 4181 4005 4025 3752 4117 4066 4091 3660 4134 4020 3991 4245 3984 4228 4221 3922 4346 4214 4093 4164 3971 3987 3879 4172 3807 3972 3434 4249 4163 4118 4088 4094 4014 3974 4054 4154 4312 3975 3893 3671 4153 4399 3847 4165 4059 4350 3672 3880 3924 3904 4142 4376 4086 4022 4063 4153 4156 4242 
4275 3795 4427 4258 4164 3975 4087 4075 4131 4562 3657 4606 3836 4409 4370 4436 4059 4435 4319 4517 3884 4438 3906 4395 4297 4094 4525 3953 4143 3870 4031 3935 3833 4004 4263 4004 3542 3952 4005 3961 4424 3906 3977 4011 4213 4113 4061 4213 4305 4017 3745 4563 4285 4292 4432 4074 4306 4141 4362 3985 3973 3791 4140 4371 3893 4150 3997 4279 4222 4321 3820 4088 4250 4029 4240 4216 3625 4280 4241 4477 4395 4412 3898 4668 4469 4030 4101 3927 4264 3734 4242 4498 4304 4322 3850 4226 4176 3998 4353 4273 3906 4231 3807 4300 4071 4591 4101 4464 3977 4067 3896 4071 4075 4115 3538 4379 4343 4246 3876 3968 4694 4107 4608 4468 4422 3902 3931 4295 4365 4155 3817 3843 4177 4293 4078 4058 4077 4147 4133 4100 4207 4274 4136 4120 4213 3945 4424 4316 3969 3880 4460 4102 3812 3974 4264 4182 4271 3953 4129 4161 4096 4173 4392 4304 3900 4178 3829 4129 3621 4325 3863 4008 4147 4150 3871 4140 4080 3818 4096 4149 3864 3588 4114 4395 3817 4170 4244 4548 3776 3949 4142 4144 3936 4215 4127 4094 4168 4384 3946 4378 
4469 3869 4443 4133 4229 3917 4259 4009 4123 4364 3699 4585 4036 4386 4187 4418 4114 4465 4249 4290 4020 4304 3837 4304 4026 3981 4102 4213 4326 3853 4262 4072 4069 3978 4374 3993 3661 4087 4372 3893 4399 3912 3940 3975 4273 4038 3972 4138 4402 4015 3863 4333 4321 4414 4597 4168 4197 4330 4393 4324 4175 3904 4145 4294 4047 4014 4118 4159 4192 4255 3996 4203 4409 4298 4222 4208 3779 4130 4364 4426 4269 4442 3979 4304 4499 4067 4252 3925 4378 4210 4110 4258 4185 4142 3772 4271 4332 4064 4572 4116 3711 4490 4091 4250 3965 4613 3829 4495 3995 4402 4333 4138 4100 4160 3794 4269 4207 4232 3823 4135 4669 4255 4624 4161 4316 4023 4040 4133 4238 4342 4001 3902 4462 4392 3922 4221 4184 3850 4273 4049 4212 4342 4360 4166 4151 3974 4390 4112 4133 3922 4466 4092 3716 4215 4041 4052 4307 3937 4066 4201 4139 3983 4282 4212 3916 4162 4001 3980 3800 4275 4034 4252 4192 4498 4169 4018 4229 4200 4495 4175 3915 3687 4176 4402 4151 4117 3880 4444 3718 4273 4137 4005 4191 4423 4163 3932 3874 4321 4231 4337 
4169 3742 3999 3698 3941 3909 3965 3937 3994 4301 3605 4412 3811 4186 3806 4044 4239 4056 4398 4241 3935 4154 3826 4157 3832 3960 4245 4127 3721 3507 3958 3700 3879 3870 4194 3733 3437 4127 3882 3867 3996 3698 3785 3963 4202 3998 3923 3983 3825 4035 3676 3993 4066 4478 4253 4130 4039 3943 4260 3900 3771 3882 4015 4300 3733 3851 3787 3998 3987 4019 4054 4012 3909 3590 4049 4040 3552 3939 3887 4663 4212 4051 3774 4046 4247 3830 3956 3502 4270 3895 3893 3961 3993 3914 3954 3958 4098 3997 4363 4042 3371 4263 3813 4058 3620 4516 3737 4313 3902 4028 3839 3700 3727 3869 3665 4035 4214 3772 3729 3901 4184 3932 4359 4121 4016 3533 3892 3921 4377 4132 3797 3508 4030 4244 3986 3802 3710 3807 3946 4052 3897 4371 3912 3857 3928 3777 4230 4152 4034 3595 4201 3589 3904 4113 4230 3832 3923 3846 4074 4260 4047 3855 4172 4058 3653 3966 3973 4129 3610 3971 3788 3827 3875 4150 3559 3854 3934 3791 3825 3831 3820 3482 3755 4208 3851 4097 4044 4072 3729 4038 3841 3714 4038 4180 4170 4062 3739 4279 4070 4238 
4592 3991 4374 4208 4198 4207 4227 3987 4098 4768 3998 4513 3606 4387 4193 4438 4355 4444 4518 4553 3986 4428 3796 4561 4209 4107 4303 4268 4382 4100 4372 3859 3966 3976 4338 4113 3649 4106 4128 4076 4601 3958 3955 4056 4561 4180 4040 4193 4316 3810 3878 4225 4149 4430 4434 4434 4262 4459 4378 4072 4238 4039 3984 4571 4151 4145 4177 4229 4216 4373 4207 4497 4300 4108 4242 4146 3783 4141 4232 4506 4324 4328 3928 4413 4466 4057 4492 3922 4601 4175 4030 4469 4346 4382 4060 4121 4193 4203 4642 4225 3925 4302 4252 4406 3989 4645 3857 4794 3884 4157 3985 3877 4084 4251 3583 4156 4331 4163 3966 4148 4603 4343 4659 4324 4225 4182 4092 4486 4395 4183 4007 3949 4247 4414 3996 4138 4192 3851 4317 4298 4229 4424 4452 4132 4145 3925 4402 4379 4174 3869 4698 4089 3928 4197 4337 4056 4481 4024 4364 4226 4205 4162 4318 4316 3966 4209 3790 4096 3508 4316 4170 4436 4233 4187 3854 4111 4147 4003 4357 4013 3892 3631 4432 4579 3910 4132 4059 4522 3692 4421 4411 4032 4038 4463 4142 4105 3941 4290 4338 4596 
4195 3860 4433 4082 3935 4078 4088 4070 4155 4433 3856 4556 3958 4468 4189 4428 4061 4381 4502 4391 3993 4213 3812 4478 4045 3923 4509 4413 4228 3915 4238 3811 3968 3813 4397 4099 3827 4189 4132 3920 4260 3787 3962 4143 4495 4022 4186 4280 4270 4024 3835 4309 4322 4317 4040 4145 4240 4541 4264 4182 3977 3929 4391 4379 3891 4246 4119 4140 3896 4265 4088 4411 4242 3873 4102 4088 3760 4329 4217 4568 4324 4355 3874 4608 4467 3783 4298 3816 4374 3986 4242 4182 4100 4134 4001 4209 4259 4204 4713 4090 3824 4077 4126 4293 3682 4408 3722 4585 3874 4093 3988 4221 4032 4084 3581 4365 4294 4340 3775 4214 4509 4025 4604 4193 4167 4080 4013 4050 4308 4343 4018 3897 4030 4381 4080 3874 4034 4041 4076 4139 4348 4408 4241 3932 4029 4011 4303 4307 4082 3594 4439 3798 3922 4032 4363 4345 4134 3864 4255 4087 4165 3929 4028 4026 3929 3977 3839 4198 3731 4256 3893 4492 4050 4434 3850 3916 4145 3901 4354 3901 3965 3621 4208 4181 3900 4247 3812 4454 3639 4139 4008 4228 4208 4522 4083 4070 4012 4232 4096 4472 
4420 3893 4681 4293 4134 3769 4119 4118 4127 4640 3962 4518 3992 4492 4352 4377 4282 4323 4595 4472 4142 4576 3946 4549 4415 4071 4310 4296 4524 4131 4297 3977 4062 3823 4215 4128 3758 3985 4080 4108 4493 4115 3914 4044 4381 4388 4000 4285 4337 3856 3719 4236 4117 4341 4371 4295 4226 4360 4483 4404 4118 3916 4140 4720 4026 4162 4138 4069 4201 4245 4314 4380 4278 4129 4217 4350 3699 4086 4287 4666 4246 4293 4068 4639 4489 4108 4018 3840 4274 4075 4083 4230 4271 4146 4254 4162 4335 4241 4492 4327 3796 4342 4402 4398 3880 4759 3853 4461 4171 4488 4302 4121 4153 4150 3774 4214 4353 4013 3965 4110 4730 4220 4712 4219 4112 4072 4226 4200 4389 4119 3991 3821 4321 4311 4156 3867 4242 3977 4377 4134 3909 4143 4318 4102 4305 3902 4287 4458 4193 3810 4499 4116 3965 4299 4422 4391 4273 4133 4343 4442 4131 4157 4303 4281 3967 4112 4028 4363 3748 4194 4126 4199 4133 4305 4149 4050 4101 4018 4139 4061 3992 3723 4282 4375 4180 4113 3998 4464 3636 4383 4084 3783 4005 4263 4179 4077 3921 4293 4192 4451 
4838 4256 4737 4507 4424 4138 4372 4285 4554 4932 4162 4758 4243 4646 4515 4813 4360 4476 4518 4649 4205 4725 4240 4617 4614 4196 4534 4211 4549 4152 4454 4268 4428 4463 4457 4436 3879 4280 4561 4165 4374 3890 4298 4413 4856 4369 4038 4617 4567 4034 4234 4594 4616 4806 4539 4466 4314 4466 4465 4506 4191 4302 4139 4690 4211 4395 4579 4329 4270 4573 4322 4350 4267 4212 4542 4586 3897 4466 4537 4531 4687 4670 4425 4854 4698 4243 4500 4141 4687 4102 4204 4665 4285 4547 4384 4633 4558 4115 4775 4475 4237 4679 4564 4539 4104 4907 3952 4645 4186 4527 4246 4218 4432 4314 3680 4642 4341 4665 3943 4381 4661 4536 4999 4852 4700 4164 4415 4746 4623 4467 4209 4049 4445 4547 4279 4368 4298 4239 4401 4406 4353 4577 4701 4315 4482 4400 4636 4414 4307 4170 4761 4166 4310 4315 4329 4512 4419 4313 4587 4346 4480 4394 4328 4512 4182 4355 4232 4375 3796 4463 4211 4563 4521 4475 4240 4320 4809 4162 4606 4241 4157 3898 4284 4768 4198 4406 4478 4575 4087 4292 4444 4118 4357 4514 4531 4316 4294 4648 4466 4614 
4167 3877 4160 4126 3899 3666 3897 4045 4094 4276 3576 4288 3856 4389 4030 4263 3880 4170 4085 4326 3982 4156 3603 4340 4132 3794 4079 3915 3893 3871 4013 3881 3600 3714 4028 3911 3497 3968 4088 3804 4142 3629 4043 3963 4024 3797 3738 3929 3791 3719 4021 4002 4028 4069 4183 3902 4125 3966 4298 4185 3995 3830 4210 4446 3879 3914 3895 3938 3867 3942 4000 4159 4088 3716 4240 3961 3518 3954 4052 4184 4168 4339 4100 4208 4387 3614 4076 3625 4078 3871 3913 3878 4060 4017 3626 4090 4446 3849 4489 4094 3720 4193 4245 3964 3436 4398 3689 4334 3781 4178 3978 3933 3973 4012 3545 4036 4196 3996 3773 4141 4409 4096 4292 4372 4037 3629 3944 4289 4304 4068 3795 3639 4058 4154 3711 3991 3966 3819 3791 4128 4138 4105 4138 3864 4136 3741 3915 3655 3947 3485 4431 3887 3580 4157 4174 4255 3833 3664 4093 4088 4106 4129 3989 4245 3964 3925 4014 3944 3717 3978 3673 4089 3957 4031 3987 3765 4169 3876 4096 3619 3808 3688 3997 4528 3928 4029 3611 4177 3750 4039 3763 3930 3827 4265 3948 3979 4017 4163 3973 4163 
4467 4045 4208 4316 4038 4006 4102 4024 4166 4520 3897 4584 4109 4231 4260 4124 4125 4589 4276 4181 4259 4089 3582 4399 4203 4164 4383 4189 4387 4034 4186 3945 4034 3907 4225 4049 3788 4051 4188 3814 4339 3987 3998 4275 4380 4076 4017 4116 4431 3841 4077 4368 4255 4372 4500 4172 4251 4215 4685 4239 4127 4001 4115 4568 4020 4105 4147 4159 4049 4334 3938 4387 4027 3884 4211 4125 3740 4230 4321 4469 4496 4415 3965 4731 4494 4048 4600 3981 4243 4056 4097 4318 4431 4314 4069 4287 4364 4026 4536 4300 4087 4411 4184 4170 3890 4681 3910 4552 4042 4196 4198 4037 4042 4151 3799 4428 4339 4112 3783 4368 4484 4454 4578 4369 4305 4369 4130 4242 4400 4181 4312 3941 4088 4431 3923 4064 3917 4149 4000 4221 4085 4319 4167 4094 4120 3883 4190 4164 4158 3581 4673 4028 3806 4047 4441 4325 4011 3979 4093 4219 4279 4162 4197 4320 3897 4130 4066 4192 3936 4468 4025 4249 4082 4483 3907 3816 4040 3974 4255 4113 3932 3863 4245 4478 4010 4116 4149 4493 3819 4184 4176 4246 4366 4373 4247 4057 3935 4102 4145 4420 
4150 3552 4243 3936 3681 3729 3675 4053 3729 4150 3447 4200 3581 4055 3947 3954 3646 4138 3997 4080 3872 4119 3702 3835 3776 3782 4084 3830 3784 3517 3707 3294 3657 3598 3672 3819 3558 3792 3820 3610 3775 3725 3514 3810 4009 3592 3696 3799 3934 3554 3454 3843 3967 4042 4081 3688 3990 3874 3916 3640 3656 3694 3741 3971 3631 3715 3686 3762 3838 3662 4045 3839 3695 3643 3802 3651 3591 3980 3657 4109 4072 3972 3599 4022 3947 3716 3904 3745 3998 3442 3761 3745 4047 3668 3566 3973 3859 3729 4168 3961 3541 4074 3709 3826 3405 4187 3532 4091 3611 3919 3709 3677 3484 3658 3267 3844 3917 4060 3633 3693 4125 3833 4060 3929 3990 3740 3529 3701 3966 3962 3591 3339 3916 4068 3634 3745 3620 3790 3667 3817 3880 3839 4052 3678 3644 3631 4110 3793 3696 3550 3976 3640 3540 3765 3973 3722 4027 3489 3829 3852 3825 3577 4025 3784 3638 4080 3507 3735 3334 3796 3657 3709 3789 4046 3660 3752 3676 3646 3908 3653 3798 3212 4073 3936 3553 4015 3852 4020 3601 3489 3805 3834 4057 4085 3697 3836 3659 3888 3686 4105 
3999 3569 4008 3834 3891 3551 3647 3724 3969 4183 3607 4100 3413 4068 3764 3903 4059 4143 3952 4175 3867 4001 3560 4180 3810 3897 4047 3752 3969 3628 3724 3525 3556 3470 3991 3803 3070 3838 3948 3449 4099 3478 3820 3781 4105 3805 3601 3683 3775 3592 3522 3976 3825 3982 3984 3769 3870 3588 3983 3605 3718 3499 3597 4179 3728 3683 3832 3818 3845 4001 4007 3959 3934 3442 3773 3882 3465 4011 3831 4057 4119 3770 3446 4008 4139 3650 3918 3361 3711 3392 3799 3791 3986 3892 3602 3928 3964 3727 4157 3817 3622 4076 3811 3799 3563 3958 3657 4337 3584 3879 3691 3798 3755 3667 3320 3786 3950 4028 3577 3751 4042 4035 4198 3697 3966 3580 3792 4033 3973 4010 3688 3631 3835 4016 3551 3729 3785 3580 3764 3745 3774 3930 3851 3800 3963 3516 4087 3838 3762 3556 3997 3437 3466 3983 3833 3724 3946 3535 4062 4033 3628 3819 3919 4074 3674 3818 3524 3719 3212 3817 3624 3908 3842 3877 3664 3728 3755 3657 3939 3560 3712 3678 3802 4297 3624 3827 3806 4038 3460 3813 3659 3639 3754 3969 3787 3678 3555 3944 3658 3993 
4301 3665 4249 4077 3798 4104 4060 4145 3982 4140 3688 4259 3658 4332 4051 4316 3976 4375 4384 4269 4112 4180 3882 4000 3758 3850 4057 4149 4112 3736 4021 3812 3956 3813 4126 3844 3685 4048 4146 3831 4303 3767 4034 4044 4383 4046 3759 4122 4266 3757 3895 4352 4091 4413 4175 4019 4185 4229 4254 4185 3822 3963 4029 4373 3893 3876 3889 3889 3902 4276 3938 4294 4191 3672 4073 4147 3736 4183 4073 4451 4231 4128 3778 4160 4254 3755 4201 3905 4038 3696 3988 4018 4060 4121 3673 4166 4273 3948 4479 4002 3761 4344 3851 4149 3487 4624 3595 4292 3792 4201 3831 4150 3990 4070 3368 4297 4106 4337 3625 3923 4098 4108 4402 4303 4091 3950 3969 3970 4320 4256 3970 3693 4025 4123 3933 4063 4094 3860 4071 3736 4053 4209 4097 3948 3868 3872 4397 3977 3676 3597 4307 3868 3770 3935 4219 4054 3992 3991 4211 4045 4219 3731 3889 4305 3725 3782 3894 3940 3668 4255 3915 4154 4147 4184 3786 3878 4148 3923 4382 3996 4032 3483 3953 4082 3682 4067 3996 4117 3643 3911 4178 3892 4293 4182 4027 4128 3716 4149 3871 4100 
4163 3542 4233 3929 3925 3767 4017 4059 4114 4477 3675 4301 3530 4249 4052 4159 3916 4110 4227 4397 3974 4210 3876 4112 3951 4048 3834 3882 4184 3887 4079 3617 3737 3770 4036 3920 3615 3741 4052 3921 4010 3582 3692 3887 4331 4041 3657 3992 4197 3720 3565 4040 3957 4227 4259 4071 3960 3969 3963 4013 3870 3817 3828 4333 3848 3874 3877 3959 3730 4106 4104 3919 3949 3902 3781 3917 3535 3840 3969 4336 4156 4049 3826 4180 4298 3799 4085 3674 3906 3804 3753 4029 3929 4153 3794 4095 4048 3871 4394 3911 3540 4145 3933 4008 3727 4472 3598 4369 3929 4285 3793 4110 3813 3906 3586 4114 4030 3986 3729 3590 4250 3828 4463 4096 3813 3815 3892 4010 3838 3929 3549 3765 3964 4089 3862 3773 3778 3614 3981 3881 3832 3991 4059 3853 3901 3821 4229 3791 3919 3583 4315 3731 3789 3964 4127 4167 4079 3660 3981 4235 3885 3804 3957 3927 3725 3807 3932 3927 3340 4109 3674 4147 4038 4111 3829 3595 4257 3730 4191 3892 3920 3459 3828 4188 3832 4076 3858 4142 3472 4197 3805 3783 3882 3890 4046 3755 3793 4164 3875 4275 
4357 3748 4361 4066 4152 3936 4068 3914 4122 4481 3543 4474 3940 4250 4286 4412 4089 4300 4338 4403 4032 4206 3882 4191 4057 3912 4305 4212 4074 3757 4421 3845 3876 3908 4206 3985 3580 3878 3968 4102 4136 3587 3911 3959 4222 3939 3933 4151 4168 4143 3820 4368 4200 4218 4453 4019 4017 4324 4324 4291 4027 3907 4118 4050 4006 4177 4021 4136 3956 4193 3875 4086 4142 4125 4316 4243 3878 4186 4221 4319 4323 4402 3866 4313 4417 4003 4177 3788 4310 4136 4010 4080 4053 4179 3900 4159 4262 3926 4728 4207 3752 4119 4030 4121 3803 4524 3757 4657 3820 4210 4139 4235 3832 4156 3665 4280 4102 4228 3880 3955 4420 4000 4631 4216 4119 3760 3955 4071 4534 3970 3860 3939 4275 4289 3688 3823 4103 3977 4006 4255 4096 4356 4277 3965 4104 4102 4306 4207 3784 3831 4333 4079 3775 4194 4302 4173 4098 3816 4080 4071 4126 3819 4267 4098 3877 4098 3917 4080 3662 4229 3949 4148 4190 4224 4033 3965 4237 3937 4142 3930 3947 3503 4090 4425 3996 4088 4004 4125 3827 4000 4099 3834 3980 4270 4082 3999 4084 4351 4180 4362 
4212 3561 4080 3984 3731 3733 4040 3938 3896 4181 3588 4212 3465 4041 3963 3836 4009 4094 4120 4094 3676 3749 3637 4029 3790 3466 3773 3877 3957 3914 3684 3557 3815 3614 3954 3613 3496 3691 4031 3755 4012 3421 3779 3923 4127 3656 3807 3972 4211 3609 3713 3861 4150 3998 3921 3964 3875 3993 4086 3848 3540 3651 3926 4030 3716 3776 3764 3639 3768 3940 3663 4027 4279 3622 3808 3931 3426 3992 3942 4192 3983 4119 3668 3999 4146 3542 4079 3563 4198 3792 3674 3895 3934 4047 3620 3879 4340 3945 4409 3849 3745 4128 3591 4049 3500 4240 3484 3953 3728 4056 3649 4052 3831 3933 3416 3990 3911 3960 3602 4074 4312 4007 4219 4040 4173 3524 3740 4020 4172 3959 3805 3499 3841 4023 3557 3798 3735 3675 4018 3963 3776 4020 4046 3619 3736 3846 4106 3886 3679 3361 4288 3900 3492 3615 4108 3827 3906 3713 3908 3860 3902 3693 3565 3873 3555 3755 3721 3776 3169 3947 3620 3774 4027 3978 3664 3668 3923 3860 3901 3616 3794 3506 3698 3914 3719 4097 3686 4101 3662 3848 3777 3787 4028 3971 3997 3871 3550 3962 4061 4094 
4497 3779 4559 4119 3990 3952 4243 4473 4061 4480 4106 4432 4047 4279 4257 4346 4347 4427 4531 4428 3960 4393 4172 4425 4138 4160 4372 4327 4219 3968 4226 3834 3967 3993 4413 4254 3914 4200 4307 4084 4390 3951 3996 3992 4547 4245 4167 4463 4362 3922 3821 4303 4352 4533 4393 4391 4426 4220 4359 4243 3898 4057 4053 4468 4119 3971 4265 4029 4157 4312 3969 4313 4157 4023 4220 4129 3868 4488 4209 4605 4239 4167 4107 4547 4444 4185 4479 4008 4264 4045 4017 4306 4250 4332 3983 4189 4200 4070 4573 4231 3493 4232 4173 4205 3901 4619 3815 4438 3917 4413 4016 4342 4080 4120 3576 4285 4288 4442 4024 4067 4656 4167 4756 4244 4334 4193 4202 4225 4300 4278 3906 3948 4173 4313 4221 4012 3890 4199 4032 4177 4240 4400 4306 3962 4170 3950 4303 4388 4036 3980 4432 3827 4106 4357 4422 4215 4302 4081 4367 4391 4053 4026 4335 4335 3753 4123 4003 4101 3722 4264 4036 4247 4233 4331 3930 4034 4243 4070 4389 3885 4051 3673 4293 4349 3813 4295 4230 4424 3685 4279 4008 4139 4269 4456 4337 4069 4171 4472 4070 4247 
4339 3915 4331 4251 3913 3895 3901 4007 4172 4450 3842 4472 3773 4155 4140 4093 4028 4233 4134 4283 3867 4102 3826 4458 4130 3955 4256 3805 4201 3719 4146 3954 4017 3957 4022 3957 3584 4178 4009 3954 4024 3716 3924 4102 4274 3985 3788 4174 4022 3827 3591 4149 4187 4065 4378 4105 4020 3989 4224 4121 3966 3769 3932 4310 3877 4038 4235 4154 4059 4028 3986 4275 4153 3946 3819 4069 3712 3960 4085 4254 4153 4291 3864 4447 4487 3817 4230 3862 4279 3808 3943 4149 3948 4255 3987 4124 4413 4074 4462 4041 3800 4206 4127 4101 3696 4521 3514 4317 3849 4048 3950 3925 3928 3835 3640 4119 4309 4099 3739 4033 4406 4025 4439 3940 4026 3776 3901 3949 4340 4179 3853 3538 4181 4100 3997 4097 4062 3810 4030 4209 3906 4048 4109 3798 4153 3990 4285 4008 4061 3701 4268 3813 3838 4026 4332 4146 3948 3801 4084 4044 3864 3916 4142 3995 3864 3992 3662 4071 3531 3920 3866 3979 3981 4285 3934 3908 4346 3791 4151 3726 3917 3863 4265 4333 4066 4061 4080 4154 3752 3965 3994 3876 3916 4232 4080 3925 3887 4147 3885 4248 
4345 3946 4431 4123 4125 4179 4117 4300 4489 4731 3855 4574 3884 4470 4336 4310 4215 4353 4446 4464 4071 4404 4043 4371 4023 4083 4241 4207 4361 4142 4106 4014 3956 4030 4472 4035 3799 4050 4177 4018 4446 3973 4004 3779 4518 4070 4090 4315 4480 4082 3993 4408 4176 4271 4336 4327 4268 4425 4222 4152 3805 3967 4054 4537 4080 4219 4112 4074 4139 4354 4052 4272 4355 4248 4205 4257 3762 4499 4280 4662 4259 4377 3986 4560 4457 4024 4311 4041 4333 4069 4242 4437 4177 4404 3957 4206 4293 4091 4588 4403 3862 4346 4087 4407 3806 4605 3719 4321 4077 4539 4006 4306 3995 4290 3636 4355 4283 4287 4090 3940 4456 4268 4645 4538 4278 3968 4128 4272 4372 4285 4004 3856 4016 4487 4146 3885 4066 4085 4100 4261 4344 4375 4239 4247 3977 3945 4452 4148 4271 3873 4621 4344 3904 4093 4480 4288 4107 3882 4108 4324 4287 3981 4178 4283 3993 4264 3927 4069 3539 4541 4100 4224 4267 4296 3953 3996 4268 4150 4430 3928 3940 3614 4044 4448 3792 4339 4284 4620 3690 4142 4226 4125 4173 4268 4151 4176 4021 4132 4028 4655 
4691 3964 4600 4524 4044 4118 4235 4012 4179 4754 3930 4672 4059 4629 4489 4749 4318 4356 4622 4494 3997 4393 3917 4509 4356 4222 4340 4188 4610 4162 4209 4185 4426 4128 4382 4002 4148 4246 4416 4145 4300 3965 4176 4283 4446 4388 4163 4480 4519 4200 3986 4484 4292 4306 4624 4152 4284 4465 4588 4433 4296 4171 4313 4826 4310 4372 4529 4395 4151 4459 4168 4475 4280 4209 4350 4367 3889 4253 4401 4532 4551 4385 4104 4417 4656 4066 4380 4248 4326 4186 4095 4382 4459 4320 4134 4362 4496 4071 4594 4316 4223 4271 4251 4528 3988 4883 4010 4725 4023 4245 4161 4201 4316 4318 3665 4364 4374 4471 3906 4177 4964 4456 4784 4531 4465 4181 4076 4481 4435 4288 4292 4000 4450 4498 4286 4067 4434 4249 4351 4245 4148 4414 4550 4135 4128 3962 4338 4641 4157 3838 4676 3946 3987 4120 4517 4346 4438 4193 4459 4320 4255 4282 4415 4298 3821 4122 4113 4285 3814 4236 4088 4353 4103 4344 4057 4254 4362 4106 4420 4128 4006 3996 4297 4414 3900 4374 4297 4734 3993 4099 4276 4210 4340 4598 4346 4129 4265 4555 4345 4389 
4447 3807 4601 4299 3997 3973 4234 3992 4106 4443 3985 4504 3696 4220 4089 4169 4187 4261 4480 4360 3971 4212 3995 4090 4060 4296 4168 4136 4269 3985 4277 3894 4158 3956 4427 4139 3716 4283 4113 3826 4370 3854 4056 4120 4340 3877 3860 4111 4215 3958 3934 4135 4362 4492 4700 4204 4206 4292 4476 4136 4158 4055 4011 4606 3830 4125 3919 4132 3869 4244 4192 4242 4359 3934 4356 4082 3694 4073 4039 4304 4079 4186 4007 4296 4502 3937 4284 3884 4317 4112 3912 4075 4240 4328 3783 4336 4215 4091 4648 4297 3752 4371 3917 4084 3796 4455 3853 4392 3852 4204 4152 4189 4169 4227 3508 4121 4183 4172 3715 4018 4626 4165 4574 4199 4192 3921 4073 4154 4383 4232 3662 3717 4260 4351 3826 3978 4182 4106 4056 4233 3895 4409 4369 3954 4147 3908 4322 4052 4110 3877 4546 3806 3891 4080 4269 4278 4483 3927 4123 4378 3969 4043 4219 4234 3763 4198 3858 4399 3652 4296 3934 4053 4057 4333 4102 4035 4270 4160 4254 3937 3901 3499 4117 4363 4007 4303 4072 4085 3680 4116 3988 3901 4156 4288 4271 4117 3927 4337 4278 4210 
4472 3909 4766 4326 4254 4096 4491 4419 4424 4787 4045 4959 4191 4625 4480 4782 4471 4585 4508 4840 4283 4548 4097 4764 4605 4235 4545 4406 4616 4321 4297 3901 4249 4190 4607 4218 3831 4188 4463 4107 4528 4117 4302 4331 4690 4324 4073 4485 4252 3993 4287 4369 4511 4588 4438 4430 4449 4512 4477 4415 4239 4069 4241 4642 4317 4488 4500 4159 4242 4312 4495 4543 4601 4442 4255 4515 3918 4413 4619 4804 4577 4790 4284 4759 4865 4257 4489 4146 4641 4270 4206 4404 4389 4454 4200 4231 4557 4514 4687 4279 3999 4520 4581 4668 4051 4820 4103 4661 4014 4365 4231 4386 4313 4438 3698 4548 4431 4353 4185 4348 4868 4378 4948 4703 4427 4252 4220 4355 4567 4478 4065 3963 4656 4564 4162 4245 4241 4300 4428 4292 4341 4462 4505 4216 4392 4258 4547 4412 4329 4117 4663 4251 3924 4593 4484 4567 4586 3949 4443 4562 4295 4314 4456 4378 4077 4281 4264 4463 3893 4373 4205 4594 4409 4573 4311 4408 4384 4128 4797 4119 4206 3975 4522 4648 4238 4362 4122 4622 3957 4441 4443 4302 4295 4666 4465 4151 4242 4404 4156 4563 
4486 3681 4502 4238 3996 3902 4230 4047 4128 4396 3890 4376 3555 4140 4503 4137 3884 4322 4332 4194 3925 4279 3891 4226 4343 3913 4101 4040 4277 3852 4085 3840 4053 4050 4109 4134 3856 4078 4042 3853 4399 3619 4037 4245 4154 4045 3951 4333 4320 3877 3948 4135 4235 4127 4216 3790 4330 4457 4267 4261 3994 3979 3857 4471 4121 3711 4263 3790 4159 4340 4137 4358 4271 4255 4219 3894 3589 4128 3879 4416 4129 4086 3971 4248 4493 4062 4232 4052 4556 3844 4123 4259 4211 3920 3961 4162 4264 4228 4716 4232 3707 4112 4057 4077 3797 4540 3382 4415 3920 4239 3973 3954 4076 4101 3628 4397 4183 3992 3760 4115 4728 4080 4448 4204 4000 3820 4072 4265 4258 4265 3992 3893 4194 4212 3786 4061 3902 3847 3944 4301 4195 4235 4166 3918 4151 3876 4463 4291 4041 3894 4241 4017 4055 4108 4275 4053 4092 3792 4109 4073 3960 3995 4076 4138 3648 4066 3704 3963 3440 4107 4018 4203 4143 4350 4055 3836 4170 4128 4306 3964 3987 3769 4140 4351 3952 3875 3969 4435 3658 4271 4074 3862 4010 4183 4056 3805 3803 4504 4311 4553 
4495 3835 4289 4326 4175 4036 4245 4060 4222 4239 3826 4219 3918 4215 3965 4346 3905 4271 4529 4327 3816 4224 3955 4513 4085 4077 4240 3940 4263 3964 4172 4004 4066 4215 4303 3867 3647 4114 4158 3930 4335 3793 4031 4180 4426 4072 3775 4318 4422 4070 4178 4518 4395 4258 4491 4042 4252 4208 4287 4204 3949 3820 4013 4282 3917 4274 4448 4093 4081 4304 4160 4207 4224 3987 4099 4263 3711 4346 4007 4425 4175 4283 4025 4247 4418 4037 4409 3914 4244 3736 4343 4434 4002 4248 3987 4147 4328 4008 4705 4416 3917 4300 4041 4070 3846 4699 3674 4283 3814 4100 3859 4023 3950 4083 3880 4194 4188 4361 3852 4035 4690 4277 4414 4125 4392 3900 3782 4227 4195 4455 3958 3826 4219 4445 4117 4172 4152 4220 3994 4312 3981 4414 3974 4113 4047 3979 4412 4265 4308 3756 4416 4008 3725 3992 4214 4171 4162 3923 4166 4229 4088 4218 4287 4265 3921 4103 4174 4254 3677 4203 3879 4301 4239 4200 3808 4041 4246 4049 4343 3794 3811 3723 3752 4436 3780 4173 4104 4444 3808 4166 4236 3931 4410 4422 4300 3920 4015 4395 4423 4240 
4153 3798 4059 4006 4029 3952 3792 4052 3926 4277 3796 4268 3742 4226 4043 4071 3888 4220 4016 4126 3954 3845 3732 3930 3949 3734 4231 4075 4118 3807 4008 3723 3838 3848 4220 3812 3324 3892 3865 3812 4271 3756 4021 3994 4119 3580 3796 4139 4145 3921 3790 4012 4169 4234 4338 4024 3885 4143 4189 4201 3940 3875 3975 4273 3975 3840 3868 3989 3927 4142 4009 4088 3749 3739 4014 3972 3249 3853 3982 4280 4093 4111 3982 4002 4261 3854 3959 3885 4004 3829 3801 4294 4033 4125 3631 4001 4145 4040 4404 3870 3594 4210 4201 3983 3830 4432 3690 4109 3702 4001 3701 3938 4037 3952 3651 4186 4081 3989 3693 4025 4483 4152 4432 4230 4226 3638 3852 4089 4182 4091 3699 3743 3779 4153 3648 3763 3871 3919 3960 3975 3935 4035 4138 3791 3933 3874 4071 3955 3907 3627 4222 3641 3627 4135 4058 4071 4042 3720 3999 4119 3914 3935 3973 4172 3828 3894 3778 3907 3694 4093 3725 3964 3958 4412 3859 3888 3945 3751 4083 3669 3713 3516 3940 4199 3745 3849 4025 4194 3292 3892 4000 3694 3991 4103 4094 3881 3718 4057 3851 4188 
4683 4054 4631 4377 4061 4003 4316 4182 4432 4622 3998 4733 3991 4460 4472 4561 4195 4431 4589 4788 4453 4634 4152 4616 4347 4409 4433 4194 4526 4015 4309 4395 4309 4207 4310 4149 4135 4406 4347 4480 4604 4068 4095 4493 4718 4489 4395 4419 4673 4120 4010 4428 4314 4509 4685 4587 4573 4632 4511 4481 4433 4482 4195 4884 4362 4325 4410 4051 4224 4573 3998 4529 4358 4240 4462 4344 3892 4434 4431 4717 4422 4258 4242 4633 4720 3997 4568 4270 4489 4208 4378 4419 4591 4354 4314 4411 4528 4329 4839 4354 4008 4436 4383 4495 3828 4985 3926 4754 4121 4514 4292 4413 4030 4325 3671 4373 4457 4416 4165 4236 4713 4369 4853 4429 4469 4225 4453 4463 4486 4591 4102 4107 4630 4370 4484 4291 4393 4325 4319 4237 4394 4502 4479 4336 4549 4015 4542 4469 4351 4205 4703 4141 3984 4289 4557 4689 4297 4254 4311 4608 4388 4264 4656 4489 3895 4404 4161 4442 3983 4605 4350 4389 4296 4464 4112 3960 4372 4040 4511 4208 4371 3914 4343 4613 4140 4354 4253 4422 3880 4431 4018 4285 4181 4599 4253 4062 4145 4597 4349 4737 
4089 3768 3870 3834 3786 3809 3846 3775 3714 4078 3589 4121 3774 4040 3833 3844 3935 4054 4092 3898 3698 3937 3452 4112 3798 3676 3978 4072 4075 3642 3807 3587 3764 3744 3760 3779 3503 3703 3506 3806 4100 3583 3787 3911 4051 3791 3912 3860 3872 3505 3390 4098 3956 3986 3855 3979 4081 3974 4217 3915 3606 3445 3804 4148 3783 3898 3644 3816 3744 3994 3703 3955 3963 3696 3615 3828 3414 4055 3832 4239 4128 3752 3560 4392 4222 3734 3976 3470 4033 3768 3641 3992 3873 3954 3706 3838 3933 3819 4199 4137 3661 4053 3898 3989 3632 4248 3463 4009 3700 3923 3701 3969 3838 3706 3349 3923 3939 3956 3483 4004 4359 4047 4163 3918 3888 3953 3947 3862 3968 4059 3680 3500 3733 4202 3700 3768 3827 3551 3909 3783 3768 4011 4131 3740 3731 3614 3914 3948 4074 3449 4263 3612 3519 3707 4026 3809 3819 3590 3824 4059 3973 3692 3695 3873 3766 3824 3491 3856 3262 3827 3584 3985 3923 3970 3638 3712 3895 3546 3881 3489 3653 3540 3915 4036 3775 3752 3745 4203 3607 3889 3699 3763 3941 3943 3778 3662 3606 3939 3868 4156 
4287 3753 4345 4211 4215 3759 4162 4002 3903 4377 3689 4378 3803 4261 4203 4133 3876 4304 4265 4224 3823 4166 4063 4139 4135 3678 4084 3923 4073 3956 3942 3628 3974 3954 4011 3851 3556 4267 3979 4017 4266 3846 3850 4037 4246 3865 4025 4010 4301 3652 3663 4206 4414 4105 4384 3900 4082 4246 4475 3991 3882 3964 4075 4515 3965 3854 3954 3983 4153 4196 3860 4277 4169 3819 4052 3722 3528 4180 4272 4149 4447 4075 3808 4122 4467 3808 4454 4015 4227 3834 4168 4179 4271 4181 3766 4333 4255 4072 4375 4151 3748 4323 4151 4308 3634 4368 3932 4372 3845 4113 4099 3989 4194 4030 3534 4046 4133 4243 3625 3976 4611 4400 4537 4334 4301 3933 3928 4129 4263 4228 3985 3711 4120 4357 3924 3960 4044 3857 4010 3955 4005 4111 4161 3891 3967 3738 4249 4067 4070 3685 4339 3918 3640 3857 4258 4101 4093 3944 4349 3935 3939 3979 3998 4030 3727 4163 3804 3933 3544 4356 4110 4027 4039 4293 4017 3924 4072 4034 4189 3920 4179 3739 4157 4250 3857 4051 3922 4495 3627 3994 4069 4145 4037 4465 3943 3696 3877 4285 4005 4302 
4216 3925 4173 3948 3807 3744 3909 4012 4182 4317 3794 4545 3705 4142 4021 4160 4091 4161 4127 4148 4044 4097 3830 4023 3959 4034 4387 3909 4086 3951 4255 3964 3903 3961 4204 3784 3589 3743 3946 3826 4240 3793 3859 4066 4243 4020 4067 3979 4157 3826 4010 3991 4128 4051 4222 3958 4164 4117 4167 4034 3866 3857 4031 4517 4028 3998 3857 3914 3854 4151 3908 3984 4206 4048 3790 4206 3741 3995 3932 4501 4193 4248 3859 4317 4632 3831 4167 3822 4264 4061 3963 4382 3919 4013 3851 4053 4329 3912 4527 4026 3875 4169 4135 4248 3589 4520 3733 4512 3598 4133 3700 3887 3873 4060 3598 4037 4245 3925 3536 3892 4633 4165 4423 4106 4154 3942 3823 4112 4198 4104 4042 3622 4136 4443 3980 3945 3878 3946 3986 3972 3760 4172 4069 3946 3956 3627 4044 3989 4057 3660 4377 3873 3769 4184 4177 4183 4147 3636 4025 4126 3914 4023 4155 4062 3668 3997 3723 4233 3545 4014 3940 4047 3961 4143 3868 3533 4017 3949 4297 3769 3804 3353 4065 4085 3684 4255 4089 4060 3824 3843 3795 3964 3894 4089 3930 4023 3890 4066 3757 4248 
4679 4020 4585 4603 4361 4456 4338 4616 4628 4933 4139 4866 4009 4535 4422 4611 4424 4588 4677 4556 4287 4559 4061 4655 4533 4176 4339 4487 4471 4244 4154 3977 4428 4244 4426 4282 3996 4246 4644 4297 4529 3970 4088 4476 4480 4301 4350 4637 4786 4145 4197 4515 4177 4324 4588 4356 4374 4734 4503 4513 4039 4073 4387 4680 4474 4388 4320 4275 4312 4663 4406 4623 4472 4276 4290 4561 3938 4237 4341 4773 4757 4633 4268 4446 4577 4105 4156 4080 4659 4205 4336 4647 4355 4360 4339 4276 4685 4463 4859 4191 3927 4749 4438 4519 4106 4923 4101 4719 4178 4643 4326 4330 4166 4413 3926 4566 4327 4482 4242 4390 4819 4514 4937 4460 4425 4389 4451 4703 4747 4521 4149 3935 4465 4698 4110 4039 4164 4227 4302 4323 4238 4538 4419 4352 4533 4063 4300 4633 4294 4142 4807 4029 4183 4336 4604 4413 4482 4317 4336 4386 4358 4353 4279 4487 3982 4169 4279 4315 3976 4674 4165 4154 4419 4534 4150 4356 4477 4355 4624 4325 4296 4252 4370 4743 4029 4410 4310 4558 4120 4379 4558 4168 4303 4476 4540 4245 4143 4754 4367 4840 
4107 3734 4008 4069 4037 3873 4202 3904 4119 4216 3803 4438 3590 4122 4262 4252 3938 4333 4217 4137 3879 4126 3649 4073 3981 3953 4206 4008 4363 3973 3949 3722 3844 3725 4151 4051 3443 3739 4020 3807 4310 3840 4005 3673 4119 4001 3929 4050 4276 3428 3863 4123 3895 4049 4250 4012 4124 4242 4186 3986 3895 3722 3974 4331 4141 4011 4013 4012 3896 4196 3852 4163 3972 4076 3977 3922 3897 4176 3828 4329 4252 4036 3964 4191 4543 3949 4168 3713 4296 3966 3923 4271 4084 4198 3759 4125 4153 3832 4505 4231 3826 4249 4143 4117 3908 4568 3735 4319 3625 4203 3769 3920 3862 4181 3609 4255 4107 3981 3971 3857 4601 4180 4604 4223 4053 4008 3769 4157 4070 3924 3806 3721 3884 4388 3686 3914 3742 3928 3988 4054 3964 4051 3989 4310 4017 3779 4183 3952 3873 3806 4270 3741 3558 4040 4209 3926 3876 3703 4002 4172 4048 4048 4122 4374 3773 4020 3841 3992 3488 3960 3912 4193 4135 4104 3656 3713 4064 3820 4271 3940 3856 3607 3951 4235 3676 3902 3753 4213 3787 4099 3939 4060 3957 4019 3826 3824 3792 4302 3792 4152 
4391 3854 4259 3955 4186 3843 4059 4081 4027 4394 3824 4402 3982 4262 4242 4255 4115 4104 4218 4525 4111 4264 3971 4357 4194 3978 4013 4080 4136 3945 3843 3902 4100 3932 4261 3993 3656 4191 4187 3873 4373 3709 3873 4094 4242 4123 3846 4210 4379 3674 3914 4493 4111 4255 4350 3994 4173 4199 4291 4097 4106 3854 4076 4529 3915 3954 4201 3962 4156 4314 3660 4290 4101 3838 4241 4251 3529 4130 4075 4441 4399 4292 4059 4312 4314 3884 4180 3849 4060 3871 4190 4143 4095 4195 3731 4128 4154 3822 4387 4031 3815 4473 3871 4350 3832 4615 3868 4442 3842 4319 3782 4032 3936 3952 3525 4156 4161 4108 3741 3988 4337 4008 4664 4417 4303 4169 4228 4345 4258 4173 3841 3621 4271 4387 3938 3961 4074 3848 3751 3888 4233 4260 4106 4011 3984 3742 4272 4215 4283 3816 4352 3766 3911 3984 4324 3989 3901 4030 4104 4136 3989 4160 3935 4262 3733 4134 3776 4069 3588 4320 3944 3962 4124 4077 3919 3744 3954 3912 4339 3787 4028 3679 3995 4300 3817 4122 4091 4263 3785 4217 4149 3966 4028 4078 4185 3958 3941 4275 3845 4275 
4386 4183 4543 4137 3935 3782 4174 3877 4193 4578 3934 4395 3900 4247 4294 4440 4260 4374 4296 4606 4043 4372 4127 4470 4086 4159 4281 4185 4210 3772 3882 3814 3991 4060 4073 4285 3592 3971 4196 3979 4061 3891 4036 4203 4893 4110 3947 4231 4324 3752 3973 4320 4421 4428 4325 4124 4374 4498 4465 4157 4249 4002 4317 4483 3956 4157 4211 4178 3997 4307 4262 4386 4152 3885 4141 4302 3776 3991 4325 4631 4365 4229 4055 4368 4666 3816 4445 4044 4301 4015 3989 4171 4070 4354 4009 4159 4396 4080 4831 3910 3951 4390 4241 4319 3909 4749 3834 4413 3773 4564 3826 4004 3962 4160 3714 4319 4449 4258 3793 4077 4436 4050 4650 4636 4235 4036 3994 4093 4399 4259 3902 3698 4240 4339 4105 4091 4085 3903 4067 4240 4011 4311 4096 3899 4294 3862 4376 4205 4192 3923 4599 3795 4056 4050 4324 4379 3916 4156 4359 4302 4078 4146 4238 4348 3912 3776 3963 4369 3609 4234 3892 4221 3931 4352 3906 3960 4024 4129 4333 3898 4121 3493 4196 4265 4001 4461 4049 4297 3773 3973 3924 4112 4046 4388 4102 4142 4046 4193 4131 4296 
